Toledot Yitzchak, Bamidbar 1	@11איש על דגלו באותות @33כל דגל היה לו מפה צבועה תלויה שצבעו של כל אחד כגוון אבנו הקבועה בחשן בדגל יהודה גוון נופך. בדגל ראובן גוון אודם. בדגל אפרים גוון שוהם. בדגל דן גוון לשם. עוד צורות משונות זו מזו בכל אחד מהדגלים. בדגל יהודה צורת אריה שנאמר גור אריה יהודה. בדגל ראובן צורת אדם שנא' וימצא דודאים בשדה והם צורת אדם. בדגל אפרים שור שנא' בכור שורו בדגל דן צורת נשר וקבלה ביד חכמים שהגוף צורת נחש שנא' יהי דן נחש עלי דרך. והכנפים כנפי נשר שמורים רחמים שנא' כנשר יעיר קנו. ואלו הארבעה הם מרכבה דיחזקאל אדם אריה שור נשר ואלו היו דגליהם גדולים אבל לכל אחד מהשבטים דגל קטן. לשמעון צורת מבצר של עיר שכם. וצורה של דגל יששכר חמור שנאמר יששכר חמור גרם. צורה בדגל זבולון אניה שנאמר זבולון לחוף ימים ישכון. בדגל נפתלי צורת אילה שנאמר נפתלי אילה שלוחה. צורת דגל גד גדוד על שם גד גדוד יגודנו. צורת דגל אשר זית שנא' וטובל בשמן רגלו. צורת דגל בנימין זאב שנא' בנימין זאב. צורת דגל מנשה ראם שנא' וקרני ראם קרניו. וכל אלו עניינים נוראים לסודות נשגבים. ודע שבארון שלשה כיסויים כנגד הנבואה שהיא שלשה מדרגות רוח הקדש אספקלריא שאינה מאירה אספקלריא המאירה. והשלחן שלשה כיסויים כנגד המלכיות שהיו שלשה מעלות שופטים מלכי ישראל מלכי יהודה. והמנורה שני כיסויים תורה שבכתב ותורה שבעל פה. מזבח הקטורת שני כיסויים כנגד ישראל שהם שני מעלות יראי ה' ובעלי מלאכה שצריכים אלו לאלו דאלמלא עליא לא מתקיימים אתכלייא: 	NULL
Toledot Yitzchak, Nasso 1	@11איש איש כי תשטה אשתו ומעלה בו מעל ושכב איש אותה וגו' @33בענין הסוטה יש ספקות: 	Numbers 5:12-13
Toledot Yitzchak, Nasso 2	@11לא יצוק עליה שמן @33הטעם ארז"ל שלא יהא קרבנה מהודר עוד שהיא עשתה בחושך והשמן קרוי אור ונוכל לומר עוד שהשמן נמשל לשם טוב שנא' טוב שם משמן טוב וזאת אבדה שמה הטוב ועוד לפי שהשמן אינו מתערב בשום משקה וזאת נתערבה עם איש זר. ועוד לפי שהשמן עולה על כל המשקים והסוטה לא יאמר עליה ואת עלית על כלנה: 	NULL
Toledot Yitzchak, Nasso 3	@11ולא יתן עליו לבונה @33ארז"ל לפי שהאמהות קרויות לבונה שנאמר אל גבעת הלבונה וזאת פרשה מדרכיהן ונוכל לומר לפי שאם תכבס בנתר ותרבה לה בורית נכתם עונה ולא תתלבן ולכן לא יתן לבונה שהיא רמז ללבון עונות: 	NULL
Toledot Yitzchak, Nasso 4	@11בכלי חרס @33ארז"ל היא השקתה הנואף יין משובח בכוסות משובחים לפיכך תשתה מים מרים בקדירה בזויה של חרס ונוכל לפרש לפי שכלי חרס אינו יוצא מידי דפנו לעולם ואין לו תקנה אלא בשבירה כך זאת אין לה תקנה אלא במיתתה ולא יכופר העון הזה לה עד שתמות: 	NULL
Toledot Yitzchak, Nasso 5	@11ופרע את ראש האשה @33סותר קליעת שער ראשה כדי לבזותה מכאן לבנות ישראל שגלוי הראש גנאי להן ונוכל לומר לפי ששערות הבחורות נוי להם וכמו שאמרו אם יצתה בהינומא וראשה פרוע כתובתה מאתים ובמגלת שיר השירים שערך כעדר העזים והסוטה גלתה שער ראשה לנואף להראות לו יופיה לפיכך ופרע את ראש האשה מדה כנגד מדה: 	NULL
Toledot Yitzchak, Nasso 6	@11בתת ה' את ירכך נופלת ואת בטנך צבה @33לפי שחטאה עם הנואף באלו האיברים ונוכל לומר עוד לפי שהסוטה היא אפיקורסית שאיך איפשר שבאת לקבל מיתה ברצונה ומי הוא הסכל שממית את עצמו ברצונו אלא ודאי זאת האשה כחשה בה' ואמרה בלבה שאין כל זה הענין כלום ואם אחרות מתו הוא שנתנו להן סם המות ואם היו מסתכלות במה שנותנות להן לא היו מתות ושאין ממש בשם המפורש ולא בנסים ולכן הקב"ה שחופש כל חדרי בטן רצה שתצבות בטנה ששם מחשבתה הרעה וגם ירכה שבו באת לבהמ"ק להשלים מחשבתה הרעה ולז"א וצבתה בטנה ונפלה ירכה אמר בתחלה בטנה ששם מקור המחשבות ואח"כ ירכה: 	NULL
Toledot Yitzchak, Nasso 7	@11איש או אשה כי יפליא לנדור נדר נזיר להזיר לה' @33ארז"ל למה נסמכה פרשת נזיר לפרשת סוטה לומר לך שכל הרואה סוטה בקלקולה יזיר עצמו מן היין. כל מקום שאומר למה נסמכה הוא שמן הראוי לא היה ראוי לסמוך פרשה זו אצל זו וכאן ג"כ הוא שהסוטה קצה הרוע והעבירות והטומאה והנזיר קצה החסידות והטוב והקדושה ואין ראוי לסמוך הקדושה לטומאה ולפי שנראה שאלו הם קצוות אמרו במדרש שהיא עברה על י' דברות כדאיתא התם רב הונא אמר על י' דברות עוברין המנאף והמנאפת אמרו ליה תלמידיו על תשעה אנו מודים אבל חילול שבת כיצד אמר להם אנכי שהנואף אשת חבירו כופר בשם שנאמר כחשו בה' ויאמרו לא הוא. על לא יהיה לך האשה המנאפת תחת אישה תקח זרים והיא לוקחת תחת אישה שהוא הקב"ה שהוא ביניהם שאיש ואשה יה ביניהם ולזה אמר מנחת קנאות אחד לבעל ואחד לבועל לא תשא שהן נשבעין לשקר לא עשינו כך על זכור את יום השבת שלפעמים הבעל כהן ומתעברת אשתו מזר ויולדת בן בחזקת שהוא כהן מבער אש במקדש בשבת ומעלה עולות על כבד את אביך שמתעברת מנואף ותולה בבעלה והבן הוא לבעל בחזקת שהוא אביו ועובר בשוק ומכה ומקלל לנואף שאינו מכירו על לא תרצח שהורג הבעל לנואף על לא תנאף כמשמעו על לא תגנוב שגונב מקור חבירו שנא' מים גנובים ימתקו. על לא תענה ברעך עד שקר שמעידה עדות שקר ממך אני מעוברת לא תחמוד שחומד אשת חבירו ולוקח כל אשר לו שלפעמים מתעברת מהנואף ויולדת בן ומניח לו כל אשר לו ע"כ. ולזה אמרו למה נסמכה פרשת נזיר לפרשת סוטה שאחר שהסוטה עברה על כל י' הדברות והנזיר קיים כל עשרת הדברות ולא עוד אלא יותר ממה שכתוב בתורה קיים וא"כ למה סמך נזיר לסוטה שאפילו אחר המות אין קוברין צדיק אצל רשע וכ"ש בחיים ומי נתן כהן בבית הקברות והשיבו לומר לך שכל הרואה סוטה בקלקולה יזיר עצמו מן היין פירו' דרך מצוה שחייב להזיר עצמו מן היין בראות מיתתה מצד שתיית היין וגם הבועל מצד שתיית יין הרבה עשה זימה וגם כן הוא דרך טבע כמו שאמרו חכמי הרפואה בחשק בחור לבחורה שאמרו להסיר אותו החולי ממנו שיבקשו זקנה מכוערת בלי בושת כאחת הנבלות שתגנה ותוציא שם רע על החשוקה לבושה בלויי סחבות ותחת חיקה בגד משוח בדם הנדות ותקרב לפני החושק ותגנה אותה ותספר ברעתה ושהיא בעלת נתק ומשתנת במטה ושהיא בעלת כפיה ונופלת ותצא קצף מפיה ושבגופה מורסות רעות ויבלות ומומים רעים ושהיא מזוהמת בתכלית והנישום שלה באוש בריח הפה ואם בכל זה לא ישקוט החשק תוציא הזקנה הבגד הנמשח מדם הנדות לעיניו ויאמר כך היא חשוקתך וזהו שאמר הרואה סוטה בקלקולה יזיר עצמו מן היין שכשיראה ניוול גדול כזה ירך נופלת בשוק ובטן צבה וגופה חתיכות חתיכות תבטל ממנו תאות נשים והוא מעצמו יזיר מן היין כי יראה שהיא חמת מלא צואה ולזה בא העונש בפרט לצבות בטן ולנפיל ירך מלבד טעם רז"ל: 	Numbers 6:2
Toledot Yitzchak, Nasso 8	@11וכפר עליו מאשר חטא על הנפש @33אין מבואר בפסוק חטאתו כי מה חטא כי ימות מת עליו בפתע פתאום וכתב רש"י מאשר חטא על הנפש שלא נזהר מטומאת מת ר"א הקפר אומר שציער עצמו מן היין ע"כ ולא הבינותי זה שהנזיר ידוע הוא שאינו אסור ליכנס בבית שיש בה איש או אשה ואם מת האיש או האשה ההיא בפתע פתאום מה פשעו מה חטאתו שציוה עליו שיביא שתי תורים או שני בני יונה אחד לחטאת ואחד לעולה וכפר עליו מאשר חטא על הנפש ומי שמת פתאום מי יודע שימות שמה שיאמר עליו שהיה ראוי שיזהר מטומאת מת וגם לסברת ר"א הקפר שאמר שציער עצמו מן היין א"כ למה קראו קדוש שהחוטא אינו קדוש אלא הפכו. ונוכל להשיב שמצד אחד הוא קדוש ומצד אחר חוטא מצד נפשו הוא קדוש שהנפש שלימותה בשיבדל מתאוות העולם והגוף שלימותו בשלא יבדל מתאוות העולם בקצה אחרון אלא שיהיה באמצעות באכילה ובשתיה ויאכל בשר וישתה יין כראוי לבריאות גופו א"כ מצד הנפש המשכלת הנזיר נקרא קדוש ומצד הגוף נקרא חוטא ומה שאמר מאשר חטא על הנפש הגוף נקרא פעמים רבות בתורה נפש נפש כי תחטא אבל קשה לי על ר"א מצד אחר שא"כ שזה הקרבן שתי תורים או שני בני יונה הוא על שציער עצמו מן היין למה צוה זה הקרבן על כי ימות מת עליו בפתע פתאום דוקא והיה ראוי שיאמר כן בסוף הנזירות ולא כשמת מת עליו וצ"ע. ונראה לפרש במה שאמר הכתוב מאשר חטא על הנפש לפי שלפעמים כשנזדמן צדיק אצל רשע מת הרשע ואפילו אינו רשע גמור נעשה כאלו הוא רשע בערך צדיק גמור ירא אלהים וסר מרע ומת מיד כמו שאמר כי באת אלי להזכיר את עווני לזה אמר שזה שמת עליו פתאום הוא לפי שהנזיר קדושתו גדולה וכשנכנס בבית בעל הבית נזכר עון בעל הבית לפני הקב"ה ולכן מת עליו פתאום בסבתו ואע"פ שלא חטא הנזיר בזה שבעבור שהוא קדוש לא חטא אבל בעבור שמת בסבתו קרא לו חטא על הנפש אע"פ שלא חטא לפי שמי שמת בסבת אחר בענין אחר נקרא חוטא הושאל לכאן לומר עליו אשר חטא על הנפש ואחר שסוף סוף הוא סבת מיתתו צוה שיביא קרבן וזה דומה למתענה תענית חלום בשבת שמצוה שיתענה בשבת ואע"פ שהוא מצוה יתענה יום אחר על שביטל עונג שבת וכן הנזיר זכות גדולה היא לו אבל לפי שנמשך מזה שהרג את הנפש יביא קרבן: 	Numbers 6:11
Toledot Yitzchak, Nasso 9	@11כה תברכו את בני ישראל אמור להם @33לפי שהקב"ה נתן לכהנים כ"ד מתנות כהונה וברכת כהנים היא מתנה חשובה להם והם כמנין כ"ה ואמר אמור להם והיה ראוי לומר אמרו להם כמו שאמר לשון רבים כה תברכו ואמר לשון יחיד לומר חידוש אמור מניינו רמז והמלה אחד הם רמ"ח לומר שכמו שהחרם נכנם ברמ"ח אברים כן ברכת כהנים נכנס ברמ"ח איברים ואף ע"פ שבאמרו אמרו גם כן יש רמ"ח לא ידענו זה החידוש אלא בזה השינוי או ירצה אמור להם חוזר לישראל שיאמרו לכהנים שיאמרו ברכת כהנים ושאינם עוברין הכהנים בעשה אלא אם אמרו להם שיברכו וזה הוא שתרגם אונקלוס כד תימרון להון: יברכך השם וישמרך. יש לשאול מדוע ברכם בשלשה ברכות אלו ולא בשאר מיני ברכות שיש בתורה. והתשובה נפרש בהם פירושים. הפירוש הראשון אלו השלשה ברכות הם כנגד ג' עולמות הברכה הראשונה כנגד עולם המלאכים פירוש ישלח ברכה מעולם המלאכים ולזה אמר לשון ברכה שהיא תוספת טובה כמו שעולם המלאכים יש לו יתרון ותוספת טובה על שאר העולמות. יאר ה' כנגד עולם הגלגלים שמהם באה האורה לזה העולם שבהם שמש וירח וכוכבים ולזה אמר יאר ה' ישלח לך ברכה מעולם הגלגלים ויפתח ה' לך את אוצרו הטוב את השמים וגו' ישא ה' פניו אליך כנגד עולם השפל ולפי שזה העולם כאלו נברא בכעס ובמדת הדין שכולו דאגות ומיתות לזה אמר ישא ה' יסר ה' כעסו ממך וישם לך שלום ויהיה פניו כמו פני ה' חלקם. הפירוש השני אלו הג' פסוקים כנגד ג' נפשות משכלת חיונית צומחת כנגד נפש המשכלת שיש בה תוספת טובה על שאר הנפשות שהיא לבדה יש לה השארות יברכך השם וכנגד נפש החיונית שבלב אמר יאר ה' פניו אליך ויחונך לשון נפש חיונית ישא ה' פניו כנגד נפש הזנה שרוב החלאים הם מצד המזון ולזה אמר ישא ה' כעסו ממך וישם שלום מצד המזון והסיר ה' ממך כל חולי ואמר אלו ברכות לומר שהקב"ה יברך לאלו השלשה נפשות. הפירוש הג' יש ג' מיני ברכות שאנו מברכין בהם לשי"ת ברכות המצות ציצית ותפילין ברכות השבח כגון מי שילדה אשתו זכר וברך הטוב והמטיב וברכת שהחיינו. ברכות הנהנין כגון האוכל והשותה וברכות הריח. כנגד ברכות המצות שהם העיקריות יברכך ה' כנגד ברכות השבח יאר ה' פניו אליך וכנגד ברכות הנהנין אמר ישא ה' פניו אליך ולא יבואו לך חולאים מצד הנהנין ור"ל שבעבור שאנו מברכים לשי"ת באלו השלשה מיני ברכות יברך השי"ת לנו בשלשה מיני ברכות. פירוש רביעי שלשה דברים אדם דורש בזה העולם בנים בריאות כבוד כנגד הבנים יברכך ה' וזה הוא שאמר ז"ל יברכך ה' בבנים וישמרך בבנות שהבנות צריכות שימור כנגד הכבוד אמר יאר ה' פניו וזה הוא ויחנך שחן וכבוד יתן ה' ישא ה' פניו אליך וישם לך שלום שיהיו בשלום האיכיות הפועלים עם המתפעלים. פירוש חמישי כהן לוי וישראל לכהנים הנגשים אל ה' יברכך ה' תוספת טובה על לוים וישראלים ללוים שהם משוררים על הדוכן וצריכים חן ויחנך לישראל ישא ה' פניו אליך. פירוש ששי יש צדיקים ובינוניים ורשעים לצדיקים יברכך ה' לבינוניים שהשי"ת אין מסתכל בהם בפנים מאירות אף שמסתכל בהם יאר ה' פניו אליך לרשעים שאין מסתכל בהם כלל ופני ה' מביטים בארץ כדי שלא לראותו ישא ה' פניו אליך ירם פניו לעיין בך ולזה תקנו כנגד צדיקים אם טובים הם חזקם ואמצם כחלומותיו של יוסף הצדיק וכנגד בינוניים ואם צריכים רפואה רפאם וכנגד רשעים שראויין לקללה אמר וכשם שהפכת קללת בלעם הרשע מרעה לטובה. פירוש שביעי בפסוק ראשון ג' תיבות כנגד אברהם יצחק ויעקב שבזכותם יברכנו בפסוק שני חמשה תיבות כנגד חמשה חומשי תורה שבזכותם יברכנו. בפסוק השלישי שבעה תיבות כנגד שבעה רקיעים שישלח ברכה לנו משם. פירוש שמיני בפסוק ראשון שלשה תיבות כנגדן שלשה שעולים לקרוא בתורה. ובפסוק שני חמשה תיבות וכנגדן חמשה שעולים לקרוא בתורה ביום טוב. בפסוק שלישי שבעה תיבות כנגדן שבעה שעולין בשבת ולפי שאמר וישם לך שלום כדי שלא יריבו שבט לוי עם ישראל תקנו כך חשבון שבט לוי כמנין ישראל בכל שבוע לעלות לקרוא בתורה בשבת בבקר שנים משבט לוי כהן לוי ובמנחה שנים כהן לוי הם ארבעה ובשני בשבת שנים כהן ולוי וכן בחמישי בשבת שנים הם שמונה וכן קורין שמונה בכל שבוע מישראל חמשה בשבת בשחרית אחד במנחה אחד בשני בשבת אחד בחמישי בשבת הם שמונה משום דלא אתו לאנצויי. פירוש תשיעי אותיות שבפסוק ראשון חמשה עשר כנגד יה שמורה שהש"י הווה ובפסוק שני ך' כנגד היה שחשבונו ך' ובפסוק שלישי עשרים וחמשה אותיות כנגד יהי שחשבונו עשרים וחמשה לומר שהקב"ה הוא היה והוא הווה והוא יהיה. פירוש עשירי כל האותיות שבשלשה פסוקים הם ששים וזה הוא שאמר הנה מטתו שלשלמה ששים גבורים סביב לה וכי ממי היה מפחד שלמה אלא היא ברכת כהנים שהיה חקוק סביב למטתו והאותיות כגבורים וכולם כמו אחוזי חרב שאפילו חלם אדם שחותכים לו ירכו הולך ומשים עצמו כנגד הכהנים כשנושאים כפיהם ינצל ויבורך. וסמך ברכת כהנים לפרשת הנזיר לומר שלפי שנתקדש לה' והזיר עצמו מן היין ומיצר הרע יחולו עליו כל אלו הברכות: 	Numbers 6:23
Toledot Yitzchak, Nasso 10	@11ויהי המקריב ביום הראשון את קרבנו נחשון למטה יהודה וקרבנו קערת כסף אחת @33יש בזה ספקות: 	Numbers 7:12-13
Toledot Yitzchak, Beha'alotcha 1	@11את הנרות @33במדרש משל למה הדבר דומה למלך שהיה לו אוהב ואמר לו המלך אצלך אני סועד התקן לי מקום הלך והתקין כפי כחו כיון שבא המלך באו עמו שמשין וסנקליטין מכאן ומכאן ומנורות של זהב מכאן ומכאן כיון שראה אוהבו כל הכבוד הזה נתבייש והטמין כל מה שהתקין לו אמר לו המלך לא אמרתי לך שאצלך אני סועד ולמה לא התקנת כלום אמר לו אדוני המלך ראיתי כל הכבוד הזה ונתביישתי והטמנתי מה שהתקנתי א"ל המלך חייך שאני מניח את כל כלי שהבאתי עמי ואיני משתמש אלא בשלך בשביל אהבתך כך הקב"ה כולו אורה ומצוה לישראל לעשות לפניו מנורה ולהדליקה כיון שעשה משכן ומנורה ובאה השכינה מה כתיב שם ולא יכול משה לבוא אל אהל מועד מיד ויקרא אל משה ובבא משה אל אהל מועד לדבר אתו וישמע את הקול מדבר אליו ומהו הדיבור בהעלותך את הנרות אמר ישראל הקב"ה ברא חמה ולבנה שמאירים את העולם כולו והוא חפץ שנדליק לפניו נרות: 	NULL
Toledot Yitzchak, Beha'alotcha 2	@11ואתנה את הלוים נתונים לאהרן ולבניו @33בפסוק הזה ה' פעמים ישראל דרך חבה ומעלה וכבוד כאדם המזכיר בנו תמיד על כל דיבור ודיבור משל לתינוק שהלך לבית הספר ובא אביו לשאול עליו אכל בני שתה בני ישן בני הלך בני לבית הספר בא בני מבית הספר מזכירו על כל דיבור ודיבור דרך חבה וכן ענין המשכן שנזכר בתורה ה' פעמים וטעם ה' פעמים ישראל ומשכן כנגד ה' חומשי תורה שהוא קיום העולם שנברא בה"א: 	Numbers 8:19
Toledot Yitzchak, Beha'alotcha 3	@11נוסעים אנחנו אל המקום וגו' @33יש להקשות מה הוסיף מרע"ה פעם השנית שמה שאמר בפעם השנית והיה הטוב ההוא אשר ייטיב ה' עמנו והטבנו לך הוא מ"ש לו בפעם הראשונה והיה ראוי למשה שישתוק או שיפציר עמו או שיאמר לו טענה אחרת ולא שיכפול לומר לו הטענה הראשונה עצמה שכבר שמע אותה יתרו ולא רצה והרמב"ן השיב שבפעם הא' אמר סתם והטבנו לך ויתרו חשב שיתנו לו מן השלל כסף וזהב ולא יהיה לו נחלה בתוכ' וענה כי אל ארצי ואל מולדתי אלך כי שם לי נחלה והשיב משה והיה הטוב ההוא רמז לקרקעות ע"כ. וזה הפי' רחוק שאם כל תשובת יתרו אל ארצי אלך הוא ששם יש לו קרקעות היה ראוי שישיב משה בפי' ויאמר והיה כי יתן לנו את הארץ ניתן לך נחלה בה ולא ברמז והיה הטוב ההוא שהטוב ההוא איפשר שיפורש על טוב כסף וזהב ושלל ואע"פ שירמוז הטוב ההוא לקרקע יותר ממטלטלין בפי' היה ראוי לאומרו אחר שכל התלונה היתה זאת והנכון בעיני כי לפי שהיה נראה ממאמר מרע"ה שרצה לתת לו צדקה כמו שאומרי' לעני לך ואעשה לך טובה וזה נראה לשון לך אתנו והטבנו לך ויתרו חשש לכבודו ואמר למשה לא אלך שבארצי אני עשיר מכם כי שם יש לי עושר ונכסים וכבוד וקרקעות ואיני צריך צדקה לזה השיב משה אינו לצדקה רק בחיוב שנהיה חייבין לך כי על כן ידעת חנותינו במדבר כמו שפי' הרמב"ן כי מדעתך המדבר תהיה לנו לעינים בכבוש הארצות ותורנו הדרך אשר נעלה בה ועל זה הטוב שתעשה עמנו אני אומר והיה הטוב ההוא אשר ייטיב ה' עמנו והטבנו לך: 	Numbers 10:29
Toledot Yitzchak, Beha'alotcha 4	@11ויהי העם כמתאוננים @33ראוי לדעת מה הוא זה האוננות ונוכל לומר שלפי שמשה היה מתפלל קומה ה' וזה הרבה פעמים בכל מסע ומסע היה אומר וחשבו שכשיתפלל משה כך פעם אחד יספיק ושברגע יגיעו לארץ ישראל כאלו קפיצת הדרך וכמו שנעשה במסע הראשון וכשראו שנתארך הענין קצת אמרו הקב"ה אינו שומע כמו האיש החרש שיש סיתומים באזניו וזהו שאמרו רע באזני ה' חולי וסתום יש באזני ה' שאינו שומע והקב"ה שמע אבל לרעתם ז"ש וישמע ה' ויחר אפו. או יאמר שהיו אומרים כשיש להם כעס רע באזני ה'. וי"מ שחטא המתאוננים הוא שחשבו שהעולם קדמון וזה לפי שראו הרים גדולים בשמים והרואה אותם יחשוב שהם קדמונים ולזה אז"ל הרואה הרים וגבעות אומר ברוך עושה בראשית להוציא מלב הרואה שחושב שאותם ההרים קדמונים וז"ש בלעם כי מראש צורים כלומר קודם הצורים וההרים ראיתי להקב"ה ובלק חשב להטעותו לומר שהעולם קדמון ואחר שהוא קדמון לא יהיה לו יראה מהש"י וז"ש מן ארם ינחני בלק מלך מואב מהררי קדם פירוש שהגיד לו שההרים קדמונים ולכן ארה לי יעקב וזה אמר נגד תפלת משה שהיה אומר קומה ה' ויפוצו אויביך והיו המתאוננים אומרים שהקב"ה לא ישמע לתפלת משה שהעולם קדמון וזהו רע באזני ה' ולכן וישמע ה' זה המינות שהיו אומרים ונוכל לפרש שחטא המתאוננים הוא שנחמו לפי שיצאו ממצרים בעבור טורח הדרך וכמו שכתב רש"י שאמרו אוי לנו כמה ליבטנו בדרך ג' ימים שלא נחנו מעינוי הדרך ויחר אפו אמר אני הייתי מתכוין לטובתם שיכנסו לארץ מיד ולזה אמר ותאכל בקצה המחנה פי' כמו שמכין לפרה שאינה רוצה לילך מכין אותה באחוריה כדי שתלך לפנים וכן הקב"ה שרף בקצה המחנה פירוש באחורי המחנה לפי שהיו אומרים נתנה ראש ונשובה מצרימה: 	Numbers 11:1
Toledot Yitzchak, Beha'alotcha 5	@11ותשקע האש @33בזה יש ספק למה שקע ואמרו חז"ל נשקעה במקומה בארץ שאלו חזרה לאחד הרוחות היה שורף כל אותו הרוח. ויש להקשות א"כ היה ראוי שיכבה האש לא תשרוף או היה ראוי שתעלה למעלה כטבעה וצ"ע ואחשוב שכוונת השי"ת בשקיעה לפי שיהיה להם יראה ופחד מן האש ויאמרו אם אנו חוטאים תעלה האש מתחת הארץ כלפי מעלה בטבעה וישרוף אותנו שהקב"ה דרך נס מעכב אותה שלא תעלה למעלה ואם אנו חוטאים אין צריך הקב"ה לעשות נס להרע לנו אלא שיניח האש לטבעה והיא תעלה מאיליה ולכן נשקעה האש הפך טבעה כנ"ל והוא ענין חשוב מאד: 	Numbers 11:2
Toledot Yitzchak, Beha'alotcha 6	@11זכרנו את הדגה אשר נאכל במצרים חנם @33אז"ל אפילו תבן אין נותנין להם ואיך היו נותנים להם דגה חנם והשיבו חנם מן המצות. ונוכל לפרש שפרעה וכל עמו היתה כוונתם להמית היהודים דרך תחבולה שלא יהיה נראה שרוצים להרגם שנאמר הבה נתחכמה לו ודגה היא מעופשת שנאמר והדגה אשר ביאור תמות ובאש היאור קראו דגה על שם סופה אבל דג הוא החי שנאמר ויאמר ה' לדג ויקא את יונה אל היבשה ולז"א ויתפלל יונה אל ה' אלהיו ממעי הדגה ומזה אמר מבטן שאול שועתי שמעת קולי לפי שהיה מת שאחר שהשלים מינויו מת ומ"ש אח"כ ויאמר ה' לדג ויקא את יונה דג שני היה שהמת לא יכול להקיאו ולכן קבלו דג שני ובלעו ונצטוה להקיאו והיו המצריים נותנים להם במתנה הדגים הנבאשים לפי שימותו מצד העפוש שאפילו הדגים הטובים מתעפשים מהרה. ויתכן להתיר זה הספק באופן אחר והוא בשנקשה עוד מה קישור יש לדגה עם קישואים. והתשובה שידוע שירקו' מצרים הם גדולים ורבים מאד שנאמר כגן ה' כארץ מצרים ונילוס עולה ומשקה כל הגנות ונכנסים דגים רבים בגנות בעלייתו ואח"כ כשיורד הנהר נשארים ניצודים דגים הרבה מאד והיו כמו במכמורת שלא יכלו לצאת מן הגנות ונשארים שמה עם הירקות וז"ש זכרנו את הדגה אשר נאכל במצרים חנם שישראל היו חופרים הגנות והאילנות והיו לוקחים אותם חנם ולז"א את הקישואים וכו' שהדגים היו נשארים ניצודים את הקישואים ואת האבטיחים: 	NULL
Toledot Yitzchak, Beha'alotcha 7	@11ועתה נפשנו יבשה אין כל @33פי' אמרו גנות מן המן בשני דברים הא' שאלו הירקות מלחלחים אותם והמן מיבשם ואינם ישנים מצד היובש. הב' שמסמא עיניהם שהוא לבן וז"ש עינינו ואמר הכתוב שבשניהם לא אמרו אמת ליובש המן כזרע גד שהגד מלחלח ומיישן שהוא רפואה למי שלא יוכל לישן ועוד שטעמו כטעם לשד השמן שהוא לחלוחית רב כמו נהפך לשדי ועוד היה לח לפי שהיה טל מלמטה ומלמעלה כמונח בקופס' והטל מלחלחו וכנגד השני אמר אדרבה מחזיק הראות שעינו כעין הבדולח שהבדולח הוא ממין זכוכית שמשימים הזקנים בחוטם נגד העינים לראות בהם הגוונים. ואמר שטו העם ולקטו לפי שהם אמרו זכרנו את הדגה אשר נאכל במצרים חנם ומי שאומר אני זוכר שהיינו אוכלים חנם משמע מזה שעתה אוכל ביוקר ולז"א גם עתה אוכליהם חנם שאין צריכין אלא שטו העם ולקטו אין צריך אלא הלקיטה ואינן קונים אותו ואמר והיה טעמו כטעם לשד השמן ויש להקשות הרי אמר במקום אחר וטעמו כצפיחית בדבש ורז"ל השיבו שהיה משתנה לכמה טעמים ואיפשר לפרש שהכוונה הוא מעצמו היה טעמו כצפיחית בדבש אבל כשדכו במדוכה ובשלו בפרור והיה טעמו כטעם לשד השמן: 	Numbers 11:6
Toledot Yitzchak, Beha'alotcha 8	@11וישמע משה את העם בוכה למשפחותיו ויחר אף ה' מאד ובעיני משה רע @33ראוי היה שמה שחרה אף ה' מאד שגם למשה יהיה חרון אף ולא רע לבדו והתשובה שמי יאכילנו בשר יש בו אחד משני הבנות א' שהיה להם תאוה לאכול בשר השני שחוץ מן התאוה היו חושבים שאין יכולים בשי"ת לתת להם בשר וזהו שאמר מי יאכילנו בשר כלומר אין יכולת בשום נמצא ואף הבורא לתת להם בשר והקב"ה הבין האמת כמו שאמר אסף וינסו אל בלבבם לשאול אוכל לנפשם אמרו היוכל אל לערוך שלחן במדבר ולכן חרה אף ה' מאד שהיו מינים אבל משה לא הבין אלא פשט הענין שהיה להם תאוה לאכול בשר ואין להם ולזה בעיני משה רע לבד כך נראה לי והוא ענין חשוב מאד: 	NULL
Toledot Yitzchak, Beha'alotcha 9	@11כי יבכו עלי לאמר @33היה ראוי שיאמר כי בכו והתשובה שלא בכו עליו אלא איש לפתח אהלו לזה אמר אע"פ שלא בכו עלי אני יודע שזה הבכי עלי יבוא שיבואו לבכות לפני שכן דרכם ולפי שמרע"ה צוה לו הקב"ה שיאמר להם התקדשו למחר ואכלתם בשר והיה לכם לזרא שהוא סכין וישראל יתרעמו על משה לאמר אנו לא בכינו לפניך למה אתה בא אלינו בבשורה רעה לזה אמר כי בכיתם באזני ה' כלומר אמת שלא בכיתם לפני אבל בכיתם באזני ה' והקב"ה שלחני לומר לכם כן: 	NULL
Toledot Yitzchak, Beha'alotcha 10	@11ואם ככה את עושה לי @33אז"ל תשש כחו של משה כנקבה יש להקשות את כנוי לשי"ת. התשובה שהיה ראוי שיאמר אתה ולפי שתשש כחו לא היה לו יכולת לסיים ולומר אתה ואמר את. ואיפשר לפרש שכשהנשפע אינו מוכן לקבל השפע המשפיע אינו משפיע וא"כ כשתשש כחו של משה שהוא הנשפע נראה כאלו תשש כח המשפיע: 	NULL
Toledot Yitzchak, Beha'alotcha 11	@11ויאמר משה שש מאות אלף רגלי העם אשר אנכי בקרבו ואתה אמרת בשר אתן להם ואכלו חדש ימים הצאן ובקר ישחט להם ומצא להם @33בכאן יש ספק גדול איך קצר מרע"ה ידו של הקב"ה באמרו שלפי שהם רבים לא יוכל להספיק להם מבשר עד שאמר הקב"ה היד ה' תקצר. ורש"י ז"ל הביא תשובה לזה ממד"ר בשם ר"ש: 	Numbers 11:21-22
Toledot Yitzchak, Beha'alotcha 12	@11והמה בכתובים @33אז"ל במבוררים לסנהדרין ונכתבו כולן נקובי בשמות ועל ידי גורל לפי שהחשבון עולה לי"ב שבטים ששה לכל שבט ושבט חוץ משני שבטים שמגיע להם חמשה חמשה אמר משה אין שבט שומע לי לפחות משבטו זקן אחד מה עשה נטל ע"ב פתקים ועל שנים חלק אמר להם בואו וטלו פתקיכם מתוך קלפי מי שעלה בידו זקן נתקדש מי שעלה בידו חלק אמר לו המקום לא חפץ בך ואלדד ומידד היו ביניהם אמר זה לזה אין בזקנים הללו פחותים ממנו מוטב שנתבייש אנו ולא יתביישו הזקנים ועשו עצמן שיורין אמר הקב"ה אלו שנעשו שיורין תשרה עליהם רוח הקדש מיד ויתנבאו במחנה ולכן הוסיף להם השם כבוד גדול ששאר הזקנים לא נתפרשו שמותן והם נתפרשו ושאר הזקנים היו מתנבאין מרוחו של משה ולא מרוח השי"ת שנא' ואצלתי מן הרוח אשר עליך ובהם כתיב ותנח עליהם הרוח וכתיב כי יתן ה' את רוחו עליהם ושאר הזקנים פסקה נבואתם ואלו לא פסקה שנאמר ולא יספו ות"א ולא פסקן והזקנים נבאו על הדור ההוא ואלדד ומידד נבאו אף על הדורות אחרונים שאמרו ז"ל שנבאו על עסקי גוג ומגוג לדעת קצת החכמים ז"ל וא"ת מי הם אלו קבלה ביד הנביאים הראשונים כי אלדד ומידד היו אחי משה מן האב שידע עמרם ממשה אסור עריות שעתידה תורה לאסרתם ופירש מיוכבד דודתו ולקח אשה אחרת והוליד אלו שנאמר בוכה למשפחותיו על עסקי משפחותיו הנאסרים להם וזהו אלדד פירוש אין בו איסור דד שהיא דודתו וכן מידד וכי איסור דד יש בזה ואמרו כדשלח ר' הלל שהיה מארץ ישראל כתב לרב עמרם שראה קברם שכתוב עליהם אלדד ומידד אחי אהרן מן האב ולא מן האם: 	Numbers 11:26
Toledot Yitzchak, Beha'alotcha 13	@11ותדבר מרים ואהרן @33ראוי לדעת מה הוא הלשון הרע שדברו ורש"י פירש על אודות גירושיה כי אשה כושית יפת מראה פי' גרשה לאחד משתי סבות או לפי שהיא כעורה או לפי שמדבר הקב"ה עמו אם לראשונה יפה היא אם בעבור נבואה הלא גם בנו דבר ולא פירשנו מדרך ארץ ולפי זה הפי' נאמר שמה שדברו עתה ולא קודם לכן שמקודם לכן אמרו בטוב עשה שפירש ממנה בעבור שהיה משא כבד עליו לפייס לכל ישראל ולטרוח בדיניהם ובכל ענייניהם אבל עתה שמסייעין לו שבעים זקנים למה לא חזר להיות עם אשתו ועל זאת ההקדמה איפשר לומר שלזה אמר והאיש משה ענו מאד כלומר לא ראה מימיו אם היא יפה או כעורה ולב' אם יהיה נביאכם ולזה הפירוש העיקר חסר מן הספר שלא הזכיר הפסוק גירושיה אלא לקיחתה כי אשה כושית לקח ועוד למה לקח לשון כושית בעבור יפה שהוא הפך הכוונה וא"ת ע"ד סגיא נהור בלשון חכמים מצינו כן ולא בלשון הפסוק. ונראה שהלשון הרע שדברו הוא שאם היה חפץ ביפה היה לוקח ולקח שחורה דרך הוראה לומר שאין לו חשש מיופי אלא לקיים מצות פריה ורביה לבד ואמר הכתוב שאין כוונתו להוראה אלא בעבור האמת והאיש משה ענו מאד: 	Numbers 12:1
Toledot Yitzchak, Beha'alotcha 14	@11צאו שלשתכם אל אהל מועד @33יש להקשות למה קרא לשלשתן כיון שלא הוצרך רק לדבר לאהרן ומרים שלא דיבר עם משה ועוד למה אמר להם שיכנסו לאהל כיון שלא דיבר שם עמהם. ונראה שהכונה לפי שחשבו שהם שוים למשה שאמרו הרק אך במשה דבר ה' רצה הקב"ה להודיעם ההבדל שיש ביניהם וזה לא לבד בדבור שאמר שמעו נא דברי אבל אף בפועל ולזה צוה לכולם שיצאו אל אהל מועד והפרידם ממשה לומר שלא היו ראויים לשבת עמו במקום אחד ועוד שדיבר עמהם בפני עצמם ולא שיהיה הוא עמהם בדיבור בהיותם מחוברים שלשתן והפרידם לדיבור נראה שאינם ראויים לשדיבור אחד ידבר עם כולם ושיש הבדל גדול ביניהם בנבואה והוא מה שאמר להם בסמוך אם יהיה נביאכם כלומר אתם נביאים לישראל והוא ראוי להיות נביא לכם שהערך שיש לישראל עמכם יש לכם עם משה: 	Numbers 12:4
Toledot Yitzchak, Beha'alotcha 15	@11בכל ביתי נאמן הוא @33וכי שאר הנביאים היו גונבים מבית ה'. התשובה שגם כן נקרא נאמן בענין הסוד שנאמר ונאמן רוח מכסה דבר ויחזקאל מה שראה בבית ה' היה מגלה שנאמר נפתחו השמים ואראה מראות אלהים וארא כעין חשמל. וישעיה ואראה את ה' יושב על כסא רם ונשא וגו' וידוע שמשה ראה יותר מכולם ולא גילה דבר. או הכוונה שהנביאים היו רואים חידות כזכריה אינו אמת אותו המשל אלא הנמשל ממנו וא"כ אין יש נאמנות במשל עצמו אבל נבואת משה אין בה משל וא"כ נאמן בכל דיבורו ובדרושי תמצא ענין נכבד על הרק אך במשה ובענין ואביה ירוק ירק בפניה ובענו מאד: 	NULL
Toledot Yitzchak, Sh'lach 1	@11למטה יוסף למטה מנשה @33יש לשאול מדוע הזכיר במנשה למטה יוסף ולא אמר כן ביהושע בן נון שלא אמר אלא למטה אפרים הושע בן נון. ויש מפרשים הטעם לפי שכתוב ביוסף ויבא יוסף את דבתם רעה ולפי שגדי בן סוסי הוציא דבה רעה על הארץ לכן הזכירו בו למטה יוסף אבל יהושע שלא הוציא דבה רעה על הארץ לא יחס אותו ליוסף ואולי לזה שינה מרע"ה שמו ויקרא משה להושע בן נון יהושע יה יושיעך מעצת מרגלים שלא תוציא דבה שאתה מזרע יוסף או הכוונה יה יושיעך שלא יהרגוך המרגלים בעצתם הרעה וכמו שאמר ויאמרו כל העדה לרגום אותם באבנים: 	Numbers 13:11
Toledot Yitzchak, Sh'lach 2	@11אפס כי עז העם וגו' @33לפי שכתב רש"י החזק הוא הרפה סימן מסר להם אם בפרזים הם יושבים חזקים הם שסומכים על גבורתם ואם בערים בצורות הם יושבים חלשים הם לזה אמרו לו הסימן שנתת לנו אינו אמתי שהערים בצורות מאד ועם כל זה הם גבורים וגם ילידי הענק ראינו שם וא"ת כמו שאינו אמת חצי הסימן ג"כ אינו אמת חצי הסימן האחר שאם בפרזים יושבים חלשים הם לזה אמרו אינו כן שבחצי הסימן אמת דברת כי עז העם היושב בארץ שהם היושבים בערי הפרזות. ולפי שהעיר תלכד לאחד מג' סבות. האחד שיושביה חלשים. השני שהמבצרים אינם חזקים. השלישי בעבור ששומרי העיר אינם מסודרים כראוי לזה אמר לראשונה עז העם. לב' והערים בצורות גדולות מאד. לשלישי עמלק יושב בארץ הנגב והחתי והיבוסי והאמורי יושב בהר וגו': 	Numbers 13:28
Toledot Yitzchak, Sh'lach 3	@11ארץ אוכלת יושביה היא @33אפי' התושבים מתים בחלאים רעים כל שכן הגרים וא"ת לפי שהם זוללים ומשתכרים ורב אוכל ניר ראשים ויש נספה בלא משפט לזה אמר כל העם אשר ראינו בתוכה אנשי מדות מדות טובות יש להם. או הכוונה שהם גדולים מאד שצריך לשער אותם במדה: 	Numbers 13:32
Toledot Yitzchak, Sh'lach 4	@11לחמנו הם @33טבע המן יש להם שכשחם השמש ונמס והקב"ה נקרא שמש כי שמש ומגן ה' אלהים וזה הוא סר צלם שהסרת הצל הוא שזורח השמש וה' אתנו שהוא השמש ונמסו: 	Numbers 14:9
Toledot Yitzchak, Sh'lach 5	@11ושמעו מצרים כי העלית בכחך @33איך איפשר שיאמרו מצרים כן שהרי ראו כמה מכות וקריעת ים סוף. התשובה שחשבו שהקב"ה כל כחו הלך בגבורות שעשה במצרים וזה הוא כי העלית בכחך כלומר כל כחו נתן בהעלותם ממצרים וז"ש ואמרו הגוים מבלתי יכולת ה' להביא את העם הזה אל הארץ שחטם במדבר ולכן יגדל נא כח ה' עשה גבורות יותר מן הראשונות ואם לא יפורש כן קשה איך נתן חסרון בכחו שיגדל עתה: 	Numbers 14:13
Toledot Yitzchak, Sh'lach 6	@11והמתה את העם הזה כאיש אחד @33פירוש מי שהורג לאומה כמי שהורג לאיש א' הוא שלא נשאר שריד ופליט אבל מי שהורג לאומה כמו שרוצה להרוג לשני אנשים והורג איפשר שישאר שריד כמו שהרג אחד ונשאר אחד וזהו שאמר סלחתי כדבריך פי' שאמיתם כמי שרוצה להמית לשנים שהרג אחד והניח אחד וכן אהרוג לאבות ולא אהרוג לבנים ואם לא יפורש כן איך אמר סלחתי כדבריך ובסמוך אמר שיהרגם כולם אלא הכוונה כמו שפירשתי. ובפרשה זאת יש ספקות: 	Numbers 14:15
Toledot Yitzchak, Korach 1	@11ויקח קרח @33לא פירש הכתוב מה לקח ונאמר שהכוונה ויקח קרח ודתן ואבירם לבני ראובן שרוב חמשים ומאתים איש היו משבט ראובן שהיה בכור ואמר ויקומו לפני משה קרח ודתן ואבירם וגם חמשים ומאתים איש שאלו פתו להם. ובמדרש קרח שעשה קרחה בישראל בן יצהר בן שהרתיח כל העולם כצהרים. בן קהת שהקהה שיני מולידיו. בן לוי בן שעשה לויה לגיהנם. ודתן שעבר על דת ואבירם שאיבר לבו מלעשות תשובה. ואון שישב באנינות. בן פלת בן שנעשה בו פלא. בן ראובן בן שראה והבין: 	Numbers 16:1
Toledot Yitzchak, Korach 2	@11קריאי מועד @33שהיו נקראים אל אהל מועד אנשי שם שהיו יודעים שם המפורש ומכלל אלו היו י"ב נשיאים שהקריבו בחנוכת המזבח כתיב הכא נשיאי עדה קריאי מועד וכתיב התם אלה קריאי העדה נשיאי מטות אבותם: 	Numbers 16:2
Toledot Yitzchak, Korach 3	@11אל אלהי הרוחות @33ר"ל המושל בארבע רוחות העולם ולפי שהאבות קלסוהו באלהי השמים ואלהי הארץ שהם מעלה ומטה קלסו משה בארבע רוחות להשלים השבח בששה קצוות: 	Numbers 16:22
Toledot Yitzchak, Korach 4	@11חיים שאולה @33האחרון משבעה מדורי גיהנם שנאמר ישובו רשעים לשאולה ואז"ל לדיוטא התחתונה ואמר ישובו ולא אמר ירדו שאחר שנשרפין באש גיהנם חוזרים ומתחדשים כבתחלה לשיהיו נשרפין עוד וכן חלילה לדורי דורות וארז"ל שאול חציו אש וחציו ברד והרשעים קופצים שם מאש לברד ומברד לאש כההוא טייעא ששמע שהיו אומרים משה אמת ותורתו אמת ואנחנו בדאים: 	Numbers 16:30
Toledot Yitzchak, Korach 5	@11ואת כל האדם אשר לקרח @33לא הזכיר בליעת קרח והזכירה במקום אחר שנאמר ותבלע אותם ואת קרח וכן בקריעת ים סוף לא אמר אלא מרכבות פרעה ופירש דוד וניער פרעה וחילו בים סוף: 	Numbers 16:32
Toledot Yitzchak, Korach 6	@11אתם המיתם את עם ה' @33יש להקשות אחר שישראל היו חכמים וראו שמתו לסבת המחלוקת ר"נ נשיאים וקרח והאדם אשר לו ועבדיו שהיו הרבה מאד ודתן ואבירם שהיו גדולים בישראל ואלו הרשעים איך אמרו אתם המיתם את עם ה' יותר ראיה הם שואלים ממיתת מאתים וחמשים מלכים שהנשיאים הם מלכים שנאמר ונשיא בעמך לא תאור והוא המלך. ועוד מה מועילים השנים עשר מטות שאמר הקב"ה קח מאתם מטה מטה לא הועילו מיתת ר"נ מלכים ויועילו שנים עשר מטות עד שאמר הקב"ה והסירותי מעלי את תלונות בני ישראל. התשובה לאלו השני קושיות בשנדע מי הם החולקים ומה שאלתם ומה טענתם. והוא שנדע שיש ארבעה חולקים והם אחד קרח שני דתן ואבירם שלישית הלוים רביעית הבכורות ואלו אע"פ שהם ארבעה כתות שאלתם היתה אחת והוא שחפצים להיות כולם כהנים והטעם לכולם הבכורות היו רוצים להיות כהנים לפי שקודם עון העגל הבכורות היו מקריבים קרבנות שנאמר וישלח את נערי בני ישראל ויעלו עולות וגו' ואמרו ז"ל שהם היו הבכורות ובעון העגל הסיר הקב"ה מהם הכהונה ונתנה ללוים ועתה שואלים כהונה וחשדו למשה שבשביל שהוא משבט לוי לכן הסיר הכהונה מן הבכורות ונתנה לשבטו ולא שצוה כן הקב"ה והלוים שואלים שמאחר שהם משבט לוי וכולם בני לוי למה לא יהיו הם כהנים כמו אהרן ובניו שכולם משבט לוי וחשדו למשה שבעבור שאהרן אחיו עשה לו הכבוד הזה ודתן ואבירם לפי שהם בני ראובן וראובן הוא בכור השבטים וכיון שכן היה ראוי שיהיה כהן וחשדו למשה שחשבו שבעבור שיהושע נערו משבט יוסף הסיר הבכורה מראובן ונתנה ליוסף ואם יעקב עשה כן שנאמר ובחללו יצועי אביו נתנה בכורתו ליוסף היה לו למשה לתקן זה ויספיק העונש והעלבון שנתן לו יעקב עד זמן מרע"ה כי לא לעולם יריב וקרח היה שואל הכהונה משני טעמים אחד שהוא לוי כמו אהרן ועוד שהיה בכור שנאמר ובני יצהר קרח ונפג וזכרי ולא עוד אלא היה רוצה להיות כהן גדול במקום אהרן שאלו המאתים וחמשים אנשים מהם היו בכורות ומהם היו לוים שנאמר שמעו נא בני לוי המעט מכם כי הבדיל אלהי ישראל אתכם מעדת ישראל להקריב אתכם אליו וגומר ובקשתם גם כהונה רב לכם בני לוי ואם נאמר שכולם לויים אי אפשר שחמשים ומאתים אנשים כולם משבט לוי שלעולם נהגו בקדושה ויהדות מבעטים במשה רבן וכמו שהקשה הרמב"ן ועתה שדתן ואבירם נבלעו ראיה היא שאין ראובן כהן וכשנשרפו חמשים ומאתים איש ראיה שאין הבכורות וגם הלוים כהנים וגם כשנשרף קרח ראיה שאינו ראוי לכהן אע"פ שהוא בכור אבל עדיין נשאר שהבכורות ראויים לעבוד כמו לויים לא כמו כהנים שלפי שלקחו אומנות של כהנים שהוא להקטיר קטורת מתו אבל אם היה משה אומר לבכורות שיעבדו עבודת הלוים לא ימותו ואם יעבדו הלוים ויצא אש מהשם ותאכל אותם נראה שאפילו עבודת לויים לא היו ראויים ואמרו ישראל שכן היה ראוי שיעשה משה וכשיאכל האש אותם נראה שאין ראויים ללוים וכל שכן לכהנים וזהו שאמרו כל עדת ישראל שהם אביהם של בכורות אתם המיתם את עם ה' שהם הבכורות לכן צוה הקב"ה שהנשיאים יכתוב כל אחד שמו במטהו וגם אהרן יכתוב שמו בשם כל שבטו וכשיפרח מטה אהרן ולא יפרח מטה שאר השבטים מורה שאפילו ללויים אינם ראויים שאם היו ראוים היה פורח מטה כל שנים עשר שבטים שבשריפתם כבר הורה שאינם ראויים לכהנים ולהורות שגם אינם ראויים ללויים לא פרח אלא מטה אהרן ולא פרח להורות שהוא ראוי לכהן שבשלא נשרף במחתתו יורה שראוי לכהן אלא פרח בעבור שבטו שיהיו עובדים עבודת הלוים וכל הבכורות אינם ראויים שלא פרחו מטותיהם וזה הוא שאמר פרח מטה אהרן לבית לוי והותרו כל הקושיות. וזאת ראיה שהר"נ נשיאים היו בכורות ושאין כולם לויים שאם היו כולם לויים למה ילונו כל עדת בני ישראל לאמר אתם המיתם את עם ה' ומה להם שימותו משבט משה אלא ודאי היו בכורות רובן ולכן התרעמו כל ישראל שהיו בניהם. ובזה מתיישב כל זה הענין שהיה מבולבל מאד: 	Numbers 17:6
Toledot Yitzchak, Korach 7	@11והנה פרח מטה אהרן לבית לוי ויוצא פרח ויצא ציץ @33הרבה נסים נעשו בזה. אחד שהוציא שני פרחים האחד נפל בשגמל שקדים שכן הדרך השני נשאר לעולם וזה הוא שאמרו חז"ל שנגנז מטה אהרן בפרחו ושקדו וזה נס גדול. הנס השני שטבע שאר אילנות כשנכרתים מוציאים פרח מצד לחלוחית שבהן ואילן שקד כשנכרת מתייבש ואינו נשאר בו שום לחלוחית ולזה ראה ירמיה מקל שקד שאבד לחלוחית שבישראל. הנס השלישי במדרש שאלו השקדים היו מתוקים ומרים המתוקים מצד ימין המטה והמרים מצד שמאל וכשיהיו ישראל עושים רצונו של מקום היו הפרחים המתוקים של צד ימין לחים ושל צד שמאל כמושין וכשאין ישראל עושין רצונו של מקום היו הפרחים של צד שמאל לחים ושל צד ימין כמושין. והטעם שהוציא פרח רמז לבני אהרן שהם פרחי כהונה לומר כי מה' היתה זאת להם ויצא ציץ על אהרן שעליו ציץ נזר הקדש שקדים על הלוים השוקדים במקדש כל הימים לומר שהקב"ה שלח למשה כל אלו המינויים כי לא מלבו ומה שהקדים הפרח לציץ שכן התחילו בניו לעבוד כי בפרשת ויקרא כתיב בני אהרן ולא הוזכר עדיין אהרן: 	Numbers 17:23
Toledot Yitzchak, Chukat 1	@11ותמת שם מרים ותקבר שם ולא היה מים לעדה @33רז"ל נתנו סמיכות לפרשת מרים לפניה ולאחריה לפניה אמרו למה נסמכה פרשת מיתת מרים לפרשת פרה אדומה לומר לך מה קרבנות מכפרים אף מיתת צדיקים מכפרת. לאחריה ולא היה מים לעדה מכאן שכל ארבעים שנה היה להם הבאר בזכות מרים. ונוכל לתת לה סמיכות באופן אחר לאחריה והוא שמן הראוי היה שיבכו אותה בני ישראל בעבור שהיתה נביאה ובעבור שהיתה אחות אהרן ומשה וכ"ש הנשים שתצאן אחריה בתופים ובמחולות היה ראוי שיבכו אותה בכיה רבה וכמו שמצינו באהרן שבכו אותו כל בית ישראל ולמשה כל בני ישראל ולא עשו כן לכן בעבור שהיה להם כילות ממימי עיניהם ולא בכו אותה לכן עשה הקב"ה מדה כנגד מדה שלא יהיה להם מים לשתות ומה שסמכו רז"ל מיתת מרים לפרה לומר מה קרבנות מכפרים אף מיתת צדיקים מכפרת. יש לשאול א"כ היה ראוי שיסמכו לקרבנות של חטאת ועולה שהפרה אינה קרבן גמור ואע"פ שאמר בה שריפת החטאת. ונראה שכוונת רז"ל שמי שאינו עושה הרגש בנפשו במיתת הצדיקים אינו מכפר לו אבל צריך שיתאבל בלבו ויחשוב שמיתת צדיקים רעה גדולה לישראל ויכנע וישפיל גאותו ויהיה נחשב לעצמו כעפרא דארעא ולכן סמך מיתת מרים לפרה אדומה שצוה התורה ושרף את הפרה לעיניו את עורה ואת בשרה ואת דמה על פירשה ישרוף ואיש אשר כזה יכפר לו מיתת הצדיקים וכן כתב במדרש הזהר דהא דקרינן ביומא דכפוריא אחרי מות שני בני אהרן דמאן דמצטער על מיתת הצדיקים מעברין ליה חוביה: 	Numbers 20:1-2
Toledot Yitzchak, Chukat 2	@11וירב העם עם משה @33בא לספר בגנות העם שדרך הוא מי שיש לו תביעה עם אבל אינו תובעו עד שיעבור אבלו וימי בכיתו ואלו ותמת שם מרים ותקבר שם וירב העם עם משה: 	NULL
Toledot Yitzchak, Chukat 3	@11וירב העם עם משה ויאמרו לאמר ולו גוענו בגוע אחינו לפני ה' @33נראה שהמריבה עצמה היה ולו גוענו כי למה צוה לאהרן בענין קרח קח את המחתה ותן עליה אש ושים קטורת והולך מהרה אל העדה וכפר עליהם שיותר טוב למות במגפה או מיתה פתאומית מלמות בצמא ולכן אמר משה אם אתם תבואו לידי פעם אחרת אני אניח לכם שתמותו ולא אבקש מעצמי הצלה לכם ולכן בענין הנחשים השרפים לא התפלל עליהם מעצמו שאם כל כך חפץ יש להם למות ימותו מיתה משונה וכן אמר ויבא העם אל משה ויאמרו חטאנו כי דברנו בה' ובך התפלל אל ה' ואז ויתפלל משה אל ה' בעד העם ולא עוד אלא תפלתם לא קיבל לגמרי שהם אמרו התפלל אל ה' ויסר מעלינו את הנחש והקב"ה לא הסיר מהם הנחש שלעולם היו נושכים אלא והיה כל הנשוך וראה אותו וחי וזה הוא שאמר והיה אם נשך הנחש את איש והביט אל נחש הנחשת וחי שזה הלשון מורה עתיד אם היה נושך מכאן ואילך ולזה לא אמר והנשוכים הביטו אל הנחש וחיים ולא עוד אלא בעוד שנתעכב משה בעשותו הנחש היו הנחשים נושכים והיו מתים באופן שהנשוך ילך לבקש לרופא ולא שהרופא יבקש לחולה כמו שעשה משה באמרו קח את המחתה ותן עליה אש. ונוכל עוד לפרש שמה שאמר וירב העם עם משה הם ערב רב ולפי שהיה להם צמא גדולה ולבניהם ולטפם לזה אמר וירב העם עם משה ולו גוענו בגוע אחינו הם המצריים עצמם שטבעו בים סוף ואמרו עתה אנו מתים בצמא הלואי היינו מתים בשתיית מים הרבה כמו שמתו אחינו הנטבעים בים ולפי שיאמר משה אתם באתם מעצמכם אני לא אמרתי לכם לבוא לזה אמרו אמת הוא אבל למה הבאתם את קהל ה' שהם בני ישראל ונמשך לנו רעה מזה למות אנחנו ובעירנו שאם לא הייתם מביאים איתם לא היינו באים אנחנו ולזה אמרו ולמה העליתנו ממצרים שבמה שהבאתם את קהל ה' כאלו העליתונו ממצרים ולזה לא אמר למה העליתם את קהל ה' אל המקום הרע הזה ולזה אמר ויאמרו לאמר מהו לאמר אלא שהתחילו ברעה ובגנות לפי שישראל ישובו ויתרעמו על משה ואהרן כמו שאמר והאספסוף אשר בקרבו התאוו תאוה וישובו ויבכו גם בני ישראל ואמר למות שם והיה ראוי לומר למות פה אלא כוונתם לומר שאפילו שהקב"ה יתן להם מים עתה כשנכנס יותר במדבר הגדול והנורא שם נמות ולזה אמרו אנחנו ובעירנו ואם הם מתים מה תועלת יביאו להם בהמותיהם אלא לפי שערב רב אין הפרש ביניהם לחמוריהם שהיו מינים ואין מאמינים בה' לזה אמרו אנחנו מאמינים בה' כמו בעירנו שבהכנס יותר במדבר נמות ברעב ובצמא ובעירום ובחוסר כל ולא יוכל לתת לנו תאותינו: 	Numbers 20:3
Toledot Yitzchak, Chukat 4	@11לא מקום זרע ותאנה וגפן ורמון ומים אין לשתות @33הם לא היו מתרעמים עתה אלא מן המים והזכירו הפירות לפי שמי שיש לו צמא גפן או רמון משקיט לו הצמא לזה אמר אין לנו אפילו פירות להשקיט הצמא: 	Numbers 20:5
Toledot Yitzchak, Chukat 5	@11כה אמר אחיך ישראל @33ארז"ל מה ראה לומר כאן אחוה אלא אמר להם אחים אנחנו בני אברהם שנאמר לו כי גר יהיה זרעך ועל שנינו היה אותו החוב מוטל ליפרע אתה ידעת את כל התלאה לפיכך פירש אביכם מעל אבינו שנאמר וילך אל ארץ מפני יעקב אחיו מפני השטר חוב המוטל עליהם כדי להטילו על יעקב לבדו. ואיפשר לפרש שהאדם ראוי לרחם על אחר לאחד מארבעה סבות וכל שכן אם ישנן כל ארבעתן. הראשונה בעבור שהוא אחיו או דודו או בן דודו ולזה אמר כה אמר אחיך ישראל. השנית אם עברו עליו צרות רבות ראוי לרחם עליו שהאדם מדיני בטבע וגם יש לו רחמנות בטבע על מי שבאו עליו מכות גדולות וזה הוא שאמר אתה ידעת את כל התלאה אשר מצאתנו. השלישי לפי שיש לו חלק ויד במלך ולזה אמר ונצעק אל ה' וישמע קולנו. הרביעי לפי שהאדם שהולך לבית אחר ומתאכסן עמו ראוי שיעשה לו כבוד שנאמר כי על כן באו בצל קורתי וזה הוא שאמר והנה אנחנו בקדש עיר קצה גבולך. וגם מי שאינו רוצה שיכנסו אחרים לעבור בגבולו הוא לאחד משלשה סבות. האחד בעבור שישחיתו נחלתו לזה אמר לא נעבור בשדה ובכרם. השנית לפי שישתו מימיהם ולא ישאירו מעין ובור שלא ישתו ויהרסו אותו לזה אמר לא נשתה מי באר. השלישי לפי שילכו בנתיבות ויגזלו למי שימצאו בהם לזה אמר דרך המלך נלך לא נטה ימין ושמאל עד אשר נעבור גבולך: 	Numbers 20:14
Toledot Yitzchak, Chukat 6	@11במסלה נעלה @33עד עתה היינו שואלים ממך שנכנס במקומות ישוב עיירות ומדינות ועכשיו אין אנו שואלים אלא במסילה שהוא מעבר לרבים: 	Numbers 20:19
Toledot Yitzchak, Chukat 7	@11ויאמר לא תעבור @33לפי שעתה בפעם השני לא שאלו לעבור במדינות ועיירות ולזה לא אמר בי לומר שאפילו במסלה לא יעברו ואמר עוד וימאן אדום נתון את ישראל עבור בגבולו לומר שאפילו במדבר או דרכים ונתיבים שאינם מסלה לא נתנם עבור דרך שמה: 	Numbers 20:20
Toledot Yitzchak, Chukat 8	@11וידבר העם באלהים ובמשה וישלח ה' בעם את הנחשים השרפים @33הטעם ששלח בהם נחשים לארבעה סבות. האחד לפי שהנחש ספר לשון הרע על השי"ת כשהסית לאשה לאכול מעץ הדעת טוב ורע שאמר כי יודע אלהים כי ביום אכלכם ממנו והייתם כאלהים בונה עולמות וכל אומן שונא לחבריה וזה שדיבר לשון הרע יפרע מבעלי לשון הרע שהם כמוהו. השני לפי שהם התרעמו על המן שמשתנה לכמה טעמים יבא הנחש שאוכל מאכלים רבים וכלם נטעמים לו לעפר שנאמר ונחש עפר לחמו הרי אוכל ירקות ופירות אלא שהכל לו טעם עפר. השלישי לפי שהם חטאו בלשון יפרע מהם הנחש שיש לו ארס בלשון. הסבה הרביעי שזה המדבר היו בו נחשים רבים וגדולים כקורות בית הבד שנאמר המוליכך במדבר הגדול והנורא נחש שרף ועקרב ודרך נס לא היו נושכי' בעם והיו כמו בבית הסוהר וכשחטאו התיר האסורים וינשכו את העם וזה הוא שאמר וישלח ה' בעם פירוש התירם: 	NULL
Toledot Yitzchak, Chukat 9	@11ויאמר ה' אל משה עשה לך שרף ויעש משה נחש נחשת @33יש להקשות אחר שאמר לו הקב"ה עשה לך שרף למה עשה משה נחש וא"ת שהכל אחד למה שינה בלשונו והיה ראוי שיאמר ויעש משה שרף. והתשובה שישראל חטאו ב' עוונות. הא' שדברו באלהים הב' שדברו במשה ומשה נקרא מלאך שנאמר וישלח מלאך ויוציאנו ממצרים והמלאך נקרא שרף שנאמר שרפים עומדים ממעל לו הרי הקדמה אחת. הקדמה שנית שהקב"ה בשמים הכין כסאו והשמים מראיהם כנחושת ועל אלו השתי הקדמות אמר הקב"ה למשה שלי אני מוחל לכן עשה לך שרף וזה טעם לך אמר משה אני מוחל שלי אבל אעשה נחש נחשת לפי שחטאו כנגד הקב"ה ולזה ויעש משה נחש נחשת: 	NULL
Toledot Yitzchak, Chukat 10	@11אל תירא אותו כי בידך נתתי אותו. @33יש להקשות למה נתיירא משה מעוג ולא נתיירא מסיחון עד שהוצרך הקב"ה לומר לו אל תירא אותו ועוד שנצחון משה אינו בגבורה טבעית אלא בגבורה אלהית וא"כ למה נתיירא משה מעוג שגבורתו טבעית ולזה אביא בכאן מאמר ממסכת ברכות והוא דגרסינן פ' הרואה. הרואה אבן שבקש עוג לזרוק בישראל גמרא גמירי לה אמר עוג מחנה ישראל כמה הוי תלתא פרסא איעקר טורא בת תלתא פרסי ואשדי עליהון אזל עקר טורא בת תלתא פרסי ואייתיה על רישיה אייתי הקב"ה קומצים ונקבוה ונחת לצואריה בעא למישלפיה משכו שיניה להאי גיסא ולהאי גיסא והיינו דכתיב שיני רשעים שברת אל תקרי שברת אלא שרבבתה משה כמה הוי עשר אמין שקל נרגא בת עשר ושוור עשר מחייה בקרסוליה וקטליה. פירוש זה המאמר הוא שהאבות נמשלו בדברי הנביאים להרים שנאמר שמעו הרים את ריב ה' ריב את ההרים הביטו אל צור חוצבתם וביאר אחריו הביטו אל אברהם אביכם וכשבאו ישראל להוריש גוים גדולים לא בצדקתם רק בזכות אבות ומשמרו את השבועה דכתיב לא בצדקתך עד שהיתה מקטרגת מדת הדין כמו שבא במדרש על כן נתירא משה שמא תעמוד זכות אברהם לעוג והיא המחשבה שחשב עוג ואמר אחר שאין כח האומה הזאת עם ריבוי העם שמחניהם כשלשה פרסאות רק מצד זכותם ואני כבר קדמתי להם בזכות אברהם שנאמר ויבוא הפליט זה עוג א"כ הריני עוקר ההר ההוא מהם שהוא אברהם ואעזר בו להופכו עליהם והקומצים שבאו ונקבוהו להר משל לישראל שהם החגבים שכחם בלשונם וכמו שבא במדרש כלחוך השור מה השור כחו בלשונו אף ישראל כחם בלשונם רוצה לומר שבתפלותיהם ותחנתם עמדה להם זכות אברהם ולא סייעה את עוג רק נתהפכה עליו והיא שירדה על צוארו והקהה את שיניו ומפני שהיה עוג מלך חזק ומצד הטבע וכח הזרוע לא היה להם מעמד בפניו ועוד שזכות אברהם היה מן הראוי שלא תפגע בו על כן הוצרך משה בתפלתו לזכותו ולזכות השבטים ולזכות אברהם יצחק ויעקב והוא אמרו משה כמה הוי פירוש משה עשר הוא זכותו והנרגא שלקח רמז לזכות העם בכללו שהיו שם עמו ומפני שהיה שם עמו המשילם לכלי המושם בידו שהיה פועל בו ושוור עשר ר"ל זכות האבות ועל כן המשיל הענין למדלג שהוצרך לדלג אצל זכות האבות שכבר קדמוהו והיו בזמן למעלה ממנו ואח"כ ביאר למה הוצרך זה להכות אותו בקרסוליו ר"ל לבטל ממנו זכות שלשה פסיעות שפסע בקרסוליו בשביל אברהם ואמרם משה כמה הוי עשר כי כן היתה מדתו של מרע"ה כדאיתא בשבת ועל ידי כן לקח כל השיעורין בעשר ולא שיהיה צריך כאן לכל השיעורים האלו אלא מפני סידור המשל כי הוא ממשל עוג בקומה גדולה מאד עד שעקר הר של שלשה פרסאות ושמו על ראשו על כן המשיל גובה קרסוליו לשלשים אמה כי כן דרך המשלים לתפוס פרטים נאותים למשל ההוא וכן עקר ואייתי ברישיה ובעא למשלפיה כל אלו דברים נאותים לסדור המשל לא לזולת זה. ואמרו בברייתא הרואה אבן שרצה עוג לזרוק עליהם דע שמפני שהיה עוג גדול כח מאד וחסון הוא כאלונים עם היותו בא בזכות אברהם לדעתו לא נמנע מהיותו מתעסק לבוא עליהם בכחו הגדול והיה מכין אבן או אבנים גדולות לזרוק עליהם מה שלא היה כן בכח אחר משאר אנשי המין האנושי ואמנם עיקר בטחונו בנצחונו היה בזכות אברהם לפי שכבר ראה שנצחו עמים שלא בטבע ושנעשו להם נסים רבים בקריעת ים סוף וכו' אלא בעקרו ההר מהם חזר להיות נלחם עמהם בכח הזרוע והרואה אותם האבנים הגדולים יכיר מהם שאיש חזק ואמיץ כמוהו להיות בכחו לזרוק אלו לא היה מן הראוי להנצל העם במלחמה ממנו לולי שנעשה להם נס ועל כן הצריכו בראותו ברכת הנס ואשר יגלה לך זה שתמצא להם בברייתא אבן שרצה לזרוק עוג ובסיפור הענין קראו הר ואלו היתה האבן וההר דבר אחר או היה להם לומר כאן וכאן אבן או כאן וכאן הר אלא שהם שני עניינים האבן השנוי בברייתא היא אבן גדולה ממש וההר רמז לאברהם ובזה הותרו הספקות שמשה לא נתיירא מעוג בעבור גבורה טבעית אלא בעבור זכות הפסיעות ולא נתיירא מסיחון שלא היה לו זכות: 	Numbers 21:34
Toledot Yitzchak, Balak 1	@11וירא בן צפור את כל אשר עשה ישראל לאמורי. @33יש בזה הענין ספקות: 	NULL
Toledot Yitzchak, Balak 2	@11ויקם בלעם בבקר ויחבוש את אתונו @33יש בזה הענין חמשה ספקות: 	Numbers 22:21
Toledot Yitzchak, Balak 3	@11ויתיצב מלאך בדרך לשטן לו @33יש להקשות למה נתגלה המלאך ג' פעמים פעם אחת ותרא האתון את מלאך ה' וחרבו שלופה בידו ותט האתון מן הדרך ותלך בשדה ויעמוד מלאך ה' במשעול הכרמים גדר מזה וגדר מזה ויוסף מלאך ה' עבור ויעמוד במקום צר אשר אין דרך לנטות ימין ושמאל מה צורך ג"פ. והתשובה רז"ל אמרו זכות ג' אבות הראהו תחלה זכות אברהם ולא הועיל לו שהיה ריוח מכאן שזרעו פסול רובו ז"ש ותלך בשדה כלומר אמר בלעם או אתונו בעדו ריוח גדול יש לקללם ולא יועיל זכות אברהם לישראל בעד בני קטורה ולזה לא אמר כאן אשר אין דרך לנטות ימין ושמאל שהרבה ריוח יש. נגלה פעם שנית שהראהו זכות יצחק שאין רובו פסול אבל עכ"ז יש טענה לומר עשו פסול וז"ש במשעול הכרמים גדר מזה וגדר מזה ועכ"ז היה קצת מקום לעבור בזה הצד או בזה הצד אע"פ שהיה דחוק אותו המקום לעבור אבל לא היה דוחק כ"כ לשאין דרך לנטות ימין ושמאל. ובפעם ג' הראהו זכות יעקב ולא היה לו מקום להשמט שכל זרעו כשר כולו זרע אמת וז"ש אשר אין דרך לנטות ימין ושמאל או נאמר בשדה שיש דרך לנטות ימין ושמאל שאם ירצה לקלל זרע אברהם יקלל בני קטורה ולא באמצע שהוא יצחק ואם ירצה לקלל זרע יצחק יקלל מצד אחר שהוא עשו ולכן עמד במשעול שאין שם דרך אלא דחוק בצימצום ואחר כך במקום צר רמז לזרע יעקב שאין שם מקום לקלל כלל: 	Numbers 22:22
Toledot Yitzchak, Balak 4	@11גדר מזה וגדר מזה @33פרש"י סתם גדר של אבנים הוא וזה אינו כן שסתם קיר הוא מעפר ואמר ותלחץ אל הקיר אבל כוונת המדרש שאלו שני גדרים הם גלי אבנים שהקימו יעקב ולבן לשלא יעברו לרעה זה לזה ובלעם היה מזרע לבן הארמי וכמו שאמר מן ארם ינחני בלק ואז"ל אמר בלעם כמה טפש בלק שטלטלני ממקומי כדי לקלל העם הנקרא חלק ה' ואלמלא הם לא באנו לעולם שבזכות אברהם בא בלק מלך מואב מזרע לוט שנא' ויהי בשחת אלהים את ערי הככר ויזכור אלהים את אברהם וישלח את לוט מתוך ההפכה ובזכות יעקב באתי אני שלא היו ללבן בנים מתחלה אלא בנות שרחל רועה ומשהלך יעקב אצלו זכה לבנים שנאמר וישמע את דברי בני לבן וכן לבן אמר נחשתי ויברכני ה' בגללך ואתה אומר לי לקללם נמצינו שנינו כפויי טובה ע"כ הרי שבלעם מזרע לבן ובלעם בא לעבור הברית שאמר ויאמר לבן ליעקב הנה הגל הזה והנה המצבה עד הגל הזה ועדה המצבה אם אני לא אעבור אליך את הגל הזה ואם אתה לא תעבור אלי את הגל הזה לרעה ובלעם היה עובר הברית ולכן ותלחץ את רגל בלעם אל הקיר כענין חולדה ובור שלקה בעדיו שנא' יד העדים תהיה בו בראשונה וכן בלעם לקה בעדיו ונעשה חגר שנא' וילך שפי כלומר צולע כדאמרינן בוקא דאטמא דשף מדוכתיה וכן קוראים לו חז"ל בלעם חגירא: 	Numbers 22:24
Toledot Yitzchak, Balak 5	@11כי מראש צורים אראנו @33נראה שאלו הג' ברכות שבירך בלעם לישראל הם כנגד ג' אבות כמו שרמז לו בג' פעמים שנראה לאתון כנגד אברהם אמר כי מראש צורים אראנו פירוש אני מעיין בשרשי האומה הזאת ואני רואה ששרשיהם חזקים כצורים יגבעות והוא אברהם יצחק ויעקב והאמהות שאברהם נקרא צור שנאמר הביטו אל צור חוצבתם שהוא אברהם ואל מקבת בור נוקרתם והיא שרה וזהו שפירש אחריו והביטו אל אברהם אביכם ואל שרה תחוללכם כי אחד קראתיו ולפי שאברהם היו לו בנים בלתי הגונים זולתי יצחק וא"כ אם נעיין לרוב בניו אין לישראל זכות מצד אברהם לז"א הן עם לבדד ישכון כלומר אברהם ועמו לא תמנה אותם עם בני קטורה אלא כאלו הוא לבדד הרי שלא תמנה לאברהם עם בניו אבל נמנה אותו עם בני בניו והוא יצחק ומצד בן בנו עשו שהוא גוי גמור אין לישראל זכות מאברהם שהרי בן בנו פסול לז"א ובגוים לא יתחשב אברהם ועמו ישראל אבל תדע לך עם מי תמנה לאברהם עם בן בנו יעקב ובזה יהיה לישראל זכות מאברהם וז"ש מי מנה עפר יעקב תמנה לאברהם עם יעקב ואז יהיה לישראל זכות ויהיו רבים כעפר ואפילו רובע ישראל שהוא דגל אחד שד' דגלים לכל אחד ג' שבטים שהוא רביעית כל השבטים ולא לבד יהיה זכות לישראל מצד אברהם לעולם הזה אלא גם לעולם הנשמות תמות נפשי מות ישרים וגם לעולם התחיה שהוא אחרית העולמות יהיה אחריתי כמוהו הרי הברכה הראשונה כנגד אברהם והוא כנגד המראה הראשונה שאמר בה ותלך בשדה. והברכה הב' היא לא איש אל ויכזב ובן אדם ויתנחם יש אומרים לפי שהמתנדבים על ד' דרכים. א' שמתנדבים לתת ובשעה שמתנדבים ברבים אין כוונתם לתת אלא להראות לעם שהם נדיבים וכנגד זה אמר לא איש אל ויכזב ולז"א איש שמראה עצמו איש. השנית שמתנדבים ורצונם בעת ההיא לתת אבל אח"כ מתחרטים וכנגד זה אמר ובן אדם ויתנחם שיש להם לפרוע ומצד פחיתות מתחרטים ולז"א ובן אדם. הג' שמתנדבים ברצון טוב ואינם מתחרטים אבל עשה לו רעה האיש ההוא ואינו רוצה לתת לו לז"א ההוא אמר ולא יעשה אעפ"י שהאחר עשה לו רעה ולז"א בכאן לשון עשיה. הד' יש מתנדבים ורצונם לתת ואינם מתחרטים ולא עשה לו רעה אלא שאז היה להם ממון ואח"כ אין להם ואין בכאן חסרון אלא שבעת הקיום אינם יכולים לז"א ודבר ולא יקימנה. אבל לפי דעתי עם הדרך שאמרתי יהיה הכוונה אחרת והוא שזאת הברכה השנית היא כנגד יצחק והוא לפי שבעקידת יצחק נראה שהקב"ה שאמר לאברהם והעלהו שם לעולה ואח"כ אמר אל תשלח ידך אל הנער הוא אחד משני דברים האחד שהקב"ה היה שוחק עם אברהם כשצוה לו והעלהו שם לעולה ודרך שחוק אמר לו כן או שלא צוה לו אלא דרך האמת ואח"כ התנחם לז"א לראשונה לא איש אל שידבר דרך שחוק כנגד השנית אמר ובן אדם ויתנחם וא"כ נשארה קושיא למה צוה בראשונה דרך אכזריות והעלהו שם לעולה ואח"כ צוה דרך רחמנות שלא ישלח ידו אליו לזה השיב שהקב"ה שמדבר רעה אם יש תשובה או לסבות אחרות אינו עושה מה שגזר כמו הרשע שאומר לו הקב"ה שישוב בתשובה ולא ימות אע"פ שנגזר עליו מיתה אבל אם דבר טובה לעולם מקיים אותו הקב"ה אף ע"פ שישוב וירשיע וכן בעקידה הרע שאמר הקב"ה חזר בו אבל הטובה שאמר אל תשלח ידך זה נשאר קיים וז"ש ההוא אמר אמירה הוא לשון רכה מלשון את ה' האמרת והוא הטובה שהקב"ה גזר ולזה אמר ההוא לשון תמיהא וכי ההוא אמר ולא יעשה אבל אם דבר שהוא לשון קושי כמו ידבר עמים לא יקימנה ולפי שזאת הברכה כנגד יצחק אמר בה כן ורצה לכלול בדבריו ג"כ שמאחר שצוה לו הברכה הראשונה שהיא כנגד אברהם לא יתחרט ממנה וז"ש בסמוך הנה ברך לקחתי וברך ולא אשיבנה ורצה לומר שבזכות יצחק יברך אותנו. ולפי שיש שתי עניינים למנוע זה הא' עשו בנו הב' שאחר שנעקד והושם תחתיו איל נראה מזה שחייב מיתה שלכן צוה הקב"ה הקרבנות שאם חייב שחיטה או מיתה אחרת יביא שור או כשב במקומו לזה השיב לראשונה לא תעשה חשבון מעשו שהוא בעל עבירות אלא מיעקב בנו שלא הביט עון ועבירה ביעקב ולא ראה עמל בישראל ולכן ה' אלהיו עמו ואם האיל רוצה הקב"ה לשופר מלכות שממליכין לשי"ת בו וגם הוא שופר של גאולה שנא' ביום ההוא יתקע בשופר גדול וז"ש ותרועת מלך בו. וכנגד הראשונה שהוא יעקב ולא עשו אמר הקב"ה הוציא לישראל ממצרים לא לעשו שהוא רשע ולא רצה הקב"ה שיהיה בחברתו אלא אל מוציאם ממצרים ועוד שעשו הם מנחשים וקוסמים לפי שאינם חלק ה' וז"ש כי לא נחש ביעקב וגו' ולמה אין צריכים ניחושים לומר להם עתידות לפי שבעת שצריכים ישראל עתידות הקב"ה אומר להם עתידות בנביא או באורים ותומים כי הגוים האלה אל מעוננים ואל קוסמים ישמעו וגו' תמים תהיה כלומר לא יהיה לך חסרון מידיעת עתידות אלא שלימות מצד הנביאים שהזכיר בסמוך נביא מקרבך וגו'. וכנגד השנית שהוא שופר של מלכות ונצחון לאויבים אמר הן עם כלביא יקום וכארי יתנשא לא ישכב עד יאכל טרף ודם חללים ישתה. הברכה הג' היא כנגד יעקב שכולו שלם ולכן התחיל מה טובו אוהליך יעקב. ויש להקשות למה האריך בזאת הברכה יותר מהשתי ברכות הראשונות ונ"ל בזה ענין חשוב והוא שרצה לברך לכל י"ב שבטים או להזכיר מעלתם אמר כנחלים נטיו כנגד ראובן שלפי שאמר בו פחז כמים אמר כנחלים נטיו שהנחל שנוטה לכאן ולכאן לרוחב הנהר אינו הולך בפחז כגנות עלי נהר כנגד שמעון שאמר לו אחלקם ביעקב והדרך ממעט פריה ורביה וגנות עלי נהר עושות פירות רבות. וכנגד לוי כאהלים נטע ה' שמריחים ריח טוב כקטורת שלוי מקטיר שנאמר ישימו קטורה באפך. וכנגד יהודה שגבר באחיו כארזים עלי מים שהוא הגבוה מכל האילנות. וכנגד יששכר שהוא בעל תורה יזל מים מדליו ואז"ל התורה באה מן הדלים וזרעו של זבולון שהיא הצדקה שנותן ליששכר היא על מים רבים שהיא התורה שביששכר. וכנגד בנימין וירום מאגג שהוא שאול שהרג לאגג. ותנשא מלכותו הוא דן שנא' בו נחש עלי דרך דן גור אריה. אל מוציאו ממצרים כתועפות ראם לו כנגד יוסף שנא' בו וקרני ראם קרניו יאכל גוים צריו וגו' הוא נפתלי שנא' בו נפתלי שבע רצון ומלא ברכת ה' ים ודרום ירשה וכיון שיורש הכל לכן יאכל גוים צריו. כרע שכב כארי וכלביא מי יקימנו הוא גד שנא' בו ברוך מרחיב גד כלביא שכן מברכיך ברוך הוא אשר שנאמר ברוך מבנים אשר זהו דעתי בפרשה זו שהיו בה קושיות רבות וכבר הותרו כולם: 	NULL
Toledot Yitzchak, Pinchas 1	@11פינחס בן אלעזר בן אהרן וגו' @33לפי שמתו במגפה ארבעה ועשרים אלף ותעצר המגפה יהיו חושבים ישראל שלפי שמתו כ"ד אלף נעצרה המגפה לכן אמר הקב"ה למשה לא יחשבו כן שלא נעצרה אלא בעבור פינחס שבעבורו לא כליתי את ישראל בקנאתי. ואמר בן אלעזר בן אהרן הכהן לפי שיותר שכר ראוי מי שאינו רגיל במלחמה ולא בכלי המלחמה ולוקח הכלים ההם והורג לאויבי המלך ממי שרגיל ולז"א פינחס שהוא תלמיד חכם בן ת"ח בנו של ת"ח השיב את חמתי בשלקח רומח שלא היה מורגל לקחתו ואמר שנתן לו שני מיני שכר בעבור שתי דברים שעשה א' בקנאו את קנאתי בנקמו את נקמתי. הב' ולא כליתי בעבור הראשונה שעשה בעבודתי הנני נותן לו את בריתי שלום שהקב"ה נקרא שלום שנא' ויקרא לו ה' שלום וכנגד הטוב שעשה לישראל שלא כליתי אותם ראוי שיהיה כהן לעולם שבכהונה מכפר הכהן על ישראל עוד לפי שראה מרע"ה בישראל ע"ז וגלוי עריות ע"ז ויצמד ישראל לבעל פעור. עריות בבנות מדין שדומה לעריות עתה בא פינחס ושפך דמי' אולי יחשוב מרע"ה או ישראל שלא תהיה תקומה לישראל בשלשה עבירות היותר חמורות שבכל התורה לזה הודיע הקב"ה למשה ולישראל שלא נקרא זה שפיכות דמים אלא לדם קרבן והיה זה כפרה לע"ז וגילוי עריות שעשו. ואחשוב עוד שהטעם שנתן לו שלום לפי ששמעון ולוי היו אחים זה לזה יותר משאר האחים שנאמר ויקחו שני בני יעקב שמעון ולוי אחי דינה איש חרבו ואמר שמעון ולוי אחים ועתה בא פינחס שהוא משבט לוי ושבר האחוה שהרג לנשיא שמעון א"כ מכאן ואילך יהיה מלחמה גדולה בין שמעון ולוי לזה אמר הנני נותן לו את בריתי שלום וזהו טעם בריתי שבין שמעון ולוי היתה אחוותם וחברתם ואהבתם גדולה מאד עד שנראה כאלו ברית כרותה ביניהם: 	NULL
Toledot Yitzchak, Pinchas 2	@11ושם איש ישראל המוכה @33נתן עוד טעם למה נתן לו ברית שלום לפי שהיו המוכים גדולים וממשפחה גדולה והיה איפשר שיבא לידי סכנה וזהו שאמר ושם איש ישראל המוכה אשר הוכה זמרי בן סלוא נשיא בית אב לשמעוני ושם האשה המוכה וגו' ראש אומות בית אב וא"ת כבר מת ולא יירא ממנו במדין הוא: 	Numbers 25:14
Toledot Yitzchak, Pinchas 3	@11כי צוררים הם לכם בנכליהם @33מה נכלים הם אלו והטעם לפי שארז"ל בכל אסור להתלוצץ חוץ מע"ז שנאמר וכמריו עליו יגילו על כבודו כי גלה ממנו אל תיקרי כבודו אלא כבדו והפוער לפעור נראה שמבזה אותו ולכן אמרו המדינים אם נשלח להם ע"ז אחרת לא יעבדוה נשלח להם ע"ז שיהיה נראה להם שעבודתה בזיון ויעבדוה. ואחשוב עוד לפי שאמרו ז"ל שהמן נבלע באיברים ולזה אמרו ונפשנו קצה בלחם הקלוקל שלא היו צריכים לנקבים וחשבו כי הנה ימים באים וצבתה בטנם ויהיה להם חולי קולנ"ג וכן פירש רש"י שאמרו עתיד המן הזה ליפח במעיהם כלום יש ילוד אשה שמכניס ואינו מוציא ולפי שפעור יש לו סגולה שמי שפוער לפניו בא לו שלשול ויאמרו ישראל רופא גדול בא לנו לכן שלחו להם פעור שודאי יתחברו ישראל עמו וזהו ויצמד ישראל לבעל פעור וזהו בנכליהם אשר נכלו לכם על דבר פעור: 	Numbers 25:18
Toledot Yitzchak, Pinchas 4	@11ברית כהונת עולם @33כתב ר"א כי הכהנים הגדולים היו מבני פנחס ומלת אחריו לאות שמת ואינו אליהו ע"כ ואינה ראיה שאחריו ר"ל אחרי הסתלקותו: 	NULL
Toledot Yitzchak, Pinchas 5	@11בני שמעון בני גד בני יהודה @33ובאפרים הוסיף מלת אלה אלה בני אפרים למשפחותם ובני דן אלה בני דן לרמוז לעבודה זרה דירבעם דשני עגלים א' בבית אל וא' בבאר שבע לרמוז על אלה אלהיך ישראל: 	Numbers 26:5
Toledot Yitzchak, Pinchas 6	@11ולא נותר מהם איש @33ארז"ל ולא אשה שלא היו הנשים בגזרת המדבר ולזה נסמכה פרשת בנות צלפחד לפקודי ישראל שהאנשים היו שונאין את הארץ ואמרו נתנה ראש ונשובה מצרימה אבל הנשים מחבבות את הארץ שאמרו תנה לנו אחוזה: 	NULL
Toledot Yitzchak, Pinchas 7	@11בחטאו מת @33בלא בנים כמו שדרך לומר בעונות מת פלוני בלא בנים: 	NULL
Toledot Yitzchak, Pinchas 8	@11ואל בני ישראל תדבר לאמר @33היתה ענין נחלות על ידי נשים לפי שהן גרמו מיתה לעולם שהיא סבת הנחלות: 	Numbers 27:8
Toledot Yitzchak, Pinchas 9	@11עלה אל הר העברים הזה @33לפי שאמר לו הקב"ה דיני נחלות ואמר לו כן בנות צלפחד דוברות נתון תתן להם נחלה חשב אולי אכנס בארץ לתת להם נחלה לז"א לו הקב"ה עלה אל הר העברים ואמר יפקוד ה' אלהי הרוחות ואמר הרבה דברים אמר אלהי הרוחות ואמר עוד אשר יצא לפניהם ואשר יבא לפניהם ואשר יוציאם ואשר יביאם לפי שלא ימצא אלו התנאים אלא בו וכן לפי שהקב"ה אמר סדר נחלות אמר לפחות ישאר אחד מבני במקומי לז"א קח את יהושע איש אשר רוח בו למה שאמרת אלהי הרוחות ולתנאים שאמרת וסמכת את ידך עליו ועוד והעמדת אותו לפני אלעזר שיעזור לו זכותו ועוד ונתת מהודך עליו ועוד האורים והתומים יעזרוהו לזה ובזה יתקיימו כל התנאים שאמרת ולכן סמך לכל זה על פיו יצאו ועל פיו יבואו הוא וכל העדה ולז"א שתי פעמים כאשר צוה ה' אותו כאשר דיבר ה' ביד משה כלומר בעבור ההכרח עשה כן שכוונתו לא היתה אלא או הוא או בנו ולפי שאמר הקב"ה וסמכת את ידך עליו ואמר משה מאחר שרצונך זה אם אתה ביד אחד אני בשתי ידים ולז"א ויסמוך את ידיו עליו לשון רבים ופרש"י את ידיו בעין יפה יותר ממה שנצטוה שהקב"ה אמר לו וסמכת את ידך עליו והוא עשה בשתי ידיו: 	Numbers 27:12
Toledot Yitzchak, Pinchas 10	@11תשמרו להקריב לי במועדו @33תשמרו שיהיו כהנים לויים וישראלים על גביו מכאן תקנו מעמדות: 	Numbers 28:2
Toledot Yitzchak, Pinchas 11	@11במועדו @33בכל יום הוא מועד התמידים: 	Numbers 28:2
Toledot Yitzchak, Pinchas 12	@11את הכבש אחד תעשה בבקר וגו' @33תמיד של שחר נשחט במערב ושל בין הערבים במזרח ובמס' יומא שנים ליום כנגד היום והוא כנגד זריחת השמש בין בתמיד של שחר בין בשל הערבים. והטעם לפי שאז היו אומות העולם עובדים לשמש לכך בבקר נשחט במערב ובערב במזרח שבשניהם הפך מקום זריחתו: 	Numbers 28:4
Toledot Yitzchak, Pinchas 13	@11נסך שכר לה' @33פרש"י יין המשכר. וכתב הרמב"ן יין מגתו אם הביא כשר אבל שכר להוציא המזוג שהוא פסול: 	NULL
Toledot Yitzchak, Pinchas 14	@11ושעיר עזים א' לחטאת לה' @33אז"ל שאין מכיר בו אלא ה' שמכפר על טומאת מקדש וקדשיו שאין בו ידיעה לא בתחלה ולא בסוף ולזה נאמר בזה השעיר לה' שהוא שעיר ר"ח לה' ולא אמר כן בשאר שעירי המוספים. ופשוטו לחטאת לה' ולא ללבנה שבא זה השעיר לעקור אמונת עובדי הלבנה שהיו האומות בדורות ההם מקריבים קרבנות ללבנה בכל ר"ח לז"א בזה השעיר לה' שלא יחשבו שאנו מקריבים ללבנה כאומות: 	Numbers 28:15
Toledot Yitzchak, Pinchas 15	@11וביום הבכורים @33יש להקשות למה לא הזכיר בשעיר של עצרת חטאת כמו שהזכיר בכל המועדים בפרשה זו. תשובה לפי שעצרת זמן מתן תורה והיו ישראל כנולד בלא חטא. וע"ד הקבלה רמז לעצרת העולם שבו יבטל יצר הרע: 	Numbers 28:26
Toledot Yitzchak, Pinchas 16	@11וביום השני @33נאמר בשני ונסכיהם ובששי ונסכיה ובשביעי כמשפטם מ"ם יו"ד מ"ם הרי כאן רמז לנסוך המים מן התורה: 	Numbers 29:17
Toledot Yitzchak, Matot 1	@11וידבר משה אל ראשי המטות @33נסמכה זאת הפרשה לפרשת קרבנות המועדים לומר קרבנות המועדים שהוא דבר של קדושה חייבים ישראל לעשות אבל יש בענין חולין דבר שגם כן חייב לעשותו כל איש ישראל והוא אם נדר או נשבע לא יחל דברו ועוד לומר שגם השבועה בחולין הוא כאלו נשתנה לקדושה לפי שנדר או נשבע לה' וזהו טעם לא יחל דברו ופרש"י לא יעשה דבריו חולין ועוד לפי שלמעלה אמר אלה תעשו לה' במועדיכם לבד מנדריכם אמר ג"כ יש נדרי הדיוט שחייב לקיים אותם. והיה ראוי שיאמר וידבר משה אל בני ישראל ולמה אל ראשי המטות שהנדרים והשבועות לכל ישראל הם והטעם לומר שיחיד מומחה מתיר את הנדר וזהו ראשי המטות שהם המומחים אבל אם אין מומחה שיהיה לבני ישראל והוא שלשה הדיוטות. ועוד לרמוז שאין לגלות שיש התרה להמין העם שלא ינהגו בשבועות קלות ראש ואע"פ שא"א אלא לגלותו להם בא לרמוז חומר השבועה לומר שחומרת' גדולה כ"כ שאם היה איפשר להעלימו מהם ראוי לעשות כן: 	Numbers 30:2
Toledot Yitzchak, Matot 2	@11ואם הפר יפר אותם אחרי שמעו ונשא את עונה @33מכאן שהמחטיא את חבירו יהיה נענש כחוטא עצמו והוא פטור כי לא ידע ולז"א שאם הפר אחרי שמעו שאין הנדר מופר ואמר לה שהוא הפר ביום שמעו ועברה על הנדר הוא יענש ונשא את עונה: 	Numbers 30:16-17
Toledot Yitzchak, Matot 3	@11נקום נקמת בני ישראל אחר תאסף @33בעבור שאמר לא יחל דברו אבל אחרים מוחלין לו הנה שיש התרה לנדר וחשב מרע"ה אולי ג"כ יעשה הקב"ה התרה לנדר שאמר לכן לא תביאו את הקהל הזה אל הארץ אשר נתתי להם לזה סמך לזה נקום נקמת בני ישראל מאת המדינים אחר תאסף אל עמך. ובמדרש הקב"ה אמר נקמת בני ישראל ומשה אמר נקמת ה' אמר משה להקב"ה אלו היינו ערלים או עובדי ע"ז לא היו שונאים אותנו ועל מה שונאים אותנו על התורה והמצות א"כ הנקמה שלך לז"א נקמת ה' שהעומד כנגד ישראל כעומד נגד הקב"ה שנא' כי הנה אויביך יהמיון ומשנאיך נשאו ראש ומי הם על עמך יערימו סוד. ויתכן שהקב"ה אמר נקום נקמת בני ישראל על מה שחטאו המדינים כנגדי איני חושש כ"כ אבל על הרעה אשר עשו לישראל אני חושש מאד ולכן נקום נקמת בני ישראל ומשה אמר על הרעה שעשו לישראל אינם חוששים כ"כ אבל מה שחטאו לש"י חושש מאד ולז"א לתת נקמת ה' במדין: 	Numbers 31:2
Toledot Yitzchak, Matot 4	@11אותם ואת פנחס @33מה שלא הלך אלעזר אמר הקב"ה מי שהתחיל במצוה שהרג כזבי יגמור אותה. ואיפשר לפרש שבעבור שצור אביה של כזבי היה גואל הדם שהרג פנחס לבתו לכן צוה הקב"ה שהוא עצמו יהרוג לצור ועוד לפי שהקב"ה נתן לו את בריתו שלום צריך לשיהיה השלום נגמר שיהרוג אויביו שבזה יהיה לו שלום: 	NULL
Toledot Yitzchak, Matot 5	@11וכל אשה יודעת איש @33ראויה ליבעל ובמה ידעו לפני הציץ העבירו אותן הראויה ליבעל פניה מוריקות והיה ראוי שיאמר ועתה הרגו כל זכר בטף וכל אשה יודעת איש ומה צריך לומר פעם שנית הרוגו. התשובה אם היה אומר כן היה במשמע שלא יהרגו הזכרים בטף אלא מבן ט' שנים הראוי לביאה דומה דאשה יודעת איש לז"א הרגו כל זכר בטף אפילו תינוק בן יומו: 	NULL
Toledot Yitzchak, Matot 6	@11כל דבר אשר יבא באש תעבירו באש @33הכוונה הגעלה והזהיר כן במדין ולא בסיחון ועוג לפי שסיחון ועוג מלכי האמורי היא נחלת ישראל והותר להם כל שללם אפילו האסורים דכתיב ובתים מלאים כל טוב אשר לא מלאת וארז"ל קדלי דחזירי אישתרי להו אבל מדין לא היה שלהם ולא לקחו ארצם רק לנקום נקמתם הרגום ולקחו שללם ולכן נאסרו כליהם וכן מה שהזהירם בדין הטומאה ואתם חנו מחוץ למחנה ז' ימים כי במלחמת סיחון ועוג היו כל ישראל טמאים וטומאה הותרה בציבור וכן במכס אמר כאן והרמות מכס לה' ולא בסיחון ועוג מפני שהשלל הזה היה מנקמת ה' בארץ לא להם אבל בארץ סיחון ועוג לא נתנו לכהנים וללויים כלום אלא הוזהרו מהם שנאמר וחלק לא יהיה לך בתוכם אפי' בביזה: 	Numbers 31:23
Toledot Yitzchak, Matot 7	@11אצעדה @33כלי על הרגל שצועדין בו: 	Numbers 31:50
Toledot Yitzchak, Matot 8	@11צמיד @33לזרוע שנאמר ושני צמידים על ידיה: 	NULL
Toledot Yitzchak, Matot 9	@11עגיל @33באזנים: 	Numbers 31:50
Toledot Yitzchak, Matot 10	@11מקנה רב @33במדרש העושר כשבא מהש"י קיים ואי לא לא שני עשירים היו בעולם קרח בישראל והמן באומות העולם ושניהם אבדו וכן בני ראובן ובני גד היו עשירים וחבבו ממונם וישבו חוצה לארץ לפיכך גלו תחלה מכל השבטים: 	Numbers 32:1
Toledot Yitzchak, Matot 11	@11ויאמר אליהם משה אם תעשון הדבר הזה @33אמר כן לשני דברים א' לומר תנאי כפול שכל תנאי שאינו כפול אינו תנאי ועוד שמה שאמרו הם היו דברים ועדיין אין בזה קיום לזה רצה ליטול מהם קנין ולפי שהקנין לכל אחד יתארך הזמן לזה אמר בדיבור אחד נקח הקנין אם תחלצו לפני ה' למלחמה ואמירה לגבוה כמסירה להדיוט: 	Numbers 32:20
Toledot Yitzchak, Masei 1	@11ויחנו ברתמה @33על שם לשון הרע של מרגלים שנא' לשון רמיה חצי גבור שנונים עם גחלי רתמים וכשנסעו באותן מסעות ממחשבה רעה לטובה היתה מדת רחמים מרחמת עליהם וז"ש ויחנו בהר שפר ויחנו במיתקה ואם בהפך זה היתה מדת הדין מתוחה כנגדם וזהו ויחנו במרה בדפקה בחרדה: 	Numbers 33:6
Toledot Yitzchak, Masei 2	@11ומצרים מקברים את אשר הכה ה' בהם כל בכור ובאלהיהם עשה ה' שפטים @33יש להקשות למה אמר זה בכאן ולא שם במקומו כשאמר וה' הכה כל בכור התשובה לפי שכשהכה הבכורות לא ראו השפטים שעשה באלהיהם שכולם היו בוכים ומספידים בכוריהם כל הלילה אבל ביום שהלכו לקבור בכוריהם ראו שבאלהיהם עשה ה' שפטים לפי שבתי קברות שלהם היו בתי ע"ז ושם ראו שנשברו אלהיהם כמו דגון שאמר בו ודגון נופל לפניו ארצה וראש דגון ושתי כפות ידיו כרותות וזה רצה הכתוב להודיע לנו כאן: 	Numbers 33:4
Toledot Yitzchak, Masei 3	@11ולא תסוב נחלה לבני ישראל ממטה למטה @33זה הדין היה בדור ההוא לבד שצוה שם שאם ימות אדם מן היום ההוא עד שתחלק הארץ לשבטיהם ותהיה בתו יורשת אותו לא תינשא לשבט אחר שלא יבא האיש ההוא בעת חלוק הארץ לקחת לו נחלה בתוך מטה אחר כי הקפידא להם תהיה יותר גדולה בעת החילוק שלא יתערבו השבטים זה עם זה בנחלה כי לאחר כן כבר נודעה נחלתם ולא יקפידו כ"כ ובעבור שלא נודע זמן החילוק הזהיר בכל הדור: 	Numbers 36:7
