Toledot Yitzchak, Devarim 1	@11במדבר בערבה מול סוף בין פארן ובין תפל ולבן וחצרות ודי זהב @33ארז"ל שכל התוכחות האלו משה מפי עצמו אמרן וכן קללות שבספר הזה ועל זה יש ספקות:	Deuteronomy 1:1	
Toledot Yitzchak, Devarim 2	@11ואומר אליכם בעת ההיא @33לפי שאמר פנו וסעו לכם ובאו הר האמורי וגו' ראה נתתי לפניכם את הארץ באו ורשו את הארץ אשר נשבע ה' לאבותיכם והראוי לעם ההולכים למלחמה שיהיו כולם אגודה אחת בלב אחד כאיש אחד ולא יהיה ביניהם קטטה לפי שיהיו נוצחים ולא מנוצחים ואחר שישראל היו הולכים לכבוש ארץ שבעה עממים היה ראוי שיהיו בשלום ובמישור אלו עם אלו ולא עשו כן לז"א ואומר אליכם בעת ההיא לאמר לא אוכל לבדי שאת אתכם איכה אשא לבדי טרחכם ומשאכם וריבכם וזהו טעם בעת ההיא או שהיה הכוונה ואומר אליכם בעת ההיא לאמר לא אוכל לבדי שאת אתכם עתה שאתם ככוכבי השמים בריבוי אני אומר לכם לא אוכל לבדי שאת אתכם אבל כשיי' אלהי אבותיכם יוסף עליכם ככם אלף פעמים אז אתרעם מכם יותר שעתה אני אומר לא אוכל לבדי שאת אתכם ואז אומר איכה אשא לבדי טרחכם ומשאכם וריבכם. או יהיה הכוונה במה שאמר ה' אלהי אבותיכם יוסף עליכם ככם אלף פעמים לפי שמרע"ה נתרעם מהם באומרו לא אוכל לבדי שאת אתכם ולפי שכשהעם מועטים אינם מטריחין טורח גדול לשופט לז"א אתם רבים ובעלי מריבה שה' אלהיכם הרבה אתכם והנכם היום ככוכבי השמים לרוב ולפי שמזה נראה שהיה נותן בהם עין הרע לז"א ח"ו אלא יהי רצון מלפני השי"ת שעיני לא יזיק לכם אלא יהיה בהפך ה' אלהי אבותיכם יוסף עליכם ככם אלף פעמים ויברך אתכם כאשר דיבר לכם:	Deuteronomy 1:9	
Toledot Yitzchak, Devarim 3	@11ותענו אותי ותאמרו טוב הדבר אשר דברת לעשות @33גם זה מן התוכחות שהיה ראוי שיאמרו אין אנו חפצים בדיינים זולתך ואמרו טוב הדבר אשר דברת לפי שהיו חפצים דיינים קרובים או שכנים או אוהבים לשיעשו חפציהם וטעם לעשות לפי שלפעמים האדם ידבר דרך מוסר ולא לשיעשה כן וישראל חשדו למשה שלא אמר כן לפי שרצונו שיעשו כן אלא דרך מוסר לפי שחשב שיאמרו ישראל ח"ו אין אנו רוצים דיין זולתך לזה אמרו לעשות אנו רוצי' שכן תעשה כאשר דברת:	Deuteronomy 1:14	
Toledot Yitzchak, Devarim 4	@11שמוע בין אחיכם ושפטתם צדק @33לפי שהדיין יעוות הדין לאחד מה' סבות. הא' לפי ששמע לא' מבעלי דינים קודם שיבא בעל דין חבירו והטעים טענותיו לב"ד לז"א שמוע בין אחיכ'. הב' לפי שאוהב לא' מהם לז"א לא תכירו פנים במשפט. הג' לפי שא' מהם גדול זקן ונשוא פנים לז"א כקטן כגדול תשמעון הד' לפי שא' מהם רשע ואלם לז"א לא תגורו מפני איש. הה' לחסרון ידיעה בדין ההוא והדבר אשר יקשה מכם תקריבון אלי ושמעתיו:	Deuteronomy 1:16	
Toledot Yitzchak, Devarim 5	@11ותקרבון אלי כולכם ותאמרו נשלחה אנשים לפנינו @33הכוונה אחר שלקחתי ראשי שבטיכם ואתן אותם ראשים עליכם שרי אלפים שרי מאות שרי חמשים ושרי עשרות היה מן הראוי שכל דבר ראשיי וכל ענין עצמי יבאו הראשים והשרים לדבר אלי ואז יעשה הדבר כתקנו ולא יצא מהם דבר בלתי מתוקן ולא עשיתם כן אלא כאלו אין עליכם ראשים ושרים:	Deuteronomy 1:22	
Toledot Yitzchak, Devarim 6	@11ותקרבון אלי כלכם ותאמרו נשלחה אנשים לפנינו ויחפרו לנו את הארץ @33ומצד זה נשחת כל הענין ומה שאמר וייטב בעיני הדבר לומר אע"פ שעשיתם שלא כדין וכשורה אמרתי לכם טוב הוא לפי שהייתם אומרים כפי תלונותיכם אם לא הייתי חפץ במה שאמרתם כולכם שיש דברים בגו בענין הזה:	Deuteronomy 1:22	
Toledot Yitzchak, Devarim 7	@11ויאמרו טובה הארץ אשר ה' אלהינו נותן לנו. @33בזה יש ספק אמר ותקרבון אלי כלכם ותאמרו נשלחה אנשים לפנינו ויחפרו לנו את הארץ את הדרך אשר נעלה בה ואת הערים אשר נבוא אליהם פי' את הערים אשר נבוא אליהם תחלה שיהיו נוחים לכבוש והם השיבו טובה הארץ זהו טענו חטים והודה לו בשעורים. והתשובה שכל המרגלים אמרו טובה הארץ אלא שיהושע וכלב אמרו כן לכף זכות והאחרים אמרו כן לכף חובה שכוונתם לומר אתם שואלים מה הם הערים אשר נבוא אליהם תחלה אנו משיבים שהארץ טובה כלומר ענין הערים לא יועיל כלום שנמנע הוא לעלות שמה אלא אנו משיבים שהיא טובה לא עוד וזה אמרו דרך ערמה לא בנגלה אלא שהמשכילים יבינו עד שהשתיק כלב את העם ואמר עלה נעלה וירשנו אותה כי יכול נוכל לה אז אמרו בפי' לעיני כל ערמתם ותחבולותם ואמר והאנשים אשר עלו עמו אמרו לא נוכל לעלות אל העם כי חזק הוא ממנו שאע"פ שאמרו להם הטובה היא אם רעה אין הכוונה בזה אלא לשמח לישראל אבל העיקר הוא באיזה דרך נעלה והם השיבו לתפל ולא השיבו לעיקר דרך תחבולה וא"ת א"כ מה זה שאמר ולא אביתם לעלות ראוי היה שלא ירצו לעלות כיון שטענו חטים והודה לו בשעורים התשובה אמר להם משה אם לא שאתם רשעים ואינכם מאמינים בה' לא הייתם מבינים רשעת תשובתם והייתם דנים לכף זכות מאמר המרגלים וז"ש ותמרו את פי ה' אלהיכם. ובזה הותר ספק א' שהקשה הרמב"ן בפ' שלח לך שלא מצינו במרגלים עון שהם השיבו היטב ואמת לכל שאלות ששאל משה בשליחות ההוא ולא מצא עון להם אלא במלת אפס ובזה שפירשתי כבר מצאנו עונם חרות וא"ת הרי אמר שם וישיבו אותם דבר ואת כל העדה ויראום את פרי הארץ ויספרו לו ויאמרו באנו אל הארץ אשר שלחתנו וגם זבת חלב ודבש היא וזה פריה אפס כי עז העם וגו' התשובה כתבתיה שם שהרי בפי' אמר כאן וישיבו אותנו דבר את הדרך אשר נעלה בה ואת הערים אשר נבוא אליהם ויאמרו טובה הארץ אשר ה' אלהינו נותן לנו:	Deuteronomy 1:25	
Toledot Yitzchak, Devarim 8	@11ערים גדולות ובצורות @33ארז"ל דברה תורה לשון הבאי ויתכן שהכוונה ששרי מעלה הממונים על אותם העיירות לא הפילם הקב"ה עדיין על דרך יפקוד ה' על צבא המרום במרום ועל מלכי האדמה באדמה:	Deuteronomy 1:28	
Toledot Yitzchak, Devarim 9	@11ויקצוף וישבע לאמר אם יראה איש באנשים האלה הדור הרע הזה את הארץ הטובה אשר נשבעתי לתת לאבותיכם @33כלומר כל כך קצף הקצפתם לשי"ת עד שעשית' שנשבע שבועות הפכיות וראיה ודור רביעי ישובו הנה ויזכור אלהים את בריתו את אברהם וגם הקימותי את בריתי אתכם ואם תאמר איך איפשר זה התשובה שאחר שהרשיעו לא חלה השבועה על זה הדור ועם כל זה נתרעם משה עליהם שההמון לא ידעו להבדיל ולהבין איך השבועות אינן זאת הפכית לזאת וזהו שאמר הדור הרע הזה ועוד קיים השבועה בכלב וזהו טעם ולבניו לפי שיהיו רבים כמו שנשבע לתת לבני האבות ואם לא יפורש כן מה טעם ולבניו שהנה גם לבני הדור הרע נתן האדמה ועשה לכלב ולבניו לפי שהיה צדיק כאלו כולם דור אחד אחר שהוא ובניו צדיקים:	Deuteronomy 1:34	
Toledot Yitzchak, Vaetchanan 1	@11אל ה' ויתעבר ה' בי למענכם ולא שמע אלי @33יש בזה הענין ספקות:	Deuteronomy 3:26	
Toledot Yitzchak, Vaetchanan 2	@11לא תוסיפו על הדבר אשר אנכי מצוה אתכם ולא תגרעו ממנו וגו' @33ואמר בסמוך עיניכם הרואות את אשר עשה ה' בבעל פעור מה קישור יש לזה עם זה התשובה לפי שאמר ועתה ישראל שמע אל החקים ואל המשפטים ויאמרו ישראל המצות שהשכל גוזר ראוי לעשותם אבל החקים שאין בהם טעם מה צורך בהם אין בהם תועלת ונזק לז"א עיניכם הרואות את אשר עשה ה' בבעל פעור כי כל האיש אשר הלך אחרי בעל פעור השמידו ה' וזה נראה חוק ובלי טעם שהשכל גוזר שמי שיפער לפעור ראוי לתת לו שכר שביזה לע"ז והרי אתם רואים שהקב"ה השמידו וא"כ ראוי לשמוע אל החקים ואתם הדבקים וא"כ לא תוסיפו על הדבר ולז"א בסמוך כי מי גוי גדול אשר לו אלהים קרובים אליו וזה יעשה הקב"ה שישמע תפלתכם כשתעשו החקים ואם כן אין צריך טעם אחר לחקים אלא זה שאנו רואים שבעשותינו החקים ישמע תפלתינו בכל קראינו אליו ואתם הדבקים בה' אז"ל ישראל דבקים בה' אבל אומות העולם אינם דבקים באלהיהם פי שא"א להיות הדבר מזון אלא כשיהיה דומה לניזון המשל האבן א"א לזון האדם והבעלי חיים לפי שאינו דומה לאדם ולא לבעלי חיים אבל הלחם יש לו דמיון עם האדם וכן מזון הנפש הוא המושכל והוא מזונו כשהמושכל הוא אמיתי אבל אם אינו אמיתי אינו מזון לנפש ולכן אינו דבק לנפש אבל המושכל האמיתי הוא מזון לנפש ולכן דבק בו כמו שהמזון נדבק בניזון ונהפך לניזון וכן המושכל נדבק במשכיל ושב הכל אחד ולז"א ואתם הדבקים ישראל דבקים בה' לפי שהקב"ה אמת והמושכל נדבק עם המשכיל אבל הע"ז היא שקר ולזה א"א להיותה דבקה עם השכל ואם לא יפורש כן יקשה הרי כומרים רבים דבקים בע"ז מאד אבל אחר שהוא שקר אין אותו הדבקות אלא מצד הדמיון לא מצד השכל וז"ש ויצמד ישראל לבעל פעור אז"ל כצמידים פירוש שהצמידים אינם דבקים בזרוע אלא שכנים לזרוע וקרובים אליו וז"ש אתה ה' בקרב העם הזה:	Deuteronomy 4:2	
Toledot Yitzchak, Vaetchanan 3	@11ראה למדתי אתכם חקים ומשפטים כאשר צוני ה' אלהי לעשות כן בקרב הארץ @33אז"ל מה אני בחנם אף אתם בחנם בזה יש ספק למה אמר זה בכאן ולא אמר כן למעלה כשאמר הכתוב ועתה ישראל שמע אל החקים ואל המשפטים אשר אנכי מלמד אתכם לעשות והיה ראוי שיאמר שם כאשר צוני ה' אלהי ועוד שנראה שאלו הפסוקים מיותרים שמה צורך לומר ראה למדתי אתכם חקים ומשפטים הרי למעלה אמר ועתה ישראל שמע אל החקים התשובה שלמעלה דבר במצות שגם כן היה חייב משה לעשותם וללמדם וא"כ כיון שלמד משה מהקב"ה התורה בחנם ראוי שילמדם בחנם אבל בכאן שהיה מצוה להם המצות שיעשו בארץ ישראל כמ"ש לעשות כן בקרב הארץ ומשה לא יבא שם היה ראוי שיפרעו לו למוד אלו המצות יותר מהמצות שגם הוא חייב בהם ולז"א בכאן כאשר צוני ה' מה אני למדתי מן הקב"ה בחנם אף לכם אלמד בחנם ובזה הותר הספק הב' שאין כפול שבראשונה אמר שיעשו המצות יירשו את הארץ כמו שאמר ולמען תחיו ובאתם וירשתם את הארץ ועתה אמר המצות שיעשו בארץ ישראל כמ"ש כאשר צוני ה' אלהי לעשות כן בקרב הארץ:	Deuteronomy 4:5	
Toledot Yitzchak, Vaetchanan 4	@11ושמרתם ועשיתם כי היא חכמתכם ובינתכם @33יש בכאן ספק למה אמר רק רק ואמר רק עם חכם ונבון רק השמר לך מה מיעטו והתשובה שהאומות יכחשו המעמד הנבחר לפי שאומרים שא"א שיבוא נבואה לשום אדם שנמנע להדבק הנבדל מחומר עם החומרי וכ"ש אומה בכללה ולז"א ושמרתם ועשיתם החקים שהעמים לא יאמינו שהשי"ת צוה לכם רק שאתם חכמים ונבונים לסדר הדת הזה וטען כנגדם שתי טענות הא' כי מי גוי גדול אשר לו אלהים קרובים אליו אם החוקים והדת מצד חכמתכם אלא ודאי מאחר שהשי"ת שומע תפלתכם אינו אלא לפי שהדת והחוקים והמצות הם מהשי"ת. הטענה הב' הנה יש לאומות חכמות הרבה מדוע לא סדרו דת אחרת מצד חכמתם כזו ולפי שרושם יותר חזק ירשם בנפש המושג מן החוש מהמושג מההיקש כמו שתראה בלימודיות שמצד שלא ירשם בנפש התמונה השכלית הנה יציירה מבחוץ כדי שתהיה מושגת מהחוש אשר ירשם בנפש רושם חזק ולפי שלאמת מעמד הר סיני סדר הקשים וטענות האלו אמר אל תשען אל טענות הקשיות אחר שיש לך ידיעה מן החוש ולז"א רק השמר לך ושמור נפשך מאד פן תשכח את הדברים אשר ראו עיניך וכיון שראית בעיניך מעמד הר סיני אינך צריך לטענות האלה ולא לטענות אחרות:	Deuteronomy 4:6	
Toledot Yitzchak, Vaetchanan 5	@11קול דברים אתם שומעים ותמונה אינכם רואים זולתי קול @33וחזר לומר ונשמרתם מאד לנפשותיכם כי לא ראיתם כל תמונה ראוי לספק למה כפל זה ואמר אותו ב' פעמים. התשובה שמפני אחד משתי דברים איפשר שיחשב שיש שם גוף. הא' לפי ששמעו קולות וא"א קול אלא מצד גוף שהגוף פועל הקול וקול בלא גוף נראה שא"א ולז"א קול דברים אתם שומעים ועכ"ז לא היה שם תמונה ותמונה אינכם רואים זולתי קול. השנית כתיבת הלוחות ואין כתיבה בזולת גוף ולז"א ויכתבם על שני לוחות אבנים ועכ"ז ונשמרתם מאד לנפשותיכם כי לא ראיתם כל תמונה	Deuteronomy 4:12	
Toledot Yitzchak, Vaetchanan 6	@11כי תוליד בנים @33בכאן יש ספקות:	Deuteronomy 4:25	
Toledot Yitzchak, Vaetchanan 7	@11ושבת עד ה' אלהיך @33לא ירפך פי' לפי שהקב"ה מחזק לב אותם שהרשיעו מאד לשלא ישובו שנאמר ויחזק את לב פרעה השמן לב העם הזה אמר לא די שלא יחזיק לבך לשלא תשוב בתשובה אבל אפילו רפיון בלבך לשלא תשוב לא יתן לך ולא ישחית לבך ויתכן לומר עוד לקושיית ועבדתם שם אלהים אחרים שזה עון הוא ולא עונש תשובה מי שלקה ושנה מכניסין אותו לכיפה לזה אמר כי תוליד בנים ובני בנים ונושנתם בארץ ועשיתם פסל העידותי בכם היום כי אבוד תאבדון מעל הארץ והפיץ ה' אתכם בעמים וגם שם חוצה לארץ אני יודע שתשובו לעבוד ע"ז ותעשו עון גדול בהכרח או ברצון שאף ההכרח היה רצון אחר שחייבים לקדש את השם וזה הוא שאמר ועבדתם שם אלהים מעשה ידי אדם ואחר שעבדתם גם כן בין האומות ע"ז לא היה ראוי שתקובלו בתשובה ועם כל זה ובקשתם משם את ה' אלהיך ומצאת וא"ת איך איפשר לסלוח להם אחר שלקו ושנו ועוד שהתשובה היא מתוך צרה לזה אמר בצר לך ומצאוך כל הדברים האלה ושבת עד ה' אלהיך כי אל רחום שאל נא או הנסה אלהים ומי שעשה כל זה ג"כ יעשה זה שימחול ואמר להוריש גוים גדולים שגם אחר שנחטא חוצה לארץ נשוב לארצנו ונירש גוים כמבראשונה ולפי שיותר טוב הוא שלא יחלה האדם משיחלה ויתרפא לזה אמר מה תועלת לך לשתחלה ואחר כך תתרפא ושתלך בשבי חוצה לארץ ואחר כך תשוב לארץ יותר טוב שלא תחטא ותאריך ימים על האדמה לעד לעולם וז"ש וידעת היום והשבות אל לבבך כי ה' הוא האלהים וא"כ ושמרת את חוקיו ואת מצותיו אשר ייטב לך ולבניך אחריך ולמען תאריך ימים על האדמה ובזה הותר הספק וג"כ נקשרו אלו הפסוקים כולם קישור יפה:	Deuteronomy 4:30	
Toledot Yitzchak, Vaetchanan 8	@11ויהי בשמעכם את הקול מתוך החשך ותאמרו הן הראנו ה' אלהינו את כבודו ואת גדלו ואת קולו שמענו מתוך האש היום הזה ראינו כי ידבר אלהים את האדם וחי ועתה למה נמות אם יוספים אנחנו לשמוע את קול ה' אלהינו עוד ומתנו וגו' @33בזה יש שתי ספקות:	Deuteronomy 5:20	
Toledot Yitzchak, Eikev 1	@11והיה עקב תשמעון את המשפטים האלה ושמר ה' אלהיך לך @33יש בזה ספקות:	Deuteronomy 7:12	
Toledot Yitzchak, Eikev 2	@11כל המצוה אשר אנכי מצוך היום תשמרון לעשות @33יאמר אם כל המצות אשר אנכי מצוך היום תשמרון יהיה לכם יותר שכר משכר המשפטים שבשכר המשפטים יתן לך דגן תירוש ויצהר ובריאות אבל בשכר המצות יהיה לכם יותר שכר שתחיון וירשתם את הארץ שעיקר המצות בארץ וכן אחר שירשו את הארץ תהיה קיימת בידם בשכר המצות והביא ראיה לשכר המצות וזכרת את כל הדרך:	Deuteronomy 8:1	
Toledot Yitzchak, Eikev 3	@11ויענך וירעיבך @33בכאן יש ספקות:	Deuteronomy 8:3	
Toledot Yitzchak, Re'eh 1	@11את הברכה אשר תשמעו וגו' @33היה ראוי שיאמר את הברכה אם תשמעו שהברכה סבתה השמיעה אבל אין השמיעה עצמה ברכה ועוד שאמר והקללה אם לא תשמעו וכן היה ראוי שיאמר בברכה:	Deuteronomy 11:32	
Toledot Yitzchak, Re'eh 2	@11לא תעשון כן לה' אלהיכם כי אם אל המקום אשר יבחר ה' אלהיכם מכל שבטיכם לשום את שמו שם לשכנו תדרשו ובאת שמה והבאתם שמה עולותיכם וזבחיכם ואכלתם שם לפני ה' אלהיכם ושמחתם בכל משלח ידכם אתם ובתיכם אשר ברכך ה' אלהיך לא תעשון ככל אשר אנחנו עושים פה היום איש כל הישר בעיניו כי לא באתם עד עתה אל המנוחה ואל הנחלה אשר ה' אלהיך נותן לך ועברתם את הירדן וישבתם בארץ אשר ה' אלהיכם מנחיל אתכם והניח לכם מכל אויביכם מסביב וישבתם בטח והיה המקום אשר יבחר ה' אלהיכם בו לשכן שמו שם שמה תביאו עולותיכם וזבחיכם ושמחתם לפני ה' אלהיכם אתם ובניכם ובנותיכם ועבדיכם ואמהותיכם והלוי אשר בשעריכם השמר לך פן תעלה עולותיך בכל מקום אשר תראה כי אם במקום אשר יבחר ה' באחד שבטיך לא תוכל לאכול בשעריך מעשר דגנך ותירושך ויצהרך כי אם אל המקום אשר יבחר ה' @33הוא הר המוריה ומה שלא אמר בפי' אל הר המוריה לג' סבות אחד שאלו ידעו האומות שהתפלה מקובלת שם והקרבנות יבוא כל אומה להחזיק בו ותרבה ההריגה בין האומות שנית שהכנעני יושב הארץ אלו יודעים שעתידים ישראל לירש ארצם ולהקריב שם קרבנות היו משחיתים אותו ג' שהשבטים היו מריבין זה עם זה עליו:	Deuteronomy 12:4	
Toledot Yitzchak, Re'eh 3	@11באחד שבטיך @33ולמעלה אמר מכל שבטיכם הא כיצד כשקנה דוד הגורן מן ארונה היבוסי גבה הזהב מכל השבטים אבל הגורן בחלק בנימין היה וכן בדברי הימים שנאמר ויתן דוד לארנן במקום שקלי זהב משקל שש מאות וכתיב בספר שמואל ויקן דוד את הגורן ואת הבקר בכסף חמשים שקלים וסותר זה לשש מאות אלא שש מאות לי"ב שבטים נ' לכל שבט ונ' שאמר בשמואל בעבור שבטו שבט יהודה. ובאלו הפסוקים יש ספקות:	Deuteronomy 12:14	
Toledot Yitzchak, Re'eh 4	@11כי יסיתך אחיך בן אמך @33אפילו בן אמך שהיית עמו בבטן אחד ואז"ל אפי' בן אמו שאינו נוטל חלק עמו בירושה ואינו שונאו לא ישמע אליו וכ"ש בן אביו שנוטל חלק עמו ואולי שונא לו:	Deuteronomy 13:7	
Toledot Yitzchak, Re'eh 5	@11בנים אתם לה' אלהיכם @33נסמכה פרשה זו לענין עיר הנדחת לומר שאסור להתאבל עליהם איש על בנו ואחיו:	Deuteronomy 14:1	
Toledot Yitzchak, Re'eh 6	@11זאת הבהמה אשר תאכלו וכל בהמה מפרסה פרסה כל אשר לו סנפיר וקשקשת @33פירשתיו בסדר ביום השמיני:	Deuteronomy 14:4	
Toledot Yitzchak, Re'eh 7	@11כי יהיה בך אביון מאחד אחיך באחד שעריך בארצך אשר ה' אלהיך נותן לך לא תאמץ את לבבך ולא תקפוץ את ידך מאחיך האביון כי פתוח תפתח את ידך לו והעבט תעביטנו די מחסורו אשר יחסר לו השמר לך פן יהיה דבר עם לבבך בליעל לאמר קרבה שנת השבע שנת השמטה ורעה עינך באחיך האביון ולא תתן לו וקרא עליך אל ה' והיה בך חטא נתון תתן לו ולא ירע לבבך בתתך לו כי בגלל הדבר הזה יברכך ה' כי לא יחדל אביון מקרב הארץ על כן אנכי מצוך לאמר פתוח תפתח את ידך לאחיך לענייך ולאביונך בארצך @33באלו הפסוקים יש הרבה ספקות:	Deuteronomy 15:7	
Toledot Yitzchak, Re'eh 8	@11נתון תתן לו ולא ירע לבבך בתתך לו @33שיש אנשים שנותנים צדקה לקיים המצוה אבל עושים כן הפך רצונם לז"א נתון תתן לו ולא ירע לבבך בתתך לו לא אמר אל ירע לבבך לתת לו כמו שאמר ורעה עינך באחיך האביון ולא תתן לו אלא אמר ולא ירע לבבך בתתך לו וי"א שלפי שיותר טוב שיתן האדם אלף לבנים באלף פעמים משיתנם בפעם אחד לפי שכשנותן הרבה פעמים ומרגיל עצמו בכך קונה קנין הנדיבות וכן פי' הרמב"ם במ"ש התנא במס' אבות והכל לפי רוב המעשה. ואיך יודע שקנה האדם קנין הנדיבות וכן כל קנין כשעושה בשמחה זהו אות גמור לשכבר יש לו הנדיבות בקנין וכמו שנתבאר במקומו לז"א נתון תתן לו וכשתרגיל עצמך בנתינה אל ירע לבבך בתתך לו פירוש תתן בשמחה שבלא ספק כשתרגיל עצמך בה לא תתעצב בנתינתה אלא תשמח בה וכמו שאמר תחת אשר לא עבדת את ה' אלהיך בשמחה ועבדת את אויביך שלא יעד לו העונש על שלא עבד את ה' אלא על שעבדו שלא בשמחה ומ"ש כי לא יחדל אביון מקרב הארץ על כן אנכי מצוך לאמר הכוונה לפי שאמר כי בגלל הדבר הזה ואז"ל גלגל הוא שחוזר בעולם לז"א מאחר שהוא כן הגלגל קצתו למעלה לראשנו וקצתו כאלו למטה והסבה שהעני עני הוא העשיר שלפי שכוכב שלך ברום הגלגל כוכב שלו למטה ולז"א את העני עמך מה צורך לומר עמך אלא לומר אתה הסבה שהוא עני ואם לא תתן לו מה יעשה הקב"ה יתן סבוב לגלגל באופן שהכוכב שהוא למעלה יהיה למטה ולז"א בגלל הדבר הזה ולא אמר בעבור הדבר הזה ולז"א כי לא יחדל אביון מקרב הארץ לפי שבהכרח יהיה הגלגל קצתו למעלה וקצתו למטה ועל כן אנכי מצוך לאמר פתוח תפתח פי' אני נותן לך עצה ומצוה לך פתוח תפתח לפי שיותר טוב הוא אחר שלא יחדל אביון שיהיה הוא האביון ויקבל ואתה העשיר והנותן משיהיה הוא העשיר הנותן ואתה העני המקבל וזהו שאחז"ל את העני עמך אם כסף תלוה את עמי הרי טוב ואם לאו העניות יהיה עמך ומ"ש פתוח תפתח את ידך לאחיך בארצך הכוונה אפילו בארצך שיש שמטה וכ"ש חוצה לארץ שאין יש דין שמיטה שלא יהיה דבר עם לבבך בליעל לאמר קרבה שנת השבע. ומה שאמר כי לא יחדל אביון ולמעלה אמר אפס כי לא יהיה בך אביון הכוונה שהמשא שעל הסוס קודם שיפול לארץ נער קטון יוכל לעזור שלא יפול אבל אם נפל עם המשא צריך ד' אנשים להקים אותו ולז"א כי ימוך אחיך ומטה ידו והחזקת בו שהראשונה שבמדרגות הצדקה היא לתת לו מלאכה שיתעסק בה וזהו והחזקת בו וזהו ומטה ידו שעדיין לא נפל אלא שנוטה ליפול ולז"א אפס כי לא יהיה בך אביון כלומר כשלא יהיה בך אביון מעט הוא העזר שצריך וזהו לשון אפס ועוד כי יברכך ה' ותוכל לתת לו אבל כשהוא אביון צריך עזר גדול ורב ולזה הרבה עתה בציויים שאמר לא תאמץ את לבבך ולא תקפוץ את ידך כי פתוח תפתח את ידך לו והעבט תעביטנו די מחסורו אשר יחסר לו ואמר השמר לך פן יהיה דבר עם לבבך בליעל נתון תתן לו על כן אנכי מצוך לאמר פתוח תפתח והותרו כל הספקות:	Deuteronomy 15:10	
Toledot Yitzchak, Re'eh 9	@11הענק תעניק לו @33מ"ש כאן לשון הענקה לפי שהעבד שעבד את אדוניו ואח"כ יוצא מעמו אם אחר ימים העשיר חושדים לו שגנב מאדוניו ואם רואים שהוא עני חושדים לאדון שלא פרע לו שכרו או מה שחייב לו לז"א מה שתתן לו יוליכנו על צוארו ויוסרו שתי החשדות ויהיה הענק מלשון ענקים לגרגרותיך:	Deuteronomy 15:14	
Toledot Yitzchak, Re'eh 10	@11כי משנה שכר שכיר עבדך שש שנים @33שאין מנהג בני אדם לשכור עצמן לזמן רב אלא לג' שנים שנא' שלש שנים כשני שכיר וזה עבד שש שנים ועוד מכאן אמרו עבד עברי עובד בין ביום בין בלילה וזהו כפלים שבעבודות ומהו עבודתו בלילה רבו מוסר לו שפחה כנענית והולדות לאדון:	Deuteronomy 15:18	
Toledot Yitzchak, Re'eh 11	@11ופנית בבקר והלכת לאוהליך @33הטעם שהזכיר זה בפסח יותר מבשאר המועדים בעבור שאפילו האחרון שבארץ ישראל יוכל להגיע לביתו ולחזור פעם שנית לחג שבועות שהרי אין פנאי ללכת לבית המקדש שני פעמים מפסח עד עצרת אלא אם הוא נוסע משם לבוקרו של חג המצות אחר שאכל שם פסחו ועמד י"ט ראשון ילון שם ולבקר שהוא חול ילך ועם זה יספיק לו זמן להגיע לביתו ולחזור לחג שבועות כיצד ארץ ישראל ארבע מאות פרסה באורך ורחבה כן ובית המקדש באמצע וא"כ ר' פרסה הוא המהלך ליותר רחוק שבארץ ישראל ובעשרים יום יהיה אדם הולך ר' פרסה לחשבון עשרה פרסה בכל יום ומפסח עד עצרת מ"ט יום חסר מהם ח' שבתות ויום אחרון של י"ט נשארו מ' יום ולז"א ופנית בבקר והלכת לאוהליך פי' בעשרים יום ובעשרים יום הנשארים תחזור:	Deuteronomy 16:7	
Toledot Yitzchak, Re'eh 12	@11מסת נדבת ידך אשר תתן @33לא אמר זה בפסח וסוכות אלא בחג שבועות שפסח וסוכות הרבה ימים וידוע שצריך לתת צדקה אבל שבועות שהוא יום אחד יעלה על הדעת שאין צריך:	Deuteronomy 16:10	
Toledot Yitzchak, Re'eh 13	@11ושמחת בחגך והיית אך שמח ושמחת לפני ה' @33במדרש למה לא הזכירה תורה שמחה בפסח והזכיר שמחה בעצרת ובסוכות ג' שמחות לפי ששנינו בארבעה פרקים העולם נדון בפסח על התבואה בעצרת על פירות האילן בר"ה כל באי עולם עוברים לפניו כבני מרון בחג נדונין על המים ומפני שפסח יום הדין וכל הדינין עתידין לעשות לא נזכר שמחה כלל אבל בעצרת שכבר עבר דין אחד של פסח נכתב בו שמחה אחת ובחג שעברו שלשה דינין פסח עצרת ראש השנה לכך נכתב בו ג' שמחות:	Deuteronomy 16:14	
Toledot Yitzchak, Shoftim 1	@11שופטים ושוטרים תתן לך @33בזאת הפרשה יש ספקות:	Deuteronomy 16:18	
Toledot Yitzchak, Shoftim 2	@11צדק צדק תרדוף @33הוא לבעלי דינים כאז"ל הלך אחר ב"ד יפה ולז"א צדק צדק שתי פעמים אחד לטוען ואחד לנטען ולפי זה הפי' אין הפסוקים כפולים וכולם לצורך גדול ולז"א ושפטו לשון רבים והוא שלא לנוכח לפי שעניינו בממני הדיינים ולפי שהתחיל שופטים לשון רבים נופל בו ושפטו ולזה הפי' נטו חז"ל ובזה שפירשתי הכל מסודר ומתוקן. וראוי לתת קישור לג' לאוין שהזכיר סמוך לדיינים אשרה ומצבה ומום ולזה נשיב קודם לספק הח' מדוע במצבה הזכיר לשון שנאה ובלא תזבח לשון תועבה ובאשרה לא זה ולא אותו ונראה שהם ג' טעמים נבדלים זה מזה מצבה היתה אהובה קודם ועכשיו שנאה לא תזבח שור ושה אשר יהיה בו מום לעולם היה שנוי כי תועבת ה' אלהיך הוא אשרה וכל עץ אין לו לא זה ולא אותו שהנה אילן אינו תועבה וג"כ לא היה אהוב קודם ועכשיו שנאו אלא לפי שהוא אצל אחר והוא המזבח שיבואו לטעות בו שכמו שקודם זה היה אילן נטוע אצל מזבח ע"ז אם יהיו נוטעים אותו אצל מזבח ה' יבואו לטעות לעבוד ע"ז וכיוצא באלו הג' לאוין יש בדיינים לא תטה משפט הוא עצמו תועבה להטות משפט גבר נגד פני עליון לא תכיר פנים הוא שהיה הדיין אוהב לטוען במשל ועכשיו ראוי שישים אותו בלבו כאילו הוא שונאו לפי שיהיו שוים בלבו טוען ונטען לא תקח שוחד הוא עצמו אינו תועבה מצד עצמו שלשפוט צדק לקחו ולא היה אהוב ועכשיו שנאו ואינו רע שלשפוט צדק לקחו אבל ימשך ממנו רע כי השוחד יעור עיני חכמים ויסלף דברי צדיקים הנה קישור יפה בין אלו הג' לאוין לדיינים והותרו כל הספקות ולזה היה הכרוז אומר אלו הג' עם השלשה שכולם דומים זה לזה:	Deuteronomy 16:20	
Toledot Yitzchak, Shoftim 3	@11כי תצא למלחמה על אויביך וראית סוס ורכב @33אז"ל סמך הכתוב יציאת מלחמה לעין בעין שן בשן לומר שאין מחוסר אבר יוצא למלחמה ד"א לומר שאם עשית משפט אמת מובטח אתה שאם תצא למלחמה אתה נוצח ונ"ל בעבור שעע"ג חושבים רעה על ישראל שנא' הנה אויביך יהמיון משנאיוך נשאו ראש על עמך יערימו סוד ויתיעצו על צפוניך וכן פרעה וסיסרא ונבוכדנאצר וכל עע"ג ולפי שאמר ועשיתם לו כאשר זמם לעשות לזה סמך לזה כי תצא למלחמה על אויביך שעע"ג אויבים לישראל ועשיתם להם כאשר זממו עליכם ונתנו ה' אלהיך בידיך והכית את כל זכורה לפי חרב:	Deuteronomy 20:1	
Toledot Yitzchak, Shoftim 4	@11לא תירא מהם כי ה' אלהיך עמך המעלך מארץ מצרים @33היה ראוי שיאמר כי ה' אלהיך הנלחם לסיחון ועוג שהיתה מלחמה כזאת ואין כן יציאת מצרים. התשובה לפי שראו ישראל עצמם בסכנה עצומה שש מאות רכב בחור וכל רכב מצרים מצד אחד והים מצד אחר ולא היה להם תקומה כן אם יראו ישראל עצמם בסכנה עצומה האויבים סובבים להם מד' פנות עם כל זה לא תירא מהם כי ה' אלהיך עמך המעלך מארץ מצרים.	Deuteronomy 20:1	
Toledot Yitzchak, Shoftim 5	@11ונגש הכהן ודיבר אל העם ואמר אליהם שמע ישראל @33אמר לשון דיבור שהוא לשון קושי ואמירה שהיא לשון רכה לפי שיאמר להם דברים קשים שמי שיברח מהמערכה קוצצים רגליו. ורכים אחינו ישראל שמעו בזאת המלחמה כבוד ה' אם תנצחו וכבוד התורה וכבוד כל ישראל שכשישראל נוצחים אומרים כל האומות שתורתינו הקדושה שהיא אמיתית עשתה זאת כי מי גוי גדול אשר לו אלהים קרובים אליו כה' אלהינו בכל קראינו אליו:	Deuteronomy 20:2	
Toledot Yitzchak, Shoftim 6	@11אל ירך לבבכם אל תיראו אל תחפזו ואל תערצו מפניהם @33אז"ל בסוטה פ' משוח מלחמה אמר ד' דברים כנגד ד' דברים שמלכי אומות העולם עושים מקישין בתריסיהן להשמיע קול שיפחדו אלו שכנגדם וינוסו ורומסין בסוסיהן ומצהילים אותם וצווחים בקולם ותוקעין בשופרות ומיני משמיע קול אל ירך לבבכם ממצהלות סוסים אל תיראו מהקשת תריסין אל תחפזו מקול הקרנות אל תערצו מקול הצווחה ע"כ ונ"ל אל ירך להכות לאחרים אלא הכו בהם בלא רכות הלבב ובלא רחמנות אל תיראו משיכו בכם ולפי שאומר במקומו שהלוחם אין ראוי לו שיריב בתחלה בחפזון אלא במתון ואחר יגדל ואח"כ עוד בחזקה מאד לז"א אל תחפזו ולפי שאומר שם ג"כ שאין ראוי ללוחם שיהיה תכליתו להרוג אלא שיעשה מלחמה מפני מעלת הגבורה ולנו עדת ישראל צריך שנלחם מפני מצות לא תחיה כל נשמה או לבטל ע"ז מהם לז"א אל תערצו ויהיה מלשון רשע עריץ ואמר להושיע אתכם לומר שמי שימות במלחמה תהיה נפשו נושעת מדינה של גיהנם וכן דרך אומות העולם לומר במלחמותיהם:	Deuteronomy 20:3	
Toledot Yitzchak, Shoftim 7	@11ודברו השוטרים אל העם לאמר מי האיש אשר בנה בית חדש @33הטעם שזה הדיבור לא היה אומר הכהן שאמר הדיבור הראשון הוא לפי שהכהן שהוא קדוש דיבר ענין של קדושה ועבודת הש"י והבטחה בשמו שלא יראו מהאויבים ויבטחו בש"י כי ה' אלהיכם הולך עמכם וכ"ש לפי מה שאחז"ל שמע ישראל אתם קרבים היום למלחמה אפילו אין בכם זכות אלא שמע ישראל בלבד ראויין אתם שיושיע אתכם אבל השוטרים דברו בדבר טבעי שהאנשים האלו לא ילחמו כראוי בזוכרם בתיהם החדשים וכרמיהם וארוסותיהם:	Deuteronomy 20:5	
Toledot Yitzchak, Shoftim 8	@11ולא ישיב את העם מצרימה @33אינה מצוה לדורות שהרי הרבה קהלות דרים שם ולא מיחו החכמים אלא הוראת שעה לפי שהיו אז רשעים מאד ולא ילמדו מעשיהם וי"א לדורות הוא אבל לא אסר הדירה שם אלא לבאים מארץ ישראל וזה יורה לשון בדרך הזה שמגמת פניכם לארץ לא תשובו ממנו למצרים או שסנחריב בלבל האומות ויושבי מצרים אינם מצריים:	Deuteronomy 17:16	out of order
Toledot Yitzchak, Shoftim 9	@11ה' הוא נחלתו @33שלוי עשירי בבנים ממטה למעלה שדרך הרועה כשמכניס צאנו לדיר מוציאן אחד אחד ומי שנכנס אחרון יצא ראשון כך השבטים כשתתחיל למנות מבנימן שהוא אחרון יהיה לוי עשירי שגם מבניו נתן מעשר שאמר וכל אשר תתן לי עשר אעשרנו לך והשם ברא עולם עליון ואמצעי ותחתון ומסר לאדם חכמה משלשתן מעולם השפל עופות ושדים שמהן ידע עתידות מעולם האמצעי חוזים בכוכבים מעולם העליון נביאים ע"י מלאך ועולם השפל מקבל תמורה מעולם אמצעי והאמצעי מכח העולם העליון והעליון מכח הש"י שנאמר והנה ה' נצב עליו על ג' אלה ומזה שהעוף והשד כזב אצל החוזה והחוזה כזב אצל הנביא והנביא אצל השי"ת וזהו ברעה כמו שמצינו בחזקיה ויונה אבל לא בטובה:	Deuteronomy 18:2	
Toledot Yitzchak, Shoftim 10	@11כפר לעמך ישראל @33בפסיקתא אלו החיים שמתכפרין בממונם אשר פדית אלו המתים שמתכפרים בממון החיים ולמדנו מזה שההקדשות שנותנין החיים בעד המתים שבהם תועלת למתים וכ"ש אם הבן מקדיש בעד אביו וה"ה לאומר בשבילו קדיש או שומע ברכה בצבור וכאגדה דמעשה דרבי עקיבא כדאיתא במסכת כלה:	Deuteronomy 21:8	
Toledot Yitzchak, Ki Teitzei 1	@11וראית בשביה אשת יפת תואר @33בזה יש ספק גדול איך התורה נתנה רשות לשכב עם בת עכו"ם וכל שכן לדעת מי שאומר שביאה ראשונה מותרת מיד התשובה בשתי הקדמות אחת דאיתא בקידושין גדול המצווה ועושה יותר ממי שאינו מצווה ועושה פי' שהמצווה יש להם שתי סגולות א' מצד המצוה ב' מצד המצוה עצמה לכן מי שמצווה ועושה יש לו שתי סגולות ומי שאינו מצווה ועושה אין לו אלא סגולה אחת והיא סגולת המצוה עצמה הרי לך הקדמה אחת הקדמה שניה שחטא הבשר יותר קשה הסרתו מהחוטא חטא המינו' וזה חוץ מהסבות הנזכרות במקומו יש ב' סבות אחרות א' שהולד מיד כשנוצר יש לו כח טבעי שמיד מושך המזון אליו אבל המחשבה אינה בעובר עד שנולד וכשנולד ויצא מבטן אמו יש לו כח הדמיון וא"כ ראוי שנא' שמי שקדם הוא קשה להסיר מהמאוחר והקודם הוא חטא הבשר והוא תאות המשגל. הסבה השנית שיותר מוכיחים יש על המינות מחטא המעשה והוא המשגל ואלו הסבות נתן דע"ה בחטא בת שבע הא' הן בעון חוללתי זהו שעת הלידה שבאים כאבים לאשה שאז בא הדמיון אבל בחטא הבשר מיד בשעה ששכבה עם בעלה באה וז"ש ובחטא יחמתני אמי בשעה שנזרע הרי סבה אחד והתנצלות לחטא בת שבע שלכן חטא בה הב' הן אמת חפצת בטוחות ובסתום שהוא בלב ובמוח חכמה תודיעני והוא חטא המינות שהארת לי יותר על חטא המינות מעל חטא הבשר וגם זה התנצלות על שחטא בבת שבע ומאחר שיש התנצלות גדולה על חטא בת שבע אפילו מכבדת קטנה מאד אטהר בה תחטאני באזוב ואטהר תכבסני ומשלג אלבין ולכן רצה הקב"ה לתת רשות לזה החטא בעבור שחטא ערוה קשה מאד להסירו מן האדם לשתי סבות הנזכרות ואם כן ראוי להתירו ועוד שאם לא יתירנו הש"י יעשה בעבירה ויעבור סגולת המצוה וסגולת המצוה לכן יותר ראוי שיעבור סגולת המצוה משיעבור סגולת המצוה והמצוה וזהו שאמרו לא דברה תורה אלא כנגד יצר הרע ולפי שכל אהבה לשתהיה גדולה צריך ג' דברים אחד שיציירנה בדמיונו שיצייר שהיא צורה נאה שאם לא לא יאהבנה הב' צריך כח תאוני שאף שיציירנה נאה אם לא יתאוה לא יאהבנה ג' שיחשוב שהיא מותרת שאם יחשוב שהיא אסורה ושיענש עליה לא יאהבנה אהבה גמורה לא' אמר אשת יפת תואר לב' אמר וחשקת בה לג' ולקחת לך לאשה שיחשוב שהיא מותרת אחר שהתירה הכתוב. כנגד אלו הג' ביקש הקב"ה שישנאנה. כנגד היופי וגלחה את ראשה ויגדל צפרניה. כנגד החשק והסירה את שמלת שביה מעליה שהם בגדים נאים שמצדם חשק בה. כנגד הג' אמר ואח"כ תבוא אליה ובעלתה וראה ותסתכל ששפחה לקחת לך לאשה שהיא שפחה ואתה בן חורין ובן חורין אסור בשפחה אע"פ שאני מתירה לך ועוד עשה ענין רביעי שצוה ומכור לא תמכרנה בכסף לא תתעמר בה תחת אשר עניתה אפילו בביאה ראשונה כמו שאמרו בסיפרי וראה ועיין שאבדת עשרים אלף לבנים שתמצא בממכרה בעבור ביאה אסורה ולזה אסר הקב"ה שלא ימכרנה בכסף בעבור שלא יבוא עליה ולא יקחנה לאשה וגם כלל בו וחשקה בה שאם לא יחשוק בה ואין יצרו להוט אחריה אלא שרוצה לקחת אשה לא יקח זאת:	Deuteronomy 21:11	
Toledot Yitzchak, Ki Teitzei 2	@11כי יהיה לאיש בן סורר ומורה @33אמרו בגמרא שלא היה ולא עתיד להיות וכל כך תנאים איתא בגמרא עליו שקרוב לנמנע שימצא אלא דרוש וקבל שכר וי"ל יותר טוב לדרוש ולקבל שכר על דברי תורה הרגילים והתמידים מדבר שלא היה ולא נברא וי"א שהכוונה שלמדנו מזה עיקר גדול שראוי לכל אשר בשם ישראל יכנה להיות דבקה בו אהבת השי"ת ויביא לבנו אהובו לב"ד לסקילה אם יצפה ממנו שיהיה רשע כמו שעשה אברהם אבינו ליצחק בנו יחידו בעקידה להשלים ולקיים מצות השם אע"פ שהיה צדיק גמור ונכון הוא:	Deuteronomy 21:18	
Toledot Yitzchak, Ki Teitzei 3	@11כי קללת אלהים תלוי @33משל לשני אחים שהיו דומים זה לזה אחד נעשה מלך ואחד נתפס ללסטיא ונתלה כל הרואה אומר המלך תלוי צוה המלך והורידוהו פי' המלך הוא השכל הנבדל המשפיע נבואה וחכמה על השכל ההיולני ויש יחס בין המשפיע למושפע והשכל ההיולני הוא אחיו של מלך:	Deuteronomy 21:23	
Toledot Yitzchak, Ki Teitzei 4	@11וכן תעשה לחמורו וכן תעשה לשמלתו @33יש להקשות ידוע הוא זה שכן גם לחמור ושמלה שנאבד לאחיו מה צורך לומר כאן וכן התשובה הייתי אומר שור ושה ישיב לאחיו לפי שראוי להתקרב על גבי המזבח ולא חמור לז"א וכן תעשה לחמורו ועדיין הייתי אומר דוקא חמור שבעליו שמר אותו כראוי ושבר הדלת ויצא אבל שמלה אבדה מדעת היא שנתן אותו במקום שאינו משתמר לזה הוצרך לומר וכן תעשה לשמלתו:	Deuteronomy 22:3	
Toledot Yitzchak, Ki Teitzei 5	@11כי יקרא קן צפור לפניך @33יש להקשות מצוה קלה כזאת ואין בה חסרון כיס כלל ולא טורח הגוף למה שכרו כל כך גדול ייטב לך והארכת ימים ועוד לעולם שכולו טוב ולעולם שכולו ארוך והתשובה בזה ששכר הקלה שבמצות גדולה מאד שסגולת המצות מי רואה ומי יודע גדולתם שהוא עד אין קץ עין לא ראתה אלהים זולתך וכ"ש מצד מעלת המצוה מלך מלכי המלכים הקב"ה ומכאן נכיר מעלת המצות החמורות ויש אומרים ששר הממונה על העופות צועק לפני הקב"ה מצד רחמנותו על האם שצועקת ומבכה על בניה והקב"ה מתלבש ברחמים על בניו שהגלם לבין האומות שאומר אם עוף בוכה וצועק על בניו קל וחומר אני על בני וכתיב במסתרים תבכה נפשי מפני גאותן של ישראל שנשפלה ונראה שלכן לא אמר בכבוד אב ואם ייטב לך אלא למען יאריכון ימיך ובשילוח קן צפור כתיב ייטב לך לפי שנתמלא השי"ת רחמים על בניו:	Deuteronomy 22:6	
Toledot Yitzchak, Ki Teitzei 6	@11כי ישבו אחים יחדו @33טעם היבום דרך טבע הוא שאחר שהאב של אלו האחים הוא אחד והאיש כאילו נותן הצורה והנקבה החומר א"כ הצורה של אלו האחין אחת וא"כ צורת העובר שהוליד האח היא הצורה עצמה שהיה מוליד המת אם היה חי והנה צורת העובר היא הצורה שהיה מוליד המת וכאלו המת נתן הצורה בעובר ואמנם החומר הוא עצמו שהיה ראוי לבן המת אם היה חי לפי שהאם אשת המת ואשת החי אחת היא וא"כ הרי בן החי הוא בן המת בצורתו ובחומרו וזה שאמר יקום על שם המת ועוד שהדמיון פועל וזאת האשה כשמזדווגת לאחיו יש לה דמיון בבעלה הראשון ולכן תתעבר מבן זכר כאלו הוא בן המת:	Deuteronomy 25:5	
Toledot Yitzchak, Ki Tavo 1	@11הגדתי היום לה' אלהיך כי באתי אל הארץ אשר נשבע ה' לאבותינו לתת לנו @33בזאת הפרשה יש ספקות:	Deuteronomy 26:3	
Toledot Yitzchak, Ki Tavo 2	@11אלה יעמדו לברך את העם על הר גריזים שמעון ולוי ויהודה ויששכר ויוסף ובנימין ואלה יעמדו על הקללה בהר עיבל ראובן גד ואשר וזבולן דן ונפתלי @33יש בזה הענין ספקות:	Deuteronomy 27:12	
Toledot Yitzchak, Ki Tavo 3	@11והיה אם לא תשמע בקול ה' אלהיך ובאו עליך כל הקללות האלה והשיגוך @33יש בזה ספק והוא מדוע שינה בקללות מבברכות שבברכות אמר בראשונה ברוך פרי בטנך ובפרי אדמתך ואח"כ אמר ברוך טנאך ומשארתך ובקללות בראשונה אמר ארור טנאך ומשארתך ואח"כ אמר ארור פרי בטנך ופרי אדמתך וכן בענין נגיפת האויבים אמר בברכות נגיפת האויבים בראשונה ואח"כ יצו ה' אתך את הברכה באסמיך ובכל משלח ידך ובקללות אמר בראשונה ישלח ה' בך את המארה את המהומה ואת המגערת בכל משלח ידך אשר תעשה וקללות אחרות ואחר כך אמר יתנך ה' נגף לפני אויביך. התשובה בברכות הקדים היותר הטוב בתחלה ואמר ברוך פרי בטנך ופרי אדמתך שזהו עיקר הברכות וטוב ויפה שיבואו מיד ואחר כך יבוא להם אותו שאינו כ"כ עיקר והוא טנאך ומשארתך אבל בקללות קלל בראשונה טנאך ומשארתך שזה התראה ואם לא ישמע ארור פרי בטנך ופרי אדמתך וכן לענין נגיפת האויבים הקדים בברכות אויבינו נגפים בתחלה ואח"כ יצו ה' אתך את הברכה באסמיך וגו' כי מה יועילו הברכות אם אויבינו ינצחו לנו ויקחו כל אשר לנו אבל בקללות הקדים המארה וקללות אחרות להתראה ועדיין אין אויבינו שולטים בנו ואם לא ישמעו יתנם השם נגפים לפני אויביהם:	Deuteronomy 28:12	
Toledot Yitzchak, Ki Tavo 4	@11ידבק ה' בך את הדבר @33אמר לשון ידבק לפי שהדבר נדבק מאד יותר מחלאים אחרים הדבקים שאף מבגדי החולים הדבר נדבק:	Deuteronomy 28:21	
Toledot Yitzchak, Ki Tavo 5	@11יככה ה' בשחפת ובקדחת ובדלקת ובחרחור ובחרב ובשדפון ובירקון @33אחר שקלל בדבר קלל בקדחת והקדחת ג' סוגים. סוג אחד ברוחות. סוג שני בליחות. סוג ג' באברים. והמשילו חכמי הרפואה כמרחץ שבו רוחות ומים וכותלי המרחץ לראשון שהוא ברוחות אמר שחפת וכן פי' רלב"ג וסוג הליחות נחלק לשנים נושנות וחדות לנושנות אמר קדחת לחדות אמר דלקת חרחור חרב וזה לפי שיש ג' מיני חדות. חדות ולא מאד. וחדות מאד. וחדות במאד מאד ונקראים בלשונם אגודאש פיראגודאש פירפיראגודאש לחדות אמר דלקת ליותר חדות אמר חרחור והם שגבולם לז' הימים לחדות במאד מאד אמר בחרב והם שגבולם לארבעה ימים שהורג כמו בחרב. וסוג קדחת האיברים הוא שהקדחת בבשר עצמו ובעצמות האברים והיא בלחות טבעי אותו שבו נתהוה העובר כמו הלחות שבו נתהוה הפתילה ואותו הלחות טבעי הוא בתוך הבשר ובו נדבקו חלקי הבשר זו עם זו כמו שכתבו חכמי הרפואה:	Deuteronomy 28:22	
Toledot Yitzchak, Ki Tavo 6	@11והיו שמיך אשר על ראשך נחשת והארץ אשר תחתיך ברזל @33ידוע שהשמים על ראשנו והארץ תחתינו אלא הכוונה שבארצות הגוים יהיה מטר והאדמה תתן יבולה אבל אותו חלקי השמים שהוא על ראשינו נחשת והארץ אשר תחתינו ברזל:	Deuteronomy 28:23	
Toledot Yitzchak, Ki Tavo 7	@11יככה ה' בשחין מצרים @33פרש"י רעים היה מאד לח מבפנים ויבש מבחוץ גרב שחין לח ובחרס שחין יבש כחרס ונ"ל שלזה אמר אשר לא תוכל להרפא לפי שצריך תרופות הפכיות ומה שיועיל לזה יזיק לזה:	Deuteronomy 28:27	
Toledot Yitzchak, Ki Tavo 8	@11והיית ממשש בצהרים כאשר ימשש העור באפלה @33העור כחשכה כאורה הכל שוה לו וא"כ למה אמר באפלה שהרי הוא ממשש בצהרים כמו בחצי הלילה והתשובה שבאפלה אין יש מיישר ובאור יישירו לו בני אדם וכן גרסי' במגלה פרק הקורא את המגלה תניא אמר ר' יוסי כל ימי הייתי מצטער על מקרא זה והיית ממשש וגו' וכי מה איכפת ליה לעור בין אפלה לאורה עד שבא מעשה לידי פעם אחת הייתי מהלך באישון לילה ואפילה ראיתי סומא אחד ואבוקה בידו אמרתי לו בני אבוקה זו למה אמר לי כל זמן שאבוקה בידי בני אדם הרואים אותי שומרים אותי מן הפחתים ומן הקוצים ומן הברקנים:	Deuteronomy 28:29	
Toledot Yitzchak, Ki Tavo 9	@11יככה ה' בשחין רע על הברכים ועל השוקים אשר לא תוכל להרפא @33מה שאמר בזה אשר לא תוכל להרפא נראה לי לפי שאמרו חכמי הרפואה שהאבר שמתנועע תמיד קשה רפואתו כנגע בריאה וכיוצא בה שהתרופה אינה נחה בו ולפי שהברכים והשוקים מתנועעים בהתמדה אמר אשר לא תוכל להרפא:	Deuteronomy 28:27	
Toledot Yitzchak, Ki Tavo 10	@11ועבדת שם אלהים אחרים עץ ואבן @33וסמך לזה והיית לשמה למשל ולשנינה בכל העמים אשר ינהגך ה' שמה נראה שהטעם בזה לפי שיאמרו הגוים לא המירו אלו דתם לפי שמאמינים באמונתינו אלא לפי שלא נהרגם ואינם שומרים לא דת שלנו ולא דתם וזהו משל ושנינה:	Deuteronomy 28:36	
Toledot Yitzchak, Ki Tavo 11	@11והיה כאשר שש ה' עליכם להטיב אתכם ולהרבות אתכם כן ישיש ה' עליכם @33אז"ל ישוש לא נאמר אלא ישיש פי' שהקב"ה לא ישמח לעשות רעה אלא ישיש לאחרים:	Deuteronomy 28:63	
Toledot Yitzchak, Ki Tavo 12	@11והיו חייך תלויים לך מנגד ופחדת לילה ויומם ולא תאמין בחייך @33אז"ל במסכת מנחות תלויים לך זה הקונה חטה לשנה אחת ופחדת לילה ויומם זה הקונה בכל שבוע ולא תאמין בחייך זה הסומך על פת של פלטר:	Deuteronomy 28:66	
Toledot Yitzchak, Ki Tavo 13	@11והשיבך ה' מצרים באניות @33פירוש כשיצאתם ממצרים עברתם הים ביבשה ועכשיו באניות ועוד שם אמרו מה זאת עשינו כי שילחנו את ישראל מעבדינו ועכשיו והתמכרתם שם לאויביך לעבדים ולשפחות ואין קונה ויש להסתפק בזה המוסר ג' ספקות:	Deuteronomy 28:68	
Toledot Yitzchak, Nitzavim 1	@11ולא אתכם לבדכם אנכי כורת את הברית הזאת ואת האלה הזאת כי את אשר ישנו פה עמנו עומד היום לפני ה' אלהינו ואת אשר איננו פה עמנו היום @33בזה יש שתי ספקות גדולות:	Deuteronomy 29:13	
Toledot Yitzchak, Nitzavim 2	@11פן יש בכם איש או אשה וגו' @33יש לשאול איך נתן טעם לפן יש בכם ותראו את שקוציהם שנראה שהסבה שיעבדו ע"ז לפי שראו שקוצים וגלולים והוא בהפך שהרי ראו שהם שקץ וגלל הבל וריק אבל כוונת הפסוק אמת שראיתם שהם שקוצים וגלולים אבל ראיתם שהגוים מושפעים מאד ועשירים גדולי' עושר ונכסי' וכבוד ומזה הצד תחשבו שיש בהם ממש וז"ש כסף וזהב אשר עמהם ר"ל עם העובדי ע"ז ולכן פן יש בכם איש או אשה וגו'. ובאלו הפסוקים יש ספקות:	Deuteronomy 29:17	
Toledot Yitzchak, Nitzavim 3	@11הנסתרות לה' אלהינו @33מה קישור יש לזה הפסוק עם הפסוק הקודם אליו אלא לפי שאמר איש או אשה אשר לבבו פונה היום ועונש היחיד הוא ויתשם ה' לכל ישראל זה שלא כדין שבעבור היחיד ילכו כל ישראל בגלות וזהו תשובת ישראל לשי"ת זה הברית שאנו כורתים הוא על היחיד אם אנו יודעים העבירה שאנו חייבים להוכיחו וליסרו אבל הנסתרות ממנו אין אנו כורתי' ברית עליו וזהו שאמר הנסתרות שעושה הרשע הקב"ה ייסרהו ויענישהו ואין עלינו אשם אבל הנגלות לנו ולבנינו להעניש ליחיד ואם לא נעניש עלינו העונש וכמו שאמר יחזקאל הוא רשע בעונו ימות ודמו מידך אבקש או יאמר הנסתרות שהוא השוגג לה' לבדו הם ואין עלינו עון עליהם אבל הנגלות שהם הזדונות לנו ולבנינו עד עולם לאשר ישנו פה ועל אשר איננו פה הוציאו מן החרם העושה בשגגה והוא כמו שגיאות מי יבין מנסתרות נקני:	Deuteronomy 29:28	
Toledot Yitzchak, Nitzavim 4	@11והיה כי יבואו עליך כל הדברים האלה @33הפרשה הזאת עתידה כי כולה לא היתה ומקצתה בעשרת שבטים ומקצתה בנו ומקצתה בנו ובהם ומה שאמר קודם זה ויתשם ה' מעל אדמתם הוא עלינו וישליכם אל ארץ אחרת כיום הזה הוא על עשרת שבטים שהם מקובצים והם חוץ לארצם כיום הזה שהיו מקובצים במדבר חוץ לארצם. ומה שאמר והשבות אל לבבך הוא על עשרת שבטים שהם נדחים ואינם נפוצים ולז"א בזה בכל הגוים אשר הדיחך ה' שמה ושבת עד ה' אלהיך הוא גלותינו יהודה ובנימין ושב ה' אלהיך את שבותך הוא עשרת שבטים ושב וקבצך הוא יהודה ובנימין ולז"א בו וקבצך מכל העמים אשר הפיצך ה' אלהיך שמה:	Deuteronomy 30:1	
Toledot Yitzchak, Nitzavim 5	@11אם יהיה נדחך בקצה השמים @33הם עשרת שבטים משם יקבצך ה' אלהיך ומשם יקחך והביאך ה' אלהיך אל הארץ אשר ירשו אבותיך הוא לנו ולהם. ומל ה' אלהיך את לבבך הוא לנו ולהם ולדעת הרמב"ן הוא ביטול יצר הרע לגמרי כי בימות המשיח תתבטל הבחירה וזהו שאמר ביחזקאל ונתתי לכם לב חדש ורוח חדשה אתן בקרבכם ולפי דעתי אינו ביטול בחירה שאם כן לא יהיו אנשים וכבר אמרו אין בין העולם הזה לימות המשיח אלא שעבוד מלכיות בלבד אבל הוא נטיה כדרך החסידים ופרושים שנולדו מוכנים לכל טובה ומדות טובות וראיה לזה שאחר שאמר ומל ה' אלהיך את לבבך ואת לבב זרעך אמר ואתה תשוב ושמעת בקול ה' ואמר עוד כי תשוב אל ה' אלהיך בכל לבבך ובכל נפשך ואם הוא בטול יצר הרע מה תשובה צריך הרי לא חטא ואם תשובה על הזמן שהיה בו יצר הרע אחד מתנאי התשובה הוא שלא יחזור לחטוא והרי אין בו יצר הרע ואם חרטה הנה יצר הרע אין בו ולא נופל חרטה אלא על החטא שהיה אפשר לחזור לעשותו והתשובה היא שאם יבא לידו פעם אחרת זאת העבירה לא יעשנה והנה לא יבא לו עוד לידו שאין בו יצר הרע ועוד שאם יתבטל יצר הרע לגמרי לא נעשה עוד מצות וכל שכן מצות לא תעשה ובכאן אמר ועשית את כל מצותיו אשר אנכי מצוך היום ואמר כי תשמע בקול ה' אלהיך לשמור מצותיו וחקותיו הכתובה בספר התורה הזה. ובזה הענין יש ספקות והוא למה כפל ושב ושב שני פעמי' שאמר ושב ה' אלהיך את שבותך ורחמך ושב וקבצך ועוד אחר שאמר והשבות אל לבבך מה צורך לחזור ולומר ושבת עד ה' אלהיך והתשובה לראשונה ושב ה' את שבותך הוא לעשרת שבטים ושב וקבצך הוא ליהודה ובנימין וכמו שפירשתי אבל התשובה לשני הספקות הוא שהתשובה היא בשני פנים אחת תשובה בלתי שלימה כגון מיראת עונש. ויש תשובה שלימה והיא מאהבה ואמר כנגד הראשונה והיה כי יבואו עליך הברכה והקללה והשבות אל לבבך בכל הגוים אשר הדיחך ה' שמה לפי שהדיחו שמה ובאו עליהם הקללות שב מיראת קללות ועוד מצרת שיעבוד המלכות וכנגד השנית שהיא תשובה שלימה אמר ושבת עד ה' אלהיך ושמעת בקולו ככל אשר אנכי מצוך היום אתה ובניך בכל לבבך ובכל נפשך וכנגד הראשונה שהיא מיראת המלך והעם אמר ושב ה' אלהיך את שבותך ורחמך שיתן להם לרחמים בעיני שוביהם אבל לא יוציאם מגלות וכנגד השנית שהיא תשובה שלימה אמר ושב וקבצך מכל העמים אשר הפיצך ה' אלהיך שמה אם יהיה נדחך וגו' ויש לשאול עוד מדוע חזר לכפול עוד ב' פעמים תשובה שאמר ואתה תשוב ושמעת בקול ה' וחזר ואמר כי תשוב אל ה' אלהיך בכל לבבך ובכל נפשך. התשובה שיש עוד שני מיני תשובה אחרות אחת שכשרואה שבאים עונשים על אחרים שבים בעבור שאליו לא יגש וכמו שאמר בצפניה הכרתי גוים נשמו פנותם החרבתי חוצותם מבלי עובר וגו' אמרתי אך תיראי אותי תקחי מוסר השנית ששב מצד תוכחת המוכיחים כנגד הראשונה אמר ונתן ה' אלהיך את כל האלות האלה על אויביך ועל שונאיך אשר רדפוך ואתה תשוב ושמעת בקול ה' שלסבה שנתן האלות על אויביהם ישובו כנגד השנית אמר כי תשמע בקול ה' אלהיך לשמור מצותיו והוא ששומע תוכחות המוכיחים כנ"ל:	Deuteronomy 30:4	
Toledot Yitzchak, Nitzavim 6	@11כי המצוה הזאת אשר אנכי מצוך היום לא נפלאת היא ממך ולא רחוקה היא. לא בשמים היא ולא מעבר לים @33אחשוב שהכוונה בזה שהיה איפשר לומר שהאדם מוכרח במעשיו לאחד מארבעה סבות. האחת להמזגת האדם שהאדומיי והדמיי מוכנים לניאוף והשחורי לכעס וכן כל ההמזגות למדות רעות כל המזגה למדה רעה מיוחדת כפי אותה ההמזגה וכן המדות הטובות כפי ההמזגה. השנית שידיעת השי"ת מכרחת שאם ידע בראובן כשנולד שיהיה רשע אי אפשר שיהיה צדיק. השלישית מצד המערכה שהמערכות להם ממשלה בעולם הזה עד שהאצטגנין יאמר פלוני יהיה רשע או צדיק דהאי מאן דאתיליד במאדים ליהוי אשיד דמא. הרביעית אויר הארץ שיש אויר מחכים או מטפש ואוירא דארעא דישראל מחכים ואויר המגדל אשר בנו בבבל משכח וכן מכריח להיות רשע להוט בעבירות או להיותו ישר ונאמן וכמו שאז"ל על וישב ישראל בשטים ויחל העם לזנות אל בנות מואב שאויר אותה הארץ מזנה ולזה אמר הכתוב כי לעתיד לבוא ומעיין מאת ה' יצא והשקה את נחל השטים וזהו להסיר משם הניאוף ולז"א ששום אחד מאלו הארבעה אינו מכריח ואינו מסיר הבחירה אמת שמכין וז"ש כי המצוה הזאת לא נפלאת היא ממך כלומר אינה נבדלת לסבת המזגה שלך וזהו ממך אמת הוא שמכרן אבל אינו מכריח ואם מצד ידיעת השי"ת אינה מכרחת וזהו ולא רחוקה היא שהשי"ת רחוק רחוק מי ימצאנו ואם מצד מערכת הכוכבים לא בשמים היא שהמערכה מכינה למדות אבל אינה מכרחת וגם גזרת המערכה כללית כמו שאמר רבא או אומנא או מוהלא ואם מצד אויר המחוז ההוא ולא מעבר לים היא שאמת הוא שמכין למדות טובות או רעות אבל אינו מכריח ואמר כנגד כל ארבעתן כי קרוב אליך הדבר מאד בפיך ובלבבך לעשותו כנגד הסבה השנית אמר קרוב אליך הדבר אינו רחוק אלא קרוב וכנגד אויר הארץ אמר מאד שהוא קרוב אליך מאד יותר מאותו המחוז וכנגד המערכה אמר בפיך שהוא הדבור רמז לשכל שהוא למעלה מן המערכה לומר אין המערכה מכרחת שהרי יש לך פה שהוא צלם אלהים ואמר בלבבך כנגד ההמזגה לפי שהלב בו המדות כפי ההמזגה שבו כח המתעורר ואמר בלבבך ברצונך יהיה הכל ולכן אחר שאלו הארבעה אינם מכריחים א"כ הבחירה היא ביד האדם ולכן סמך לזה ראה נתתי לפניך היום את החיים ואת הטוב ואת המות ואת הרע ואמר ובחרת בחיים למען תחיה אתה וביתך:	Deuteronomy 30:11	
Toledot Yitzchak, Vayeilech 1	@11וקם העם הזה וזנה אחרי אלהי נכר הארץ וחרה אפי בו ביום ההוא והיה לאכול ואמר ביום ההוא הלא על כי אין אלהי בקרבי מצאוני הרעות האלה ואנכי הסתר אסתיר פני ביום ההוא על כל הרעה אשר עשה כי פנה אל אלהים אחרים. @33בזה יש קושיא גדולה הנה התשובה מגן וצנה על כל העבירות ומצילה מכל הצרות ואיך אמר על התשובה והוידוי ואנכי הסתר אסתיר פני ביום ההוא אחר שהתודה ואמר הלא על כי אין אלהי בקרבי מצאוני הרעות האלה. וכתב הרמב"ן וטעם ואמר ביום ההוא על כי אין אלהי בקרבי איננו וידוי גמור כענין והתודו את עונם אבל הוא הרהור בחרטה שיתחרטו על מעלם ויכירו כי אשמים הם והיה ראוי לרוב חסד השם שיעזרם שכבר כפרו בע"ז ולכך אמר כי על הרעה הגדולה אשר עשה לבטוח בע"ז יסתיר עוד פנים מהם לא במסתר פנים הראשון שהסתיר פני רחמיו ומצאוהו רעות רבות וצרות רק שיהיו בהסתר פני הגאולה ויעמדו בהבטחת ואף גם זאת בהיותם בארץ אויביהם לא מאסתים ולא געלתים לכלותם עד שיוסיפו על החרטה הנזכרת וידוי גמור ותשובה שלימה כמו שנאמר למעלה ושבת עד ה' אלהיך ע"כ. וא"כ למה אמר בראשונה והסתרתי פני מהם ובאחרונה הסתר אסתיר שכפל ההסתר. והנכון בעיני שכוונת הפסוקים האלו הוא מצד הלב ומצד הפועל וזה יובן בשנחזור לפרש עוד פסוקים שפירשנו בפרשה שעברה והם פן יש בכם איש או אשה או משפחה או שבט אשר לבבו פונה היום מעם ה' אלהינו ללכת לעבוד את אלהי הגוים ההם פן יש בכם שרש פורה ראש ולענה אמר שני פעמים פן לפי שזה האיש עבד ע"ז בידיו שעבד ע"ז בפועל ולא האמין בה בלבו ולא כפר בעיקרי דת משה וז"ש אשר לבבו פונה היום ללכת לעבוד את אלהי הגוים הוא בפועל וכן יש הרבה אנשים שאומרים שרוצים להמיר דתם שא"א להם לסבול כל כך יסורים ועובדים בפועל לע"ז ובלב עובדים לשי"ת כי בלבם עיקרי דת משה וז"ש והתברך בלבבו לאמר שלום יהיה לי פי' שיאמר שלום יהיה לי מצד שלבי טוב ושלם עם ה' ואמר בלבבו שעם הלב שהוא שלם יתברך ויאמר שלום יהיה לי לפי שבשרירות לבי ובמחשבתי טובה ויש לי חוזק בה אלך והוא רוצה שתי תורות וזהו למען ספות הרוה את הצמאה פי' דת עע"ז היא רוה שעוזב לאנשים שיעשו מה שלבם חפץ והיא רוה מתאוות העולם ותורתנו צמאה שמונע כל התאוות ונשאר האדם צמא מהם וזה האיש מוסיף תורה רוה על תורה צמאה ויש לו שתי תורות תורת ה' בלבו ותורת ע"ז בידו ועלה על הדעת שיסלח לו בעבור שהוא מאמין בעיקרי הדת לז"א לא יאבה ה' סלוח לו ואמר פן יש בכם שורש פורה ראש הוא איש אחר שעובד ע"ז בפועל וגם בלב ואמר עליו והבדילו ה' לרעה וגו'. ובזה שפירשתי נדע פירוש הפסוקים האלו הלא על כי אין אלהי בקרבי שזה האיש עבד ע"ז בפועל וגם בלב וז"ש וקם העם הזה וזנה אחרי אלהי נכר הארץ זהו שעבד ע"ז בפועל וחזר ואמר ועזבני והפר את בריתי זהו שגם בלב הוא מין וזה קרוי הפרת ברית ואח"כ חזר בתשובה לענין המינות והתודה ממנו אבל לא התודה מהפועל לפי שדעתו שאם יעבוד לשי"ת בלבו ויעבוד ע"ז בידיו שאינו רע ולא יבואו לו צרות ולכן לא התודה אלא על המינות וז"ש ואמר ביום ההוא הלא על כי אלהי בקרבי מצאוני הרעות האלה וזהו טעם בקרבי ולכן הכפיל ההסתר שזה יטעו אחריו בני אדם ולא יטעו במינות וז"ש ואנכי הסתר אסתיר פני ביום ההוא על כל הרעה אשר עשה בפועל ובלב כלומר עתה יפרע מה שעבד ע"ז קודם זה בפועל ובלב וזה לפי שעתה פנה אל אלהים אחרים שעבד ע"ז בפועל זהו דעתי ובזה הפי' יתיישב מאד זה הענין ולשון הפסוקים:	Deuteronomy 31:16	
Toledot Yitzchak, Ha'Azinu 1	@11הצור תמים פעלו @33נ"ל לפי שזה כפול ומכופל שהכוונה שהוא התחיל עתה להוכיחם שהקב"ה עשה טובות עמהם והם היו כפויי טובה ולפי שהיינו אומרים שג"כ פעולתו אינה שלימה ח"ו אחר שצדיק ורע לו רשע וטוב לו לז"א ד' חלוקות יש השני הנזכרים ועוד שנים צדיק וטוב לו רשע ורע לו לז"א אם צדיק וטוב לו תמים פעלו וזה הלשון נאמר בצדיקים תמים תהיה צדיק תמים ורצה שהוא תמים עם התמים. ואם לרשעים רע כי כל דרכיו משפט שזה הלשון נאמר כשהקב"ה עושה משפט ברשעים שנא' לעשות בהם משפט כתוב ובזה הותר ספק א' איך אמר כל דרכיו משפט והלא ג"כ הם רחמים אבל מדבר עם רשעים גמורים. ואם הוא רשע וטוב לו והקב"ה אמר בהפך בתורתו שאמר ואם לא תשמעו לי ויסרתי אתכם וגו' ונראה ח"ו שלא נתאמת דברו אמר אל אמונה שלכן אנו אומרים אל אמונה ערבית שהוא מאמן דבריו ולז"א שהוא עושה משפט ולכן אמר אל שאין אלהי אלא דיין. וכנגד צדיק ורע לו אמר ואין עושה עול לאיש שהוא צדיק וישר אלא לכל מי שהוא צדיק הוא משלם פעלו או כפשוטו שאמר בכלל בכל הד' חלוקות צדיק וישר הוא כנ"ל. עוד נ"ל טעם להכפל הפסוק לפי שיש ה' עולמות ובכולם הקב"ה ישר האחד העולם הזה ואמר אע"פ שתראה צדיק ורע לו רשע וטוב לו תמים פעלו ולז"א תמים לשון רבים ולא תם שהם ב' פעולות השני עולם הנשמות שמת האדם ומוליך למקצת אנשים לג"ע ומקצתם לגיהנם כל דרכיו משפט וטעם כי לפי שצדיק ורע לו אינו עול אם נצרף עולם הנשמות עם זה העולם כי שם שכר הצדיק שלם ובעולם הזה נותן לו עונש עבירה שעשה א"כ הטעם שתמים פעלו בעולם הזה הוא לפי שכל דרכיו של עולם הנשמות משפט אמת ושם יתנו לו שכר וכן ברשע וטוב לו תמים פעלו לפי שדרכיו משפט בעולם הנשמות שיענישו לו שם וזה ע"ד משפטי ה' אמת צדקו יחדיו צדקו בשתחבר משפטי העולם הזה עם משפט העולם הבא ואם עולם המשיח שאנו מצפים לו אל אמונה ובזה נופל לשון אמונה ולפי שאחר המשיח יהיה התחיה ויש אנשים שיחיו ויש שלא יחיו והוא עולם רביעי לז"א ואין עול ולפי שאחר התחיה ידין אותם הקב"ה וישארו מהם קיימים בגוף ונפש כאליהו וזהו נקרא עולם הבא והוא עולם חמישי ויש שימות ויהיה לדראון עולם אמר כנגד מי שימות צדיק וכנגד מי שיהיה חי לעד וישר הוא ולזה אז"ל פלוני מזומן לחיי הע"ה אף אחר שמת ואלו הה' עולמות תקנו עליהם אין ערוך לך ה' אלהינו בעולם הזה הוא עולם אחד ואין זולתך מלכנו לחיי העה"ב בכאן כלל עולם הנשמות ועולם שאחר התחיה אפס בלתך גואלנו לימות המשיח הוא עולם ג' מי דומה לך מושיענו לתחיית המתים מי יחיה מי לא יחיה ולזה נהגו לאומרו בצדוק הדין של המתים לפי שהוא צדוק הדין לה' עולמות שכולם יעברו על אותו המת. עוד אומר שאלו הפסוקים הם הקדמה לכל הו' חלוקות וזה לפי שהאומה תהיה רעה לא' מג' סבות האחד בעבור המלך שהוא רשע כירבעם ומלכי ישראל הרשעים שהם מחטיאים את ישראל או בעבור שתורתו רעה כדתות עובדי ע"ז או שהיא מצד עצמה רעה. אם התורה יערוף כמטר לקחי שנותן חיים לעולם כמו המטר. אם המלך כי שם ה' אקרא הצור תמים פעלו וא"כ לא נשאר הרוע אלא מצד עצמם:	Deuteronomy 32:4	
Toledot Yitzchak, Ha'Azinu 2	@11שחת לו לא בניו מומם @33מום מצד עצמם:	Deuteronomy 32:5	
Toledot Yitzchak, Ha'Azinu 3	@11הליי תגמלו זאת וגו'. @33נבל הוא מין שנא' אמר נבל בלבו אין אלהים. ולפי שיש מינים מצד שחקרו בחכמה אמר ולא חכם:	Deuteronomy 32:6	
Toledot Yitzchak, Ha'Azinu 4	@11הלא הוא אביך קנך הוא עשך @33לפי שאומר החכם שהאב הוא סבה מקרית לבן לז"א הלא הוא אביך העצמי וכיון שאתה מכבד לאב החומרי שהוא מקרי כ"ש לשי"ת שהוא סבה עצמית וז"ש ויכוננך שהאב מקרי אינו סבת קיום הבן אלא סבת יציאתו לאויר העולם או סבת הולדתו אבל הקב"ה הוא סבת קיומו או הכוונה לפי שהאב אינו עושה הבן רק שמזריע שנא' כי אבי ואמי עזבוני שאחר שמזריע זה הופך פניו לכאן וזו לכאן אלא שהקב"ה מאסף אותו לז"א הוא עשך ויכוננך או ירצה קנך שם לך קן כמו כי יקרא קן צפור כלומר נתן לך בתים מלאים כל טוב. ועד הנה הזכיר החסדים הכוללים שעשה השם ביצירתו אם המוחשים הנכרים לכל כחסדי האב עם הבן ולז"א הלא הוא אביך קנך כלומר שבראך כמו אל עליון קונה שמים וארץ ואם הבלתי נכרים אלא לחכמים היודעים חכמת הנתוח ותועלת האיברים וכנגד זה אמר ולא חכם כי אם חכמת היה לך להכיר כי הוא עשך ויכוננך כאמרם ז"ל מלמד שברא הקב"ה כונניות באדם שאם תתהפך א' מבני מעים ימות ואחר שסיים להזכיר החסדים הכוללים שעשה השי"ת עם ישראל מצד שהוא אדם שב להזכיר החסדים הפרטים שעשה עם ישראל על שאר האומות. ולפי שהאדם יודע הדבר בא' מג' דברים. הא' בראייה וא' משאר החושים. הב' בשכל שנתן לו הש"י שנתן בו המושכלות הראשונות. הג' בקבלת הזקנים. לחושים אמר זכור ימות עולם. לשכל בינו שנות דור ודור. לקבלה אמר שאל אביך וגו' אם הקבלה בהנחל עליון גוים והמשפחות אלו מאלו ונתן להם נחלה יצב גבולות עמים למספר בני ישראל שהיו ע' נפש ויש ע' אומות בעולם ואז חלקם לע' שרים ולכם לקח לחלקו כי חלק ה' עמו ולהורות שההשגחה ג"כ היא פרטית חזר לומר יעקב חבל נחלתו ואם בחוש ימצאהו כלומר ימצא ישראל להקב"ה לכל מה שצריכים בארץ מדבר ואם בשכל יבוננהו ובשכל תראה מעלת האל והטוב שעשה לך. ולפי שהוא דרך שהאבות סובבים לו לעובדו שנאמר והנה תסובינה אלומותיכם עוד משגיחים בו מאד בכל ענייניו אמר כאן היה בהפך שהקב"ה סבב להם והשגיח בהם וז"ש יסובבנהו יבוננהו עוד יש למלך אנשי משמר לפניו ולאחריו לנצרו ובזה היה הפך יצרנהו כאישון עינו כאותו מעשה לא נקבר קלונימוס וכו' או ירצה סבב לישראל סביב למחנה שכינה בדגלים לד' רוחות העולם ולאיזה תכלית עשה כן לשיבינו ישראל שכוונת הקב"ה שיצרו להקב"ה כלומר למצותיו כמו ששומרים לאישון עיניהם שלכך צוה שיהיו סביב להם כאנשים שהם סביבות המלך לשומרו וכמו שהמלך נותן פרס לאותם ששומרים לו כן הקב"ה נתן להם פרס כי ספק צרכיהון וכן תרגם אונקלוס אשרינון סחור סחור לשכינתיה:	Deuteronomy 32:6	
Toledot Yitzchak, Ha'Azinu 5	@11כנשר יעיר קנו @33נ"ל שהוא מלשון ותער כדה אל השוקת כמו הנשר שמריק קנו כשרוצה ללמד לגוזליו לרחף ועם גוזליו ירחף ותדע איך מלמד אותם שיפרוש כנפיו יקחהו וישאהו על אברתו ללמדו לעוף כן השי"ת למד אתכם לרחף ולעוף לצאת ממצרים שלא הייתם יכולים לצאת משם עם בעל פעור כילד שאינו יודע לצאת וללכת ממקום שמניחים אותו וכי ה' בדד ינחנו כלומר נהלם לדרכם ולמד להם בלא עזר אל נכר או ירצה ה' בדד ינחנו כשאין עם ישראל אל נכר. ואחר שסיים זה החלק הטובות שעשה להם במדבר הזכיר החלק הג' הטובות שעשה עמהם בארץ ישראל והתחיל ירכיבהו על במותי ארץ שארץ ישראל גבוהה מכל הארצות והכוונה שאע"פ שארץ ישראל גבוהה מכל הארצות והיא ארץ הרים וגבעות ואינה ארץ שדות עכ"ז ויאכל תנובות שדי ואע"פ שכולה סלעים ויניקהו דבש גם מן הסלע ושמן גם מחלמיש צור וכן מן ההרים חמאת בקר וענבים שנראה העסיס כדם כ"כ הוא טוב וחזק. וישמן ישורון ויבעט שאמרו כחנו ועוצם ידינו עשה השומן ועבית וכסית לומר שהוא מהשגחת הקב"ה וישכח לומר שאלוה עשהו לזה השומן. וינבל וכו' פי' אמרו שהקב"ה אינו עושה טוב ושאין טוב יורד מלמעלה ואינו נדיב וזהו הפך האמת כמו שאומר בסמים לביים ולא די זה אלא שאומרים שהע"ז נתן להם זה שנא' ומאז חדלנו לקטר למלאכת השמים חדלנו כל ולז"א יקניאוהו בזרים:	Deuteronomy 32:11	
Toledot Yitzchak, Ha'Azinu 6	@11יזבחו לשדים @33שמי שמכבד לאחד הוא לא' מד' סבות או בעבור שהוא גדול או שהוא אוהבו או אוהב אביו או זקן לא' אמר לא אלוה ואין לו יכולת לב' אלהים לא ידעום לזקנה חדשים הם לאוהב אביו לא שערום אבותיכם לא נתעסקו אבותיכם או ירצה לא הסירו אבותיכם להם המצנפת והכובע לשישאר הראש מגולה כדרך המשתחוים לאדון שעושים לו כבוד בהסרת הכובע מן הראש והוא מן לשון שער וגלח את כל שערו או ירצה לא סמר בשרם מיראתם מהם או ירצה אלהים לא ידעום שלא רחמו לישראל כמו וידע אלמנותיו לא שערום שום שער לא נתנו להם אבותיכם ואיך אתם זובחים להם בקר וצאן כמו שאמר אשר חלב זבחימו וגו' עוד אפילו שעור אחד לא נתנו להם אבותיכם ושתים רעות עשיתם שלא די זה אלא צור ילדך תשי עזבת אותו ועוד ותשכח אל מחוללך. או הוא לשון תשש כחו כלומר אף אם רוצה לעשות טובה עמכם אתם מתישים כחו במעשיכם או ירצה שכחת האב הגשמי שהוא אברהם שנאמר הביטו אל צור חוצבתם הביטו אל אברהם אביכם וגם האב הרוחני ותשכח אל מחוללך ואחר שסיים החלק הג' התחיל בחלק הד' לומר העונש שהש"י יתן להם והתחיל וירא ה' וינאץ מכעס שהיו בניו ובנותיו של הקב"ה שיותר עונש חייב הבן החוטא לאביו מאיש נכרי:	Deuteronomy 32:17	
Toledot Yitzchak, Ha'Azinu 7	@11ויאמר אסתירה פני מהם @33ואע"פ שאסתיר פני מהם כאדם שחוזר פניו שלא לראות את חבירו לא תחשבו שלא אראה שאמת שאסיר השגחתי והשפעתי מהם אבל עכ"ז אדע מה אחריתם ופעולותיהם שדבר א' הוא השגחה ואחר ידיעה:	Deuteronomy 32:20	
Toledot Yitzchak, Ha'Azinu 8	@11הם קנאוני @33בשאמרו שאיני אל ואני אקניאם בשאקרא אותם לא עמי אתם בשאקרא להם גוי נבל דכתיב עם נבל ולא חכם אכעיסם. או ירצה הם קנאוני בשאמרו אל תהפוך אותו ויאמר לא וזהו בלא אל וז"ש כי דור תהפוכות המה דור שהופכים שמי ששמי אל ואומרים לא:	Deuteronomy 32:21	
Toledot Yitzchak, Ha'Azinu 9	@11כי אש קדחה באפי @33פירוש אע"פ שאין דרך אלא לעלות עשן ולא אש כל כך הם רשעים כי אש קדחה באפי ואע"פ שדרך האש לעלות למעלה ולא לירד למטה עכ"ז ותיקד עד שאול תחתית ואף ע"פ שהאש אינו שורף הארץ ולא ההרים עכ"ז ותאכל ארץ ויבולה ותלהט מוסדי הרים ואכלה כל הרעות שבעולם ואביאם עליהם חצי אכלה בם שיהיו מזי רעב וגו' ועל העבירות שעושים בגלוי שזהו בחוץ תשכל חרב ועל העבירות שעושים בסתר יבא להם אימה לפי שגם בחור ויונק הוא עם איש שיבה פי' שאיש שיבה אין לו יותר שכל מבחורים ועמהם נמצאים ואמרתי אפאיהם אקח כעס עליהם ועכ"ז אשביתה מצד אנוש זכרם כלומר שאנשים חשובים ילכדום ולא פחותים וגוי נבל אלא שאם יהיו חשובים יאמרו הם שמצד גודלם ידם רמה וא"ת וכי לא יראו מעלת הש"י ושלא יוכלו לנו אם לא בעבור כי חטאנו לו לז"א כי גוי אובד עצות המה ואין בהם תבונה או ירצה וירא ה' וינאץ לבניו ולבנותיו והמיתם מצד הכעס ויאמר אסתירה פני מהם לפי שהם דור שאפילו שאני רוצה לעשות טובה עמהם מהפכים כוונתי מטובה לרעה בנים שאין בהם מדה טובה ויהיה אמון מלשון ויהי אומן וירצה אע"פ שהקב"ה נותן להם מדות טובות שז"ש אל אמונה אל שנותן ומלמד מדות טובות לישראל עכ"ז לא אמון בם:	Deuteronomy 32:22	
Toledot Yitzchak, Ha'Azinu 10	@11מזי רעב @33מלשון מזייה בלשון חכמים הוא שער פי' אני אעשה להם מגודלי שער כמו העני שהולך לשאול צדקה וכמו האבלים מחוץ כלומר אם תלכו בחוץ חוץ לעיר גזל והריגה ואם תשבו בבתיכם אימת מלאך המות ואפילו הבחורים שהם נבחרים וגם הזקנים שאין שולט בהם כ"כ מלאך המות במגפה עכ"ז כולם ימותו אמרתי אפאיהם אשימם בפינה א' כדי שלא יזיקו האויר אשביתה מלהיות מעורבים עם אנשים זכרם לולי כעס אויב שימצאם אגורים וימיתם כולם ביחד פן ינכרו צרימו ולפי האמת לא ה' פעל כל כך רע שיאמרו האומות ידינו רמה:	Deuteronomy 32:24	
Toledot Yitzchak, Ha'Azinu 11	@11כי גוי אובד וגו' @33דרך הוא שמי שאינו חכם לוקח עצה מחכם אבל הם גוי שמאבדים העצה ואין לוקחין עצה אע"פ שאין בהם תבונה ואחר שסיי' זה החלק הד' התחיל החלק הה' להוכיח לישראל ואמר לו חכמו ישכילו זאת שאומר לו לבד אני הייתי רואה מה אחריתם אבל הם יבינו לאחריתם:	Deuteronomy 32:28	
Toledot Yitzchak, Ha'Azinu 12	@11איכה ירדוף א' אלף @33נ"ל שלאחד מד' דברים נוצחים הנוצחים או בעבור רבויים או בעבור שר המלחמה הוא הראש שהוא גבור או בעבור חסידותם וזה דרך נס או בעבור שהם תחבוליים ובעלי עצה לז"א אם לרבויים הפך הוא שאחד מהם רודף אלף מישראל וב' רבבה אם לשר וראש צורנו גדול משלהם אם לחסידות אינו כן כי הם רשעים ובני רשעים כי מגפן סדום והכוונה שאם הגפן רע הזמורות רעים ואם הזמורות רעים הענבים מרים ואם הענבים מרים כל האשכול מר ואם האשכול רע היין שיצא ממנו מר וכן הם ובניהם ובני בניהם ואבותיהם רעים וחטאים וז"ש כי מגפן סדום גפנם וגם שדמות וענבימו ואשכלות ויינם ואם בעבור עצות אמר כי גוי אובד עצות המה וא"כ היה ראוי לישראל שיבינו שאין סבת זה אלא השי"ת לרשעותם:	Deuteronomy 32:30	
Toledot Yitzchak, Ha'Azinu 13	@11כי ידין ה' עמו @33להענישם ועכ"ז על עבדיו יתנחם וכל כך יענישם עד שיראה הקב"ה כי תלך כח יד ישראל ושיאפס ויכלה העצור כמו מי יעצור בעמי כלומר הגדולים ועזוב שיהיו ישראל נעזבים ולא נעזרים או עזוב מחוזק כמו שנאמר ויעזבו את ירושלים ואמר הקב"ה אי אלהימו הע"ז הצור שחסיו בו ישראל אשר חלב זבחימו של ישראל יאכלו ישתו הע"ז יין שלהם יקומו ויעזרוכם יהי עליכם סתרה ואחר שסיים זה החלק התחיל חלק ו' בפורענות שיביא הקב"ה על עע"ז ואמר כי אשא אל שמים והיה לו לומר אוריד אל שמים אבל הכוונה כי אז יהיה ההשגחה בארץ בינינו ולכן אמר אשא אל שמים ידי שאשנן חרבי ואני אשב לדין אשיב נקם וגו' ואשכיר חצי מדם מצד דם של החלל והשביה שהרגו ושבו לישראל ובראשו יפרע לו האויב:	Deuteronomy 32:36	
Toledot Yitzchak, Ha'Azinu 14	@11הרנינו גוים עמו @33שירו גוים בעבור טוב שיבא לישראל כלומר בכו גוים בעבור הנקם שהקב"ה רוצה לעשות בכם בעבור מה שעשיתם לעמו ע"ד שישי ושמחי בת אדום כי ג' מיני פורעניות עשיתם לישראל א' הריגה ב' מסים וארנוניות וחוקים רעים וגזל. ג' לגרשם מארצם ולפי שהארץ לא ירצה לקבל דמם בעבור שקללה הקב"ה בעבור שפצתה את פיה לקחת דם קין לז"א שהקב"ה יכפר לאדמה בעבור עמו או ירצה וכפר אדמתו ולעמו ובכתובות דרשו וכפר אדמתו עמו כל הקבור בארן ישראל כאלו קבור תחת המזבח כתיב הכא וכפר אדמתו עמו וכתיב התם מזבח אדמה תעשה לי:	Deuteronomy 32:43	
Toledot Yitzchak, V'Zot HaBerachah 1	@11ה' מסיני בא וזרח משעיר למו וגו' @33כתב הרמב"ן שכוונת הפסוק שבא לומר איך היה ראוי לחול עליהם הברכה והזכיר זכות ישראל ואמר ה' מסיני בא כלומר כי השם מסיני בא לישראל כי משם השכין שכינתו בתוכם ושוב לא נסתלקה מהם והענין שירד הכבוד בהר סיני כמו שנאמר וירד ה' על הר סיני וגו' ושם היה כל הימים שהיה משה עולה ויורד כמו שנאמר ומראה כבוד ה' כאש אוכלת בראש ההר וכאשר נתן לו לוחות האחרונות שכן הכבוד באהל משה כמו שנאמר ויהי כבוא משה האוהלה ירד עמוד הענן ועמד פתח האוהל וכתיב ודבר ה' אל משה פנים אל פנים וכאשר הוקם המשכן שכן הכבוד במשכן שנאמר וכסה הענן את המשכן וכבוד ה' מלא את המשכן ומשם היו לו כל הדברות כל ימי המשכן במדבר:	Deuteronomy 33:2	
Toledot Yitzchak, V'Zot HaBerachah 2	@11וזרח משעיר למו @33כי אחרי נסעם מסיני במסע הא' שכן הענן במדבר פארן ומשם שלח מרגלים שנאמר וישלח אותם משה ממדבר פארן ונתנדה העם ולא היה הדיבור אל משה עד שבאו אל שעיר בגבול בני עשו בסוף המ' כמו שנאמר שם כי ה' אלהיך ברכך בכל מעשה ידיך והנה אז בבואם משעיר היה שם לאור עולם ושלמו ימי אבלם:	Deuteronomy 33:2	
Toledot Yitzchak, V'Zot HaBerachah 3	@11הופיע מהר פארן @33שנסתכל בהם ושם עניינם למאור פניו מהר פארן והטעם כי תחלת הכנסם לארץ במדבר הגדול היה מפארן כמו שנאמר ויסעו מהר סיני וישכון הענן במדבר פארן והנה הש"י הופיע להם לראות מה הם צריכים במדבר הגדול והנורא מלשון ועל עצת רשעים הופעת רואה כל סתרי מחשבותיהם:	Deuteronomy 33:2	
Toledot Yitzchak, V'Zot HaBerachah 4	@11ואתא מרבבות קדש @33יאמר כי בא הקב"ה לישראל מרבבות קדושי עליון אשר ירדו עמו אל ההר כענין שנאמר רכב אלהים רבותים אלפי שנאן ומימינו אש דת למו כי מימין תפארתו היה להם אש דת לא מיד המלאכים הנזכרים רק מימין השם בעצמו ובכבודו:	Deuteronomy 33:2	
Toledot Yitzchak, V'Zot HaBerachah 5	@11אף חובב עמים @33יאמר אף אוהב את ישראל שהוא עמים רבים שנאמר אחריך בנימין בעממיך:	Deuteronomy 33:3	
Toledot Yitzchak, V'Zot HaBerachah 6	@11כל קדושיו @33של ישראל בידיך הם הלוים כי הקרבתם אליך להיות חונים סביבות האהל:	Deuteronomy 33:3	
Toledot Yitzchak, V'Zot HaBerachah 7	@11והם תוכו לרגליך @33יאמר שהם מוכים בכל מכה במדבר וללכת אחריך בכל אשר תלך לא יחושו לרעב ולצמא ומכת נחש שרף ועקרב רק יצאו לרגליך ואחריך ירוצו כענין שנאמר זכרתי לך חסד נעוריך וישא דבריך על שפתיו ויהגה בהם תמיד ויאמרו תורה צוה לנו משה והיא מורשה לעולם. ועוד יאמרו שהיה השם למלך על ישראל בהתאסף ראשי זקנינו ושופטינו וכל שבטי ישראל שכולנו יחד קבלנו מלכותו עלינו לדור ודור ואנחנו חייבין לשמור תורתו ומלכותו לעולמים או שחוזר למשה ע"כ דברי הרמב"ן ז"ל ונ"ל שיש להקשות עליו ה' קושיות הא' איך אמר הופיע מהר פארן שמהר פארן הופיע עליהם לראות מה הם צריכים שידוע הוא שהנס היותר גדול שנעשה להם במדבר היה המן מ' שנה ואין להם נס שכ"כ היו צריכים לו כמוהו וא"כ בו הופיע עליהם ואם כן איך אמר שמהר פארן הופיע והלא המן במדבר סין ניתן כמו שאמר ויסעו מאלים ויבאו כל עדת בני ישראל אל מדבר סין אשר בין אלים ובין סיני בט"ו לחדש השני לצאתם מארץ מצרים וילונו כל עדת בני ישראל על משה ועל אהרן במדבר ויאמרו אליהם בני ישראל מי יתן מותנו ביד ה' בארץ מצרים בשבתנו על סיר הבשר באכלנו לחם לשובע וגו' ואמר בסמוך ויאמר ה' אל משה הנני ממטיר לכם לחם מן השמים וגו' וא"כ איך הופיע ממדבר פארן לא הופיע רק ממדבר סין וכן עמוד הענן ועמוד האש מיד הופיע להם בצאתם ממצרים כמו שאמר וה' הולך לפניהם יומם בעמוד ענן לנחותם הדרך ולילה בעמוד אש וגו' וא"כ ממצרים הופיע להם ומפרשת אלה מסעי נראה שהיו מסעות רבות בין מדבר סין למדבר פארן שאמר שם ויסעו ממדבר סין ויחנו בדפקה וגו' ויחנו באלוש וגו' ויהיו ברפידים ויסעו מרפידים ויחנו במדבר סיני וכתיב בפרשת בהעלותך ויסעו בני ישראל ממדבר סיני וישכון העם במדבר פארן א"כ מסעות רבות בין מדבר סין למדבר פארן ויהיה מה שיהיה לא הופיע אלא ממדבר סין ולא ממדבר פארן. וא"ת שהנס הוא התמדתם זמן רב ולכך לא הזכיר תחלת היותם א"כ יותר נס היה בשעיר בשנת המ' והיה לו לומר הופיע עד הר שעיר ועוד יש להקשות להר"מ שלפי פירושו היה לו לומר ה' מסיני בא והופיע מהר פארן וזרח משעיר למו שהר פארן היה בתחלת המ' וזריחת שעיר היה בסוף המ' ולמה לקחם למפרע ועוד שמה סדר הוא זה התחיל לדבר בענין מתן תורה ודילג לזריחת שעיר בסוף המ' וחזר למדבר פארן ואח"כ חזר לדבר בענין מתן תורה באומרו ואתא מרבבות קדש היה ראוי שיסיים ענין מתן תורה ואח"כ יאמר הופיע מהר פארן וזרח משעיר למו. ועוד שכל זה אינו אלא שמזכיר חסדי הש"י עמנו ולא צדקותינו ואם כן איך הקדים זה לומר שראויים לברכה וא"ת שבא לומר לנו לא לחנם עשה הקב"ה כל זה עמהם ולא עם שאר אומות אלא בעבור אבותם או בעביר זכותם הפך הוא שאמר וזרח משעיר למו ולפי דעת הרמב"ן ר"ל שמשעיר בשנת המ' זרח להם אבל מפארן שהוא בתחלת המ' עד עתה נתנדה העם ולא היה הדבור אל משה ואם כן הפסוק הזכיר רשעותם באמרו משעיר שהוא שנת המ' זרח אבל קודם לא זרח ולא היה ראוי שיאמר הכתוב אלא וזרח למו ולא יאמר מאי זה מקום ועוד לפי פירושו איך יתיישב מלת אף שאם יאמר למעלה שהקב"ה חבב לאומה אחרת יאמר אף חבב לישראל שהם עמים רבים אבל למעלה לא הזכיר אלא החבה שחבב הש"י את ישראל ואיך יאמר ג"כ חבב את ישראל שהם עמים ואיפשר להתיר אלו הקושיות אבל בדוחק ורז"ל אמרו שכוונת הפסוק ה' מסיני בא יצא לקראתם כשבאו להתיצב בתחתית ההר כמו חתן היוצא להקביל פני כלה שנאמר לקראת האלהים וזרח משעיר למו שפתח לבני עשו שיקבלו את התורה ולא רצו וכן לישמעאל וגם על רבותינו ז"ל יש להקשות שלא מצאנו רמז במתן תורה לזאת ההליכה וראוי היה שיהיה בה רמז ועוד שאם כן מה הופעה היא זו ומה זריחה היא זו לא היה לו לומר אלא והלך לשעיר והלך לפארן ועוד שלפי פירושם נראה שהלך לעשו וחזר לישראל ואח"כ חזר לישמעאל ואח"כ חזר לישראל שכן אמר ה' מסיני בא שהלך לישראל וזרח משעיר למו כלומר שכאשר לא רצו בני עשו לקבל אותה בא לישראל וכן פי' הרמב"ן על רבותינו. וא"כ יש להקשות למה צורך כל אלו החזרות ילך מיד לישראל ואח"כ לאומות או לאומות ואח"כ לישראל והנ"ל בתירוץ אלו הקושיות לראשונה שאין כוונת רבותינו שהלך ממש או ששלח אלא שאחר שהאומות ראו הנסים גדולים שנעשו לישראל שלא שמעו מעולם ולא ראו ועשרה מכות וקריעת הים כמו שאמר שמעו עמים ירגזון חיל אחז יושבי פלשת וגו' הראוי היה שיבאו כולם לחסות תחת כנפי השכינה ולקבל התורה וזה היה פתח גדול להם ולא רצו וזהו שאמרו שפתח לבני עשו שיקבלו את התורה ולא רצו וכן לישמעאל ולא אמרו ששלח או שהלך אלא שפתח לומר פתח גדול ניתן להם לשיקבלו את התורה ולא רצו ונ"ל שכוונת הפסוק לדעת רבותינו ה' מסיני בא לתת התורה לישראל ולכל מי שיבא והקב"ה הזריח לישראל זריחה גדולה מצד שעיר כי זכות גדולה וזריחה גדולה לישראל שעשו אחיו לא קיבל התורה וישראל קבלוה וכן הופיע והזריח לישראל מצד ישמעאל שלא רצו לקבלה כי זה תפארת גדול לישראל ומעלה גדולה ולכך הזכיר זריחה בשעיר והופעה בפארן שמאברהם כל זמן שהולך יותר ומקרב לשנים עשר שבטים יותר שלמים היו וא"כ ממי באה יותר מעלה לישראל משעיר או מפארן משעיר שהיה קרוב יותר אל השלימות ועכ"ז לא קיבל. ובזה יותר ספק אחד במאמר מדוע לא הזכיר שאר האומות שלכל האומות הלך כמו שכתב הרמב"ן וכן ראוי אלא הטעם שמשאר האומות שלא קבלו התורה לא היה זריחה לישראל שאינם מזרע אברהם ממי באה הזריחה מזרע אברהם ובזה לא יקשה למה כתב זריחה והופעה וג"כ מלת למו אינה קשה והנכון בעיני שמשה אדונינו היה לו שנאה גדולה עם ערב רב לפי שלסבתם לא נכנס לארץ כמו שתמצא בענין מי מריבה שלעולם לא הזכיר אלא העם כמו שאמר שם וישב העם בקדש ואומר בסמוך ויקהלו על משה ועל אהרן פי' העם הנזכר ואמר וירב העם עם משה ויאמרו ולו גוענו בגוע אחינו לפני ה' וממנו אין חשש כ"כ אבל למה הבאתם את קהל ה' אל המדבר הזה למות שם ולכך דיבר בזדון כנגדם ואמר שמעו נא המורים המן הסלע הזה נוציא לכם מים ואחריהם ג"כ רבו בני ישראל אבל הם היו לעו' המתחילים המריבה ולז"א וזאת הברכה אשר בירך משה שהוא מקושר עם מה שאמר למעלה כלומר בעבור שנענ' בעבור הערב רב לז"א וזאת הברכה אשר בירך משה איש האלהים את בני ישראל סמוך למיתתו ולא בירך לערב רב שלסבתם מת כי לא כהתה עינו ולא נס ליחה וקשים גרים לישראל כספחת ולז"א וזאת בו"ו ורצה לתת סבה שישראל היו ראויים לברכה ולא הערב רב ואמר ה' מסיני בא וגו' כלומר ידוע שהגיע מעלת הנבואה לכל אחד כפי מעלתו. ולכך אמר ה' מסיני בא לתת תורה לישראל וזרח בנבואתו יותר ממה שזרח לשעיר הוא עשו שהיו מעורבים שם למו לישראל וכן הופיע בנבואתו יותר מפארן וק"ו מלשאר אומות שאלו זרע אברהם ואם אתא הקב"ה לתת תורה הסבה היה בעבור רבבות קדש שהם ישראל וכן אמר משה שובה ה' רבבות אלפי ישראל ויהיה מם מרבבות כמו מחטאת נביאיה שהרצון בו בסבת חטאת נביאיה ומימין תפארתו היתה האש דת למו לישראל וברצון טוב יותר מלערב רב ואף אם חבבת לעמים שהם ערב רב לתת להם התורה כל קדושי ישראל בידיך יותר קרובים אליך והם ראויים לכך שהם הוכו במצרים בעבורך וערב רב לא הוכו וישראל ג"כ אומרים כן וישא דבריך על פיו ואומרים תורה צוה לנו משה לבד ולא להם ומורשה למי שנקרא קהלת יעקב ואומרים ג"כ ויהי בישורון לבד הקב"ה מלך כשנתאספו ראשי ישראל וזקניהם יחד עם כל שבטי ישראל ולזה קראם כאן ישורון שהוא לשון ראייה שראו בסיני השכינה שלא נגלה אלא בעבור זרע ישראל:	Deuteronomy 33:3	
Toledot Yitzchak, V'Zot HaBerachah 8	@11יחי ראובן ואל ימות @33ארז"ל בעולם הזה ובע"ה וכן ת"א ומות' תניינא לא ימות. ויתכן לפי שיש חיים שהוא כמיתה והוא העניות שחשוב כמת לז"א יחי ראובן ולא יהיה חיים שיהיה מיתה אלא הפך שיהיו אנשיו חשובים ואנשי מספר ור"א לפי שהוקשה לו שהדבר הנספר הוא מעט כמ"ש והיה מספר בני ישראל כחול הים אשר לא ימד ולא יספר פירש ואל יהי מתיו מספר ויתכן לפי שהיוצאים למלחמה מונים אותם ושולט עין הרע בהם וראובן יעבור חלוץ לפני ישראל אמר ואל ימות עם היות שאנשיו יהיו נספרים או ירצה עם היות שהוסרה ממנו הבכורה לעולם יהיה הוא התחלת המספר וכן מצינו ממנו התחלה בכל התורה או ירצה כשילך חלוץ למלחמה לפני ישראל לא ימותו ויחזרו לבתיהם כל המספר ההולך שמה:	Deuteronomy 33:6	
Toledot Yitzchak, V'Zot HaBerachah 9	@11וזאת ליהודה @33כתב ר"א וכן אמר ליהודה שיחיה ולא ימות והוסיף לו עוד שמע ה' וגו' וכתב הרמב"ן איננו נכון על פירושנו כי יהודה לא נתחייב בכרת הזה שיתפלל עליו כן אבל הוא כפשוטו וזאת הברכה אשר ליהודה ואני תמה עליו שר"א נכנס בזה לפי שראה שינוי בזאת הברכה מכל שאר הברכות שלא אמר וזאת ללוי וזאת לבנימין ואיך יאמר הרמב"ן אבל הוא כפשוטו אבל על פירוש ר"א יתיישב לפרש כן שלפי שהוא יוצא חלוץ אמר עם היות שהם נספרים אל ימות ולפי שיהודה איש מלחמה ויהיו נספרים אמר וזאת הברכה ליהודה ג"כ ועוד אמר שמע ה' וגו' ואמר שמע ה' קול יהודה לפי שיהודה היה בעל מלחמות וארז"ל שמי שיש לו אומנות אחת אין לו ליקח אומנות אחרות שאמרו אין מלחמה נוצחת שאין בה מזרע עשו ואין תפלה נשמעת שאין בה מזרע יעקב וכן אמרו בבלעם שלקח אומנות ישראל שכחם בפיהם לקחו אומנותו והרגו אותו בחרב לכן התפלל עליו ואמר עם היות שאומנותו מלחמה ג"כ יהיה תפלתו נשמעת ולא יצא מכלל עמו ואל עמו תביאנו וא"ת א"כ אינו נוצח ידיו רב לו ולא יהיה צריך עוזר אלא אתה ולפי' המפרשים שאל עמו תביאנו פירושו תביאנו לשלום מן המלחמה וכי לא בירך אותו אלא שלא ינוצח ראוי שיתפלל שינצח וכמו שבירכו יעקב ידך בעורף אויביך והתשובה שתפלת משה כשיהודה לא יהיה צדיק ואינו הולך בדרך ישרה כראוי לזה התפלל ואל עמו תביאנו וזה אני מתפלל כשאתה עוזר לצריו שזהו מורה לשון ועזר מצריו תהיה ואסתייע מרז"ל לזה הפירוש שאמרו מאי דכתיב ידיו רב לו אמר לפניו רבונו ש"ע מה שאמר ידינו אל תהי בו יהיה מספיק לו נראה שמדבר כשאין לו זכות ומבקש זכות אבותיו עוד נ"ל ידיו רב לו עם היות שלא יהיו לו כלי מלחמה אלא הידים לבד יספיקו לו כמו שמשון בלחי וכן בידיו שאחז עמודי הבית והרג במותו יותר מבחייו:	Deuteronomy 33:7	
Toledot Yitzchak, V'Zot HaBerachah 10	@11וללוי אמר אשר נסיתו במסה @33והיה צריך שיאמר שיצא שלם מן הנסיון וכן תריבהו ולזה ת"א דנסיתוהי בניסתא והוה שלים בחנתיה על מי מצותא ואשתכח מהימן והעיקר חסר מן הספר והנכון שאינו חסר כלל לפי שאמרו רז"ל שהקב"ה אינו מנסה אלא לצדיקים שנאמר ה' צדיק יבחן משל לקדר שאינו מנסה לקדירות שבורות והקב"ה אינו מנסה לרשעים וא"כ אין צריך לומר שיצא שלם וכן תריבהו על מי מריבה שדקדקת עמו כחוט השערה שכן דרך השי"ת עם צדיקים שנאמר וסביביו נשערה מאד וכן פרש"י נסתקפת לו לבא בעלילה:	Deuteronomy 33:8	
Toledot Yitzchak, V'Zot HaBerachah 11	@11האומר לאביו ולאמו @33ארז"ל שזה בעגל בשאמר משה מי לה' אלי ויאספו אליו כל בני לוי ויאמר להם הרגו איש את אחיו ועשו כן והרגום והקשו אביו ואחיו ובנו חטאו והא כתיב ויאספו אליו כל בני לוי והשיבו אביו אבי אמו והוא מישראל ואת בניו בן בתו ואחיו מאמו. ואבא מרי החכם ה"ר יוסף קארו זצ"ל אמר שאין צורך לזה אלא אביו כפשוטו וכן אחיו ובניו והכוונה האומר לאביו ולאמו לא ראיתיו בעגל שלא היו שם ואת אחיו לא הכירם שם מצחקים עם העגל שלא היו שם ואת בניו לא ידעם שם שודאי לא היו שם. ונ"ל שכוונת הפסוק לפי שיעקב אמר ללוי אחלקם ביעקב ואפיצם בישראל ומשה לא היה יכול לברכו הפך אותה הקללה ולכן לא בירך לשמעון לפי שיעקב לא בירך אותו ומצד אחר היה ראוי לברכה לכן אמר לוי שלפי קללתו של יעקב יאמר לאביו ולאמו לא ראיתיו לפי שאחר שהם נפוצים לא יראה לאביו ולאמו שהאב במקום אחד והבן במקום אחר וכן את אחיו לא הכיר שאח אחד בעיר אחת ואח אחר במקום אחר וכן את בניו לא ידע הגזירה אי אפשר שתיבטל אבל אתחנן לפניך שאחר שחזרו בתשובה כי שמרו אמרתך ובריתך ינצורו שיתקיימו דבריו אבל לטובה שילכו מעיר לעיר וממדינה למדינה ללמד לישראל דרך ה' ולדרוש להם דרושים יקרים בעבודתו יתברך כמו שהיה עושה שמואל שנאמר וישפוט שמואל את ישראל כל ימי חייו והלך מדי שנה בשנה וסבב בית אל והגלגל והמצפה ושפט את ישראל את כל המקומות האלה:	Deuteronomy 33:9	
Toledot Yitzchak, V'Zot HaBerachah 12	@11יורו משפטיך ליעקב @33לאותם שהם בעלי דינים יורו להם דיני ממונות ותורתך שהיא מצות שבין אדם למקום לישראל שהוא שם יותר מעולה וגם לפי שיעקב אמר אחלקם ביעקב ואפיצם בישראל לכך הזכיר כאן יעקב וישראל על הכוונה הנזכרת ומה דרשה ידרשו להם שהם חייבים מיתה ישימו קטורה באפך שמגפה ראויה לבא עליהם וכן שראויים להיות נשרפים כעולה ולכן יורו להם שיביאו כליל על מזבחך ולפי שהדרך ממעט פריה ורביה וממון והשם וגם מקללים לגר ואומרים לו שאינו תושב וכיוצא בזה לז"א לראשונה ברך ה' חילו וכן כתב הרמב"ן שיהיו חיל גדול שירבו ולא ימעטו ולענין העושר ופועל ידיו תצליח ולמי שיקום כנגדו מחץ מתנים קמיו. ומ"ש כי שמרו אמרתך הוא בעגל לא יהיה לך אלהים אחרים ובריתך ינצורו ברית מילה שהנולדים במדבר לא מלו ושבט לוי מלו מחץ מתנים קמיו המעוררים על הכהונה. ד"א התפלל על החשמונים ומשנאיו מן יקומון מהיות להם תקומה:	Deuteronomy 33:10	
Toledot Yitzchak, V'Zot HaBerachah 13	@11לבנימין אמר ידיד ה' @33כתב הרמב"ן בנימין שהוא ידיד ה' ישכון לבטח על השם והשם יהיה חופף עליו כל היום וא"כ עליו הראשון חוזר על השם ועליו השני על בנימין והנכון שיחזרו שניהם על בנימין וזה לפי שבירך ללוי בקרבנות ישימו קטורה באפך וכליל על מזבחך ולפי שבהמ"ק היה בחלק בנימין לז"א לבנימין לוי שהוא ידיד ה' ישכון לבטח עליו עם בנימין ויהיה בקרבנותיו חופף ומגין על בנימין ומכפר עליו כל היום ובמקום גבוה שכן שהוא בהמ"ק וישמור אותו כשומר חומה. אבל כל המפרשים פירשו ידיד ה' בנימין:	Deuteronomy 33:12	
Toledot Yitzchak, V'Zot HaBerachah 14	@11חופף עליו כל היום @33שמשנבחרה ירושלים לא שרתה שכינה במקום אחר:	Deuteronomy 33:12	
Toledot Yitzchak, V'Zot HaBerachah 15	@11ובין כתפיו @33בגובה ארצו בית המקדש ורמז כאן על ג' מקדשות ישכון לבטח עליו מקדש ראשון שנאמר וכבוד ה' מלא את בית ה'. חופף עליו כל היום בית ב' שלא היתה בו שכינה שרויה אלא מכסה ומגין. ובין כתפיו שכן לימות המשיח כי אז יקראו לירושלים כסא ה' ובספרי מה זכה בנימין הצדיק שתשרה שכינה בחלקו משל למלך ב"ו שבא אצל בניו לפרקים וכל א' וא' אומר אצלי שורה אבא קטן שבהם אומר א"א שיניח אחי הגדולים וישרה אצלי עמד לו ופניו מבויישות ונפשו עגומה עליו אמר להם ראיתי בני קטן ופניו מבויישת ונפשו עגומה עליו עכשיו מאכל ומשתה יהיה משלכם ולינתי אצלו כך אהבת בית הבחירה יהיה של בנימין וקרבנות מכל השבטי' ד"א מפני שכולם היו במכירתו של יוסף ובנימין לא ד"א מפני שכל השבטים נולדו חוצה לארץ ובנימין נולד בארץ. ובחדושי צרפתי לכך נעשה הקב"ה אושפיזכניה מפני הגביע שנמצא באמתחתו והכוהו אחיו בין כתפיו זכה לכך לבין כתפיו שכן:	Deuteronomy 33:12	
Toledot Yitzchak, V'Zot HaBerachah 16	@11וליוסף אמר מבורכת ה' ארצו @33הטעם שבירך ארצו הוא לפי שאדם הראשון חטא כששמע לקול אשתו ונתקללה האדמה בעבורו יוסף שלא שמע לאשת אדוניו תהי מבורכת ארצו ועוד לפי שכלכל את בית יעקב לחם לפי הטף ושלח לאביו בר ולחם ומזון לכך בירכו בפירות ואמר מבורכת ה' ארצו ממגד שמים פירי שמים והוא הטל וגם מתהום רובצת תחת עינות ותהומות הרי מים מלמעלה ומלמטה ולסבת המים ירבו פרי העץ ופרי האדמה וזהו וממגד תבואות שמש שהשמש מבשל פרי העץ וממגד גרש ירחים הם פרי האדמה שצריכים לחות הרבה והירח מלחלח ומראש הררי קדם שפירותיו ימהרו להתבשל מפירות שאר השבטים וזהו קדם מבורכת מראשית בשול הפירות שהרריה מקדימים לבשל ולבכר בישול פירות וזהו גם כן גבעות עולם ולפי שבירך ההרים בירך ג"כ ארץ המישור וזהו וממגד ארץ ואמר ומלואה שהארץ מלאה בבהמות וג"כ יהיו מבורכות כמו שאמר שגר אלפיך ועשתרות צאנך. ובכל זה אם אין שם רצון אלהי לא יועיל לז"א ורצון שוכני סנה.	Deuteronomy 33:13	
Toledot Yitzchak, V'Zot HaBerachah 17	@11נזיר אחיו @33שהופרש מאחיו במכירתו וא"ת אחר שארצו מבורכת זה יהיה לסבה שכולם עובדי אדמה בבלויי סחבות והשקו ברגליהם גן הירק אמר יוסף שהוא בכור שניתנה לו בכורתו של ראובן הדר לו וא"ת היפים אינם בני מלחמה כמו שאמר בגלית על דוד ויבט הפלשתי ויראה את דוד ויבזהו כי היה נער ואדמוני עם יפה מראה ואחר שארצם מבורכת מאד יבואו האויבי' לאכלה וקרני ראם קרניו ובהם ינגח לעמים רבים ולא יגרשם למקום קרוב אלא עד אפסי ארץ ואיך אפשר כל כך גבורה לפי שהם שני שבטים ובהם רבבות ואלפים:	Deuteronomy 33:16	
Toledot Yitzchak, V'Zot HaBerachah 18	@11ולזבולון אמר שמח בצאתך @33למלחמה ויששכר בשבתו בביתו שנאמר וירא מנוחה כי טוב. או יאמר שמח זבולון בצאתך לסחורה ויששכר במדרשות ויחלקו הריוח והזכות:	Deuteronomy 33:18	
Toledot Yitzchak, V'Zot HaBerachah 19	@11עמים @33אלו שני שבטים להר המוריה ילכו להקריב קרבנות רבות ונדבות בעבור שלהם עושר גדול כי שפע ימים יינקו ויעשו סגולות כמלכים מזהב ומרגליות ויטמינוהו בחול:	Deuteronomy 33:17	
Toledot Yitzchak, V'Zot HaBerachah 20	@11ברוך מרחיב גד @33שיעשה הרחבה גדולה בחרבו כשיוציאנה מתערה שכולם יברחו וגבורתו גדולה עד שיטרוף בחרבו בבת אחת זרוע וקדקד גם אם יתחיל מהזרוע הנקרא ריבי"ש בלעז וכ"ש אם יתחיל מהראש:	Deuteronomy 33:20	
Toledot Yitzchak, V'Zot HaBerachah 21	@11וירא ראשית לו @33שלקח נחלה בראשונה ארץ סיחון ועוג קודם שינחלו שאר השבטים ודן אותם לכף זכות שעשו כן לפי שהיה משה שנקרא מחוקק קבור שם ושם חלקו ולא אמר קבור דכאלו לא מת אלא הוא טמון שם וגם אמר ספון לפי שלא ידע איש את קבורתו:	Deuteronomy 33:21	
Toledot Yitzchak, V'Zot HaBerachah 22	@11ויתא @33גד חלוץ לפני ישראל למלחמה בראש המערכה ובזה קיים דברו שנדר לה' שילך חלוץ וגם קיים דברו עם ישראל לילך למלחמה או חוזר ויתא למשה שבא לתת תורה לראשי עם ולזכותם ובזה עשה צדקת ה' ועם ישראל:	Deuteronomy 33:21	
Toledot Yitzchak, V'Zot HaBerachah 23	@11דן גור אריה יזנק @33פי' ידלג הוא שמשון שהיה בא בפתע והורג בפלשתים בלא הרגשת חיל והשמעת קול:	Deuteronomy 33:22	
Toledot Yitzchak, V'Zot HaBerachah 24	@11נפתלי שבע רצון @33יש אנשים עניים ושמחים בחלקם ויש עשירים ואינם שמחים בחלקם כי אוהב כסף לא ישבע כסף אמר נפתלי לו שתיהם שמח בחלקו והוא עשיר וזהו שבע רצון וגם מלא ברכת ה':	Deuteronomy 33:23	
Toledot Yitzchak, V'Zot HaBerachah 25	@11ברוך מבנים אשר @33הטעם שבירך לאשר זאת הברכה לפי שהיה מוחרם שהחרימו למי שיגלה שיוסף חי וסרח בת אשר אמרה ליעקב יוסף חי כפי מאמר רז"ל ואין אומרת הבת בפתח אלא מה ששומעת בכירים א"כ אשר גלה והמוחרם נקרא ארור לז"א ברוך ואסור בתשמיש המטה ולא יהיו לו בנים לז"א ברוך מבנים אסור לדבר אחיו עמו באהבה וחיבה יהי רצוי אחיו אסור בסיכה וטובל בשמן רגלו אסור בנעילת סנדל לדעת מקצת חכמים ברזל ונחשת מנעליך אינו מאריך ימים וכימיך דבאך:	Deuteronomy 33:24	
Toledot Yitzchak, V'Zot HaBerachah 26	@11ברזל ונחשת מנעליך @33אשר היה בסוף ארץ ישראל ולז"א ברזל ונחשת שהיה לו דלתות נחושה ובריחי ברזל וכל הארץ נעולה בהם או יאמר נעולה בהרים שחוצבין מהם ברזל ונחשת וכימיך דבאך ימי הבחרות נקראים ימיו של אדם וימי הזקנה כאלו אינם שלו ואמר בימי הבחרות יהיו ימי הזקנה ודבאך הפוך מדאבון נפש:	Deuteronomy 33:25	
Toledot Yitzchak, V'Zot HaBerachah 27	@11אין כאל ישורון @33היא ברכה לכל ישראל וטעם אלו הפסוקים לפי שכללות ברכותיו שלשה אחד שיהיו בעלי תורה. הב' שיהיו מוצלחים בנכסים וארצם תהיה מבורכת. ג' נצחון אויבים. בנימין ויששכר בירך בתורה ובעבודת הש"י ליוסף וזבולון נפתלי ואשר בעושר לראובן וליהודה ולגד ודן בנצחון אויבים ולמקצת שבטים ברכות כפולות וללוי בירך כל שלשתן תורה תומיך ואוריך הצלחות ברך ה' חילו ופועל ידיו תרצה נצחון מחץ מתנים קמיו ויקנאו השבטים ולמה לא נתת ליהודה כמו לשאר שבטים ולמה לא נתת לי הצלחות ולמה לא נתת לי נצחון כמו לשאר שבטים ועוד לשבטו למה נתן כל שלשתן לכן בירך עתה לכל ישראל בכל ג' ברכות ובכל אלו הד' פסוקים הזכיר ישראל לומר שלכל ישראל היה מברך בכל הג' בנצחון אמר אין כאל ישורון לומר עם היות שהמערכה יחייב שיהיו מנוצחים הקב"ה רוכב המערכה והשחקים כרוכב הסוס יוליכהו על כרחו למקום חפצו ולזה נקראו שחקים שהקב"ה ישחקם כמו ושחקת ממנה הדק שהשמים מקומו ומעונתו של אלהי קדם ומתחתיו המערכות שהם זרועות עולם שמקיימים העולם ויפקוד על צבא המרום במרום ואח"כ על מלכי האדמה ויגרש מפניך אויב ובענין ההצלחות וישכון ישראל בטח בדד כל מי שבא מעין יעקב והם יוצאי חלציו אל ארץ דגן ותירוש בענין התורה אשריך ישראל וגו'. וכתב בזוהר וכי גאותם של ישראל חרב היא והלא לעשו ניתנה אלא דא היא דתלמידים כדשמעין מלה ולא אתישיב בלבהון לוחמים כמו בחרב:	Deuteronomy 33:26	
Toledot Yitzchak, V'Zot HaBerachah 28	@11וימת שם משה עבד ה' @33לא קראו עבד ה' בכל ה' חומשי תורה עד שמת ובחייו קראו איש האלהים וזה למעלתו ולהשגתו כי העבד רגיל אצל אדוניו ונכנס עמו בחדרי חדרים ומשמש לפניו תמיד ואמרו גדולים צדיקים במיתתן יותר מבחייהם ולכן בירך את ישראל סמוך למיתתו שהוא יותר זך וחכמתו זכה והיה כמלאך נבדל מחומר וכן יעקב ברכם סמוך למיתתו. וא"ת אליהו לא מת ומשה שהיה ביותר מדרגה מת. התשובה משה חטא ואליהו לא חטא ויש לשאול מי כתב וימת שם משה ובמסכת בתרא פ"ק ח' פסוקים יהושע כתבן אפשר משה חי וכתב וימת שם משה דברי ר' יהודה א"ל ר' שמעון איפשר ס"ת חסר אות אחת וכתיב לקוח את ספר התורה אלא ע"כ א"ל הקב"ה ומשה כותב ומכאן ואילך הקב"ה אומר ומשה כותב בדמע ולכך אמרו התם שיחיד קורא אותם וי"מ שקורא אותם שלא בעשרה הואיל ואישתנו אישתנו במעלתן והשינוי הוא שכתבן יהושע ואף למ"ד שכתבן משה אישתנו שכתבן בדמע פירוש שכל כך היה מוריד דמעות שהיה מטבל בהם הקולמוס וי"מ כל התורה הקב"ה אומר ומשה אומר וכותב כלומר שהיה חוזר הדברים בשמחה גדולה ואלו הח' פסוקים הקב"ה אומר ומשה כותב בדמע שלא היה חוזר אותן מרוב בכיה ולא שכתבן בשהיה מטבל הקולמוס בדמעותיו וזה השינוי שלא חזר אותם ולזה יחיד קורא אותם שלא בי' מה שאין כן בשאר התורה שאין קורין אלא בי' וי"מ שאין מפסיקין בהם אלא שקורא אותם אחד וי"מ יחיד קורא אותם לא יותר שהמסיים מתחיל מן וימת משה ולא למעלה שלא יערבם עם הפסוקים שלמעלה מהם וי"מ ביחיד בלא עזר החזן שכל התורה הקב"ה אומר ומשה אומר וכותב והיו שניהם אומרים כל כתוב וכתוב וכן העולה לקרות החזן מחזן עליו וכמו שנוהגין בקושטנטינ"א שהחזן אומר הפסוק וחוזר הקורא וקורא אותו אבל אלו הח' פסוקים הקב"ה אמרן לבדו ומשה לא חזר מרוב דמעותיו ולכן קורא אותם המסיים לבדו בלא עזר החזן וכן נוהגין בפרובינצ"א:	Deuteronomy 34:5	
Toledot Yitzchak, V'Zot HaBerachah 29	@11ויקבור אותו בגי @33הקב"ה קברו פי' שנפתח לו הארץ דרך נס ונכנס שם ומת ונסתמה ר' ישמעאל אומר הוא קבר את עצמו וכן ביום מלאת נזרו יביא אותו הוא יביא את עצמו פירוש שנכנס במערה:	Deuteronomy 34:6	
Toledot Yitzchak, V'Zot HaBerachah 30	@11לא כהתה עינו ולא נס ליחה @33לחותו שהזקן גובר עליו היובש וזה גם אחר שמת וז"ש במותו לא כהתה עינו:	Deuteronomy 34:7	
Toledot Yitzchak, V'Zot HaBerachah 31	@11ויבכו בני ישראל את משה @33הזכרים אבל באהרן נאמר כל בית ישראל זכרים ונקבות לפי שהיה אוהב שלום ורודף שלום ומשים שלום בין איש לחבירו ובין איש לאשתו ויתכן שמה שעשו יותר כבוד לאהרן מפני כבודו של משה שהיה חי אבל כשמת אהרן לא נשאר לו אח:	Deuteronomy 34:8	
Toledot Yitzchak, V'Zot HaBerachah 32	@11ולא קם נביא עוד בישראל כמשה @33בג' מקומות הודיענו התורה מעלתו של משה על שאר הנביאים בפרשת וארא הודיענו מעלתו על האבות הקודמים אליו ובפרשת בהעלותך הודיע מעלתו על נביאי דורו ובכאן על כל הנביאים העתידים:	Deuteronomy 34:10	
Toledot Yitzchak, V'Zot HaBerachah 33	@11ולכל היד החזקה @33זו קריעת ים סוף שנאמר בו וירא ישראל את היד הגדולה:	Deuteronomy 34:12	
Toledot Yitzchak, V'Zot HaBerachah 34	@11ולכל המורא הגדול @33זו מתן תורה שנאמר בה ובעבור תהיה יראתו על פניכם. ובספרי היד החזקה זו מכת בכורות שנאמר כי ביד חזקה ישלחם ולכל המורא הגדול זו קריעת ים סוף. ובמדרש כששיבר הלוחות תפסו בידיו אהרן ויהושע שלא ישברם ונתחזקה בהם ידיו ושיברם ואמר הקב"ה תבורך יד חזקה כזה הדא הוא דכתיב ולכל היד החזקה:	Deuteronomy 34:12	