Toledot Yitzchak, Vayikra 1	@11ויקרא אל משה @33אמר הכתוב בבלעם ויבא אלהים אל בלעם וא"כ יותר כבוד עשה הקב"ה לבלעם שבא לביתו לדבר אליו ולמשה קרא אותו לביתו. והטעם לפי שהקב"ה היה צריך לו שלא יקלל לבניו לכן החניף לו שמחניפין את הרשעים אבל רז"ל המשילו משל למלך שרצה לדבר אל השר צוה שיבא לביתו אבל אם רצה לדבר עם מצורע הולך המלך לפתח חצר המצורע כדי שלא יטנף בית המלך וכן בלעם שהיה רשע ומצורע במדותיו לא רצה הקב"ה שיבוא לביתו אבל מרע"ה שהיה טהור וקדוש קראו לביתו ולזה ארז"ל שאלף ויקרא קטנה להורות צניעותו של מרע"ה שהיה מקטין עצמו אמר לפניו רבש"ע איך תכתבני בתחלת תורת כהנים ויקרא אל משה אמר מה אעשה לך אם אכתוב ויקר לשון מגונה הוא אמר אעשה האלף קטנה ויבינו הדורות שהקטנתי את עצמי אבל אלף של אדם שת אנוש גדולה לפי שהיה גדול מכל אדם שבעולם:	Leviticus 1:1	
Toledot Yitzchak, Vayikra 2	@11אדם כי יקריב מכם קרבן לה' מן הבהמה מן הבקר ומן הצאן תקריבו את קרבנכם. @33אם עולה קרבנו מן הבקר בקרבנות יש ספקות. הספק הראשון היה ראוי שכל הקרבנות יהיו מקמח שהוא דבר טהור ונקי אבל שיהיה מבשר נראה דבר מזוהם שישחטו בבית המקדש ויפשיטו וינתחו וישרפו הבשר וישפכו הדם על קרנות המזבח וכל זה ח"ו נראה מזוהם וטמא כאלו היה בית המקדש בית המטבחים ח"ו:	Leviticus 1:2	
Toledot Yitzchak, Vayikra 3	@11והקריב מן התורים או מן בני יונה @33ארז"ל תורים גדולים ולא קטנים בני יונה קטנים ולא גדולים הטעם בתורים לפי שהנקבה מהם כשיאבד בן זוגה לא תדבק באחר לעולם וכן ישראל הדבקים בה' לעולם לא ימירוהו באחר ולכן קטנים פסולים שאינם ראוים לזיווג ומן היונים פסל גדולים לפי שהם קנאים ויבאו לידי פירוד ולכן בחר בקטני' קודם היותם לזיווג ולא הכשיר הקב"ה תרנגולים לקרבן לפי שהם בעלי זימה. ועל דרך הקבלה התורים יסודם מים ולכן הוכשרו גדולים לרמוז שהחסד צורך גדול לעולם בכל הדברים והיונים יסודם אש כמו שאמר ואברותיה בירקרק חרוץ שהזהב הירוק הוא גוון האש וההכפל בירקרק לתוקף הדין לכן נפסלו הגדולים והוכשרו הקטנים כי המיעוט ממנו מספיק:	Leviticus 1:14	
Toledot Yitzchak, Vayikra 4	@11כי כל שאור וכל דבש לא תקטירו ממנו @33כתב הרמב"ם שמנהג עובדי ע"ז שבכל מנחתם היו מקריבים חמץ ומערבים דבש בכל קרבנותיהם ולכן אסרם לגבוה. ועל דרך הקבלה השאור והדבש רמז למדת הדין:	Leviticus 2:11	
Toledot Yitzchak, Vayikra 5	@11וכל קרבן מנחתך במלח תמלח @33הטעם שאין דרך כבוד של גבוה בקרבן שיהיה תפל מבלי מלח כענין הקריבהו נא לפחתך. והרמב"ם כתב שמנהג עובדי ע"ז להרחיק המלח מן הקרבנות לפי שהמלח בולע הדם וההרחקה כדי שלא ילך אפי' טפה מן הדם לאיבוד כל כך היו נמשכין אחר מאדים וכחותיו ולהרוס כוונתם צוה במלח תמלח. ודרז"ל העולם כולו שלישו מדבר שלישו ישוב שלישו ים עמד ים לפני הקב"ה אמר רבונו של עולם במדבר נתנה תורה בישוב נבנה בית המקדש אני מה תהא עלי אמר לו עתידין ישראל שיקריבו מלח ע"ג המזבח. ועל דרך הקבלה יש במלח שני כחות משתנים זה הפך זה מים ואש ובכח חמימות האש המיבשו חוזר מלח ומים ואש כנגד מדת רחמים ומדת הדין ולזה קרא למלח ברית אלהיך לפי שבו יתקיים העולם ויכרת כמו שאמרו ז"ל ראה שאינו יכול להתקיים בדין שתף עמו מדת רחמים וכן המלח מקיים ומעמיד הבשר זמן מרובה ונותן טעם בכל המאכלים והוא מכרית גם כן כי המקום המלוח לא יעלה בו כל עשב וכתיב גפרית ומלח שריפה כל ארצה לא תזרע ולא תצמיח ואם לא כן למה קרא למלח ברית אלהים וכי המלח הוא ברית הש"י. וכתב רבי אברהם שהוא שבועה כמי שאומר אני משביעך בברית אלהיך שלא תשבית מלח מעל מנחתך:	Leviticus 3:14	
Toledot Yitzchak, Vayikra 6	@11חלבו האליה תמימה @33אין חלב באליה אלא הכוונה חלבו עם האליה והכוונה שכשיסיר האליה תמימה עם העצם יוסר עמה חלב רב שהוא מחובר בה בצד הפנימי:	Leviticus 3:9	
Toledot Yitzchak, Vayikra 7	@11ואם כל עדת ישראל ישגו @33אלו סנהדרין שאי איפשר שכל ישראל יסכימו בחטא ועל כן אמר מעיני העדה כי הסנהדרין והנביאים והחכמים הם עיני העדה:	Leviticus 4:13	
Toledot Yitzchak, Vayikra 8	@11והקריבו הקהל פר בן בקר לחטאת @33ארז"ל מפני מה נאמר אל פתח אהל מועד מה שלא נאמר בכל הקרבנות משל לאוהבו של מלך שהביא דורון נאה למלך אמר המלך תלו אותו בפתח פלטרי כדי שידעו הכל מה דורון נאה הביא לי אוהבי. פירוש הדורון הנאה היא התשובה והתשובה הנאה היא שישוב בתשובה עם הדבר שחטא ולזה אמר והביא את הפר אל פתח אהל מועד והנה הקרבנות בכהן משיח והקהל שוים כי כן אהרן התחיל לעשות העגל וישראל טעו אחריו ומה שהזכיר בפר כהן משיח תמים לה' ולא הזכיר כן בכאן לרמוז שכוונת אהרן תמימה לה' כאמרו חג לה' מחר והקהל קצתם עשו ממנו ע"ז:	Leviticus 4:14	
Toledot Yitzchak, Vayikra 9	@11אם הכהן המשיח יחטא @33בלשון החוטאים מצינו חילוקים במשיח אמר אם שאמר אם הכהן המשיח וכן בכל העדה ואם כל עדת ישראל ישגו ובנשיא אמר אשר נשיא יחטא ולא אמר אם וביחיד החוטא אמר ונפש כי תחטא. הטעם בזה שהכהן המשיח שהוא כהן גדול רחוק שיחטא ולז"א אמר אם שהוא ספק וכן כל הקהל רחוק ולזה אמר אם וביחיד אמר נפש כי תחטא כי מורה יותר ודאות מלשון אם ובנשיא מתוך גאותו שהוא המלך וכיוצא בו ודאי יחטא ולזה אמר אשר נשיא יחטא ולכן הביאו הנשיאים את אבני השוהם הנתונים על לב אהרן לפי שלבם לקחם. ובמדרש אשר נשיא יחטא לשון אשרי אמר רבי יוחנן בן זכאי אשרי הדור שהנשיא שלו מביא קרבן על שגגתו וכ"ש יביא על זדונו פירוש שילמדו ממנו העם:	Leviticus 4:3	out of order
Toledot Yitzchak, Tzav 1	@11זאת תורת העולה היא העולה @33בעבור שהעולה היא הקרבן היותר מעולה מכל הקרבנות לפי שמכפר על ההרהור שבא מן הנפש לזה אמר היא העולה שאם לא כן היה מספיק שיאמר זאת תורת העולה על מוקדה על המזבח והטעם שאמר בעולה מוקדה על המזבח כל הלילה לפי שהאדם מהרהר בלילה וחוטא ביום כמו שאמר הנביא חושבים רע על משכבותם לאור הבקר יעשוה ואמר דוד המלך ע"ה און יחשוב על משכבו יתיצב על דרך לא טוב שבלילה חושב און וביום יתיצב על דרך לא טוב ולפי שהעולה באה על ההרהור לזה צוה שתשרף כל הלילה שתהיה הכפרה בזמן העבירה:	Leviticus 6:2	
Toledot Yitzchak, Tzav 2	@11ולבש הכהן מדו בד @33פי' שצריך לשמש בבגדי כהונה אפילו לעבודה קלה שהוא להרים את הדשן שכל עובד את ה' צריך להשפיל עצמו מאד לפני השם יתברך ולכן צוה לכהן שירים הדשן בכל יום כדי שיכנע לפני השם יתעלה ולכן צוה לבני לוי שהם היותר קדושים והיותר נכבדים שבישראל שילכו אחרי העגלות והוא אומנות קל בבני אדם שנאמר ויקח משה את העגלות ואת הבקר ויתן אותם אל הלוים:	Leviticus 6:3	
Toledot Yitzchak, Tzav 3	@11והאש על המזבח תוקד בו לא תכבה @33אחר שאמר ואש המזבח תוקד בו אמר כן לפי שמזבח העולה הוא מעצי שטים והיה מצופה נחשת כעובי דינר זהב והאש על המזבח תמיד לא תכבה לעולם ולא היה הנחשת ניתך ולא העץ נשרף והוא נס גדול לזה אמר והאש על המזבח וגומר כלומר ראה זה הנס הנעשה במזבח שהאש על המזבח תוקד בו לא תכבה והמזבח קיים. וחזר ואמר פעם שלישית אש תמיד תוקד על המזבח לפי שהמזבח מקום כפרה ורשעים אין להם כפרה ונדונין באש גיהנם ובמדרש היא העולה זו מלכות הרשעה שמתגאה ומעלה את עצמה סופה להיות נדונת באש:	Leviticus 3:5	
Toledot Yitzchak, Tzav 4	@11וכל מנחת כהן כליל תהיה לא תאכל @33כתב הרמב"ם בעבור שכל כהן המקריב קרבנו הוא בעצמו אם יקריב מנחה ויאכלנה כאלו לא הקריב דבר כי מנחת יחיד לא יקריב ממנה כי אם הלבונה והקומץ ולא די מיעוט הקרבה אלא שיאכלנו וידמה שלא הקריב כלל ולכך ישרפו את כולה:	Leviticus 6:16	
Toledot Yitzchak, Tzav 5	@11זאת תורת החטאת במקום אשר תשחט העולה תשחט החטאת @33העולה שחיטתה בצפון וכן החטאת וזה לפי שלא יכלם החוטא במעשה ולא ידעו בני אדם אם חטא בהרהור או במעשה שאם ישחט החטאת במקום זולת העולה ידעו כל הרואים שחטא במעשה והתורה חסה על כבודן של בני אדם אף על החוטאים:	Leviticus 6:18	
Toledot Yitzchak, Tzav 6	@11זאת התורה לעולה למנחה ולחטאת וגו' @33במדרש גדולה תורה יותר מכל הקרבנות שנאמר זאת התורה וגו' כל העוסק בתורה כאילו הקריב עולה כאלו הקריב מנחה כאלו הקריב חטאת ואשם ומילואים וזבח השלמים:	Leviticus 7:37	
Toledot Yitzchak, Tzav 7	@11ביום צוותו את בני ישראל להקריב קרבניהם @33יש בזה ספק א"כ מה זה שאמר הנביא כי לא דברתי את אבותיכם ולא צויתים על דברי עולה וזבח. התשובה לפי שאין צדיק שלא יחטא צוה בקרבנות להיותם כפרה אבל רצונו שלא יחטא ולא נהיה צריכים לקרבנות וז"ש הנה שמוע מזבח טוב וז"ש זבח ומנחה לא חפצת אבל חפצך שנשמע בקולך וז"ש אזנים כרית לי וז"ש וקרוב לשמוע מתת הכסילים זבח פירוש קרוב השם לשמוע תפלת הצדיק מזבח הרשעים ולז"א ישעיה שוחט השור מכה איש זובח השה עורף כלב מעלה מנחה דם חזיר זה על הרשעים המחזיקים ברשעתם ואמר ששוחט השה לקרבן כרוצח:	Leviticus 7:38	
Toledot Yitzchak, Tzav 8	@11ויקח משה מדמו ויתן על תנוך אוזן אהרן הימנית ועל בוהן ידו הימנית ועל בוהן רגלו הימנית. @33הטעם שנתן הדם באלו האיברים יש אומרים לפי שהמשכן כולל צורתו שלשה עולמות כנגד עולם המלאכים לפנים מן הפרוכת. וכנגד עולם הגלגלים מחוץ לפרוכת שהוא אהל מועד. וכנגד זה העולם חצר המשכן. וזה גם כן באדם הראש כנגד עולם המלאכים. והלב כנגד הגלגלים שהוא בעל התנועה. וממתניו ולמטה כנגד העולם השפל. וצריך שיהיה במשכן אדם המכיר כל זה והוא הכהן הגדול ולכן נתן הדם שהוא כפרת הנפש בג' איברים הללו של הכהן המכפר. על תנוך אוזן אהרן הימנית שהאוזן בראש ועל בוהן ידו שהוא אמצע הגוף. ועל בוהן רגלו שהוא סוף הגוף. ונוכל לומר שנתינת הדם על תנוך אזנו לפי שיזכור וידקדק מה ששמע מהמצות שנצטוה בעבודת בהמ"ק ועל בוהן ידו שידקדק בעבודת בהמ"ק מה שיעשה איך יעשה ועל בוהן רגלו לזרז אותו שלא ילך ולא יכנס במקום שמצווה שלא יכנס בעת בלתי ראוי וגם אז בהכנעה שנאמר ואל יבא בכל עת אל הקדש וכתיב שמור רגלך באשר תלך אל בית האלהים. וחכמי הטבע כתבו כי כל אחד מהאצבעות משרת לחוש מחמשה חושים הראשון והוא גודל משרת לקנוח הפה והוא שבו חוש הטעם. והשני תוך הנחירים שבו חוש הריח. והשלישי לחוש המשוש למשש בכל חלקי הגוף ולפיכך הוא ארוך מכולן. והרביעי לקנח העין. והחמישי לקנח האוזן. והקב"ה ברא באדם חמשה חושים ומסר להם חמשה משרתים וזהו שלימותו יתברך כי אינו עושה דבר לבטלה ואנו רואין כי כל אחד ואחד מהאצבעות הולך לחוש שלו תמיד שלא בכוונה יתברך השם אשר יצר את האדם בחכמה. אבל רז"ל בכתובות אמרו שכל האצבעות נבראו לעבוד את ה' כל אחד מהם עבודה מיוחדת בענין קדושה שאמרו שם זו זרת זו קמיצה זו אמה זו אצבע זו גודל ואין צורך עתה להאריך בפירושו. ולפי שהארכתי בסדר ויקרא בענין הקרבנות וטעמיהן וזאת הפרשה מדברת בענין הקרבנות לא הארכתי בפי' זאת הפרשה ויעויין משם:	Leviticus 8:23	
Toledot Yitzchak, Shmini 1	@11קח לך עגל בן בקר לחטאת וגו'. @33באלו הפסוקים יש ספקות:	Leviticus 9:2	
Toledot Yitzchak, Shmini 2	@11היום ה' נראה אליכם. @33נראה בזאת המלה יש אותיות אהרן ובמלת אליכם יש בו אותיות מיכאל שרו של ישראל לומר שלכבוד אהרן נראית שכינה בגלוי להראות לכל שנתכפר עון העגל ורמז עוד שלכבודו הוקם על ישראל היום מיכאל לשר עליהם וזהו שאמר על הזקן זקן אהרן שתי פעמים לומר שאלו השנים נמשחו באותו היום לכהנים גדולים מיכאל למעלה ואהרן למטה:	Leviticus 9:4	
Toledot Yitzchak, Shmini 3	@11ותצא אש מלפני ה' ותאכל על המזבח את העולה @33ביום השמיני שנתחנך המשכן בקרבנות שבאו לכפר על מעשה העגל ירדה אש מן השמים לקבל אותם והאש הזאת עמדה עד דורו של שלמה שבנה הבית וכל ימי הבית היתה האש קיימת ולא כבתה עד שחרב וז"ש אש תמיד תוקד על המזבח לא תכבה. וכן מצינו י"ב אשות שנפלו מן השמים בזמנים חלוקים ו' מהם היו לקבלת הקרבנות דרך רצוי וששה דרך נקמה. הא' היא האש הזאת. הב' לגדעון כשאמר למלאך ועשית לי אות שאתה מדבר עמי וכתיב וגדעון בא ויעש גדי עזים ויגע בבשר ובמצות ותעל האש מן הצור. הג' האש שירדה בימי מנוח כשנגלה המלאך לאשתו דכתיב ויקח מנוח את גדי העזים ואת המנחה ויעל על הצור לה' וכתיב ויהי בעלות הלהב מעל המזבח השמימה ותחלה קראו צור ואחר שנתקבל הקרבן קראו מזבח. ד' לדוד שקנה המקום בגורן ארונה היבוסי וכתיב ויבן שם מזבח לה' ויעל עולות ושלמים ויקרא אל ה' ויענהו ה' באש מן השמים על מזבח העולה. הה' לשלמה כשנשלם בנין בית המקדש דכתיב וככלות שלמה להתפלל והאש ירדה מן השמים ותאכל את העולה ואת השלמים וכבוד ה' מלא את הבית. הו' לאליהו שאמר ענני ה' ענני וירד אש שנאמר ותפול אש ה' ותאכל את העולה ואת העצים וגו'. והששה שירדו דרך נקמה אחד אש לנדב ואביהוא שנאמר ותצא אש מלפני ה' ותאכל אותה. הב' בתבערה שנא' ויהי העם כמתאוננים וכתיב ותבער בם אש ה'. הג' במחלוקתו של קרח דכתיב ותצא אש מלפני ה' ותאכל את החמשים ומאתים איש. הד' בענין איוב שנא' אש אלהים נפלה מן השמים החמישית והששית על ידי אליהו שירדה אש מן השמים ושרפה לשר חמשים וחמשיו וגם פעם שנית לשר חמשים וחמשיו שנא' ותרד אש מן השמים ותאכל אותו ואת חמשיו:	Leviticus 9:24	
Toledot Yitzchak, Shmini 4	@11ותצא אש מלפני ה' ותאכל אותם @33חז"ל נחלקו בחטא נדב ואביהוא. י"א שנתחייבו מיתה מיום מתן תורה הציצו בשכינה שנאמר וישלח את נערי בני ישראל ויראו את אלהי ישראל. וי"א שתויי יין נכנסו למקדש. וי"א שמתו על שהורו הלכה בפני משה רבן הכוונה בזה לפי שהסבות שאין אדם משיג חכמות רבות. אחת שמבקש להשיג יותר ממה שאפשר בטבעו וזהו דעת מי שאמר שהציצו בשכינה יום מתן תורה. סבה אחרת לפי שהוא להוט בתענוגים גופיים וזהו דעת האומר שתויי יין נכנסו למקדש סבה אחרת אהבת הניצוח שאינו רוצה להיות מודה על האמת וזהו דעת האומר שהורו הוראה בפני משה רבן. סבה אחרת ההרגל והמנהג שהכפרי שמורגל להיותו ישן בקרקע אם ירצה לישן במטה חשובה בסדינין לא יוכל לישן וזהו פשט הפסוק בהקריבם אש זרה שאש זרה היו מורגלים בה ולא רצו באש של גבוה שלא הורגלו:	Leviticus 10:2	
Toledot Yitzchak, Shmini 5	@11וידבר ה' אל אהרן לאמר @33הטעם שנתייחד עמו הדיבור ארז"ל לפי ששתק בנחמת משה שאמר וידום אהרן וארז"ל קיבל שכר על שתיקתו והטעם לפי שאין מנחמין את האבל בשעה שמתו מוטל לפניו שאז מצטער יותר וצועק יותר ממה שהיה צועק ואהרן שתק בנחמה שנחמו משה ומתו מוטל לפניו ולזה קיבל שכר על שתיקתו שנתייחד הדיבור עמו שנאמר וידבר ה' אל אהרן לאמר. ואחשוב שהטעם שדיבר עם אהרן לבדו זה הדיבור לפי שאמרו בטעם הקישור שסמך למיתת נדב ואביהוא יין ושכר אל תשת שתויי יין נכנסו למקדש. ויש להקשות שהכתוב אמר שחטאם ויקריבו אש זרה ואיך אמר שתויי יין אלא כוונתו שמה שטעו באש זרה לפי ששכלם היה מעורבב בשתיית היין ולפי שהיה קלון לאהרן שיאמר לו ע"י אמצעי לא תשתכר כמו שנשתכרו בניך ומתו בשכרותם לכן אמר לו הקב"ה בעצמו כן הרי לך טעם למה נתייחד עמו הדיבור וטעם לסמיכת יין ושכר למיתת בני אהרן. ואיפשר לתת טעם עוד לסמיכת יין ושכר למיתת בני אהרן לפי שהיו אהרן ובניו אבלים והיין מסיר קצת הדאגה שנא' תנו שכר לאובד ויין למרי נפש לזה סמך לו יין ושכר אל תשת אסור לך לשתות יין להתנחם ולהסיר ממנו הדאגה דיבר עם אהרן לבדו שבזה ישמח ויגל:	Leviticus 10:8	
Toledot Yitzchak, Shmini 6	@11ראשיכם אל תפרעו וגו' ואחיכם כל בית ישראל יבכו את השריפה. @33יש להקשות מדוע לא יבכו הם אחיהם שבבטן אחד נוצרו ויבכו הזרים והתשובה שהבוכה על מת או הוא להיזק שהגיע למת או להיזק שהגיע לאבל מפטירתו וכאן א"א להיזק שהגיע לאבל שכל התורה והחכמה שידע נדב ואביהוא היו יודעים אלעזר ואיתמר א"כ אם יבכו מורה שהם בוכים על הרע שהגיע למתים וא"כ יחשבו רואי הבכי שזהו לפי שנדב ואביהוא ירשו גיהנם וזהו חילול השם לכן הזרים יוכלו לבכות ולהתאבל על החסרון שעושה להם:	Leviticus 10:6	
Toledot Yitzchak, Shmini 7	@11זאת החיה אשר תאכלו מכל הבהמה אשר על הארץ @33היה ראוי שיאמר זאת הבהמה אשר תאכלו מכל הבהמה אשר על הארץ. ואמרו במדרש למה הדבר דומה לרופא שהלך לבקר שני חולים אחד יש בו סכנה אמר להם תנו לו כל מה שמבקש לאכול נכנס לשני אמר להם תנו לו מאכל פלוני ואל תתנו לו מאכל פלוני לימים זה שהתיר לו המאכלים כולם מת זה שהתיר לו קצת ואסר לו קצת נתרפא אמרו מה זאת אל זה שראיתי בו סימני חיים התרתי לו זה ומנעתי לו זה וזה שראיתי בו סימני מיתה התרתי לו הכל כך התיר הקב"ה לאומות עע"ז שקצים ורמשים וכל העבירות לפי שהם מוכנים לגיהנם אבל ישראל שהם לחיים אמר להם את זה תאכלו ואת זה לא תאכלו ולכך אמר זאת החיה שהוא לשון חיים לפי שישראל דבקים בחיים שנאמר ואתם הדבקים בה' אלהיכם חיים כולכם היום ע"כ הכוונה בזה שמאכלות אסורות כגון בהמות ועופות ודגים טמאים אינם משבע מצות בני נח:	Leviticus 11:2	
Toledot Yitzchak, Shmini 8	@11כל מפרסת פרסה ושוסעת שסע פרסות מעלת גרה בבהמה אותה תאכלו. @33מה שאמר בבהמה לא היה צריך שהיה די שיאמר מעלת גרה אותה תאכלו שכבר אמר זאת החיה אשר תאכלו מכל הבהמה אשר בארץ התשובה אמרו במס' חולין פ' בהמה המקשה שאם נמצאת במעי פרה גמל או חזיר מותר שאמרו שם גמל בן פרה מותר ולזה אמר בבהמה לומר שכל בהמה שמצאו בבהמה מותר כאלו אמר מכל הבהמה בבהמה אותה תאכלו דהיוצא מן הטהור טהור והיוצא מן הטמא טמא אבל מצאו עוף תוך בהמה אסור שנאמר מכל הבהמה בבהמה אותה תאכלו כדאיתא התם:	Leviticus 11:3	
Toledot Yitzchak, Shmini 9	@11את זה לא תאכלו ממעלי הגרה וממפריסי הפרסה את הגמל כי מעלה גרה ואת השפן כי מעלה גרה הוא ואת הארנבת כי מעלת גרה ואת החזיר כי מפריס פרסה טמא הוא. @33יש להקשות מה צורך להאריך ולומר דין אלו הארבעה הרי כבר אמר שמי שיש לו שתי סימני טהרה אותה תאכלו שנראה שמי שאין לו שתי סימני טהרה אלא סימן אחד לא נאכל ואם רצה לומר כן לעבור בלאו היה לו לומר וכל בהמה אשר איננה מפרסת פרסה ומעלת גרה לא תאכלו מה צורך לפרט גמל שפן ארנבת חזיר. תשובה תורתינו הקדושה מלאה חכמות ורצה להודיענו שאין בהמה בעולם שיש לה סימן אחד של טהרה וסימן אחד של טומאה אלא אלו הארבעה אבל זולתם כולם יש לכל אחת מהם שני סימני טהרה או שני סימני טומאה:	Leviticus 11:4	
Toledot Yitzchak, Shmini 10	@11מבשרם לא תאכלו ובנבלתם לא תגעו @33ארז"ל יכול יהו ישראל מוזהרין על מגע נבילה תלמוד לומר אמור אל הכהנים כהנים מוזהרין ואין ישראל מוזהרין קל וחומר מה טומאת מת חמורה לא הזהיר בה אלא כהנים טומאת נבילות קלה לא כל שכן מה תלמוד לומר לא תגעו ברגל שחייב אדם לטהר עצמו ברגל ע"כ וזה אסמכתא. אבל על דרך הפשט אם תרצו להיות טהורים לא תגעו בנבלתם ולזה החזיר ואמר טמאים הם לכם:	Leviticus 11:8	
Toledot Yitzchak, Shmini 11	@11וכל אשר אין לו סנפיר וקשקשת במים שקץ הוא לכם @33זה הפסוק מיותר שכבר אמר כל אשר אין לו סנפיר וקשקשת בימים ובנחלים שקץ הם לכם. התשובה שיש דגים שכשמעלים אותם מן הים נשרים הקשקשים במים ויעלה על הדעת שהוא טמא לזה אמר כל אשר אין לו סנפיר וקשקשת במים שקץ הוא לכם הא שמי שיש לו סנפיר וקשקשת במים אף שכשעלה מן המים אין לו קשקשי' טהור:	Leviticus 11:12	
Toledot Yitzchak, Shmini 12	@11ואת אלה תשקצו מן העוף את הנשר ואת הפרס ואת העזניה @33בעופות לא נתנה התורה סימנים אלא הזכיר עשרים וארבעה עופות טמאים וכל שאר העופות שיש בעולם טהורים ומי שמכיר אלו כ"ד עופות אין צריך סימנים לדעת מי הם העופות הטהורים אבל מי שאינו מכירם צריך סימנים לאכול עופות וחז"ל נתנו סימנים ולפי שיש מחלוקת בין הפוסקים דע שהעוף שודאי הוא דורס טמא ומי שידענו שודאי אינו דורס הוא טהור והעוף שיש לנו ספק אם דורס אם לאו אם יש לו שלשה סימנים טהור שודאי אינו דורס והם זפק אצבע יתירה קרקבן נקלף ואף שרש"י סבר שאע"פ שיש לו ג' סימנים אלו אסור לאוכלו עד שידענו בקבלה שאינו דורס ויש סברות אחרות דע שהסברה האמיתית היא זאת וכן כתב הרמב"ן ז"ל. ועכשיו ראוי שנדע סבת כל זה והטעם לפי שהקב"ה רצה שנהיה בריאים לשיהיה שכלנו זך להשכיל בתורה ובמצות ולזה צוה שלא נאכל בהמה דורסת לפי שהם בעלי שחורה ואדומה שרופה וגם שבהם סם ממית ולזה ראוי שנבין הפסוק והוא שאמר כל מפרסת פרסה ושוסעת שסע פרסות. יש להקשות היה די שיאמר כל מפרסת פרסה דהיינו שוסעת שסע פרסות ועוד אחר שאמר ושוסעת שסע מה צורך לומר פרסות פעם אחרת אלא הכוונה שיד הבהמה היא באחד משלשה פנים אחד פרסה שלימה כפרסת חמור וסוס שנית יד גמורה כיד אדם דוב ואריה שהיא יד עם אצבעות. שלישית פרסה שסועה בנתים לשני חלקים ומה שאמר מפרסת פרסה לומר שאם אינה פרסה אלא יד באצבעות היא טמאה וחזר ואמר ושוסעת שסע לומר שאם היא פרסה גמורה שלימה כסוס טמאה וחזר ואמר שסע פרסות לפי שאיפשר שהפרסה שסועה מלמעלה ודבוקה מלמטה כגמל לזה אמר פרסות שהיא סדוקה ג"כ מלמטה וזהו שאמר אחר כך לכל הבהמה אשר היא מפרסת פרסה ושסע איננה שוסעת וגרה איננה מעלה טמאים הם לכם. והטעם לזה שמי שיש לו פרסה גמורה הוא כלי למלחמה לפי שעושה עמו מלחמה גדולה וחזקה לפי שהפרסה שלימה ואותה שיש לה אצבעות היא כיד שהיא למלחמה כדוב ואריה אבל מי שאינו לא זה ולא זה אלא פרסה שסועה באמצע היא לילך בה כרגל ואינו למלחמה ומה שאמר מעלת גרה הוא מלשון גרון שחוזר המאכל דרך הגרון מאצטומכא לפה או הוא מלשון גררה שמגררת ומביאה המאכל מהאצטומכא לפיה והטעם לפי שאומר בספר בעלי חיים שכל בהמה שתיקן לו הטבע דרכים רבים לעיכול הוא בעבור שאותו הבעל חי הוא דק וזך ובעבור שהמזון הוא רחוק מהיותו מזון לאותו הבעל חי הוצרך הטבע בחכמת בוראו לתת בו כלים רבים לעכולי' רבים לשישוב המזון דק מצד העיכולים הרבים אבל הבעל חי החומרי אין צריך כל כך עיכולים והמזון חומרי ראוי לו ולכן מי שהוא מעלה גרה הוא שחוזר המאכל להתעכל בפה ובאצטומכא פעם אחרת וא"כ אותו הבעל חי דק וזך ומזונו דק וזך ג"כ ואמרו חכמי הרפואה שחלב חזירה אם יינק היונק ממנו יהיה אותו הנער מצורע הרי טעם לטהרת הבהמות ולטומאתם. והטעם לדגים הטהורים בסנפיר וקשקשת וזולתם טמאים לפי שהדג שיש לו סנפיר עולה למעלה במים ולזה הוא דק וזך ומי שאין לו סנפיר לעולם הוא בעומק המים ובעכירות שבהם. וטעם הקשקשת לפי שבקשקשת משליך הדג מותרות הגוף כמו שהצפרנים הם מותר הגוף ועוד שהטבע הבדיל החלק הארציי שבו מחלק הדק והטוב ועוד שכמו שהבעלי חיים אין צריכים מלבושים לפי שהם חומריים והאדם צריך מלבוש לפי שהוא דק כן הבעלי חיים הדקים הכין להם הקב"ה מלבוש והם הקשקשים. ומצאתי שהדגים טמאים יש בהם רעות אף שלהם טעם טוב שדג למפריא' אומרים הנוצרים שהוא מאכל ערב וטוב וממנה יהיה סם המות שאם יתנו זה הדג בשתן נער בטחב חמשה ועשרים יום טמון ברפת ואחר יבשלוהו באש עד שימחה כולו וישוב משיחה ימית בנגיעה והאיד העשני העולה בכסוי נחשת של הקדירה ההיא שנוזל יותר חזק להמית בנגיעה וכל שכן במקום חבורה ומשימין בעת הבישול מוך בנקבי חוטמם שלא יזוקו בריח וכתבתי זה לשנתרחק מדגים טמאים. והטעם לעופות הטהורות בסימנים שאמרתי הוא א' זפק שמי שאין לו זפק אין לו עיכול טובה במזון והעוף החומרי מספיק לו מזון חומרי ואין צריך זפק ולכן האווז שאין לו זפק הוא מזון רע וקרקבן נקלף לפי שאחר שהוא נקלף הם שתי עורות ועיכול המזון טוב כאדם שהוא לבוש מלבוש על מלבוש שהוא חם ועיכולו יהיה טוב וכשאינו נקלף ביד אע"פ שהוא נקלף בסכין והם שתי עורות הוא כעור אחד. ואצבע יתירה לפי שאותו האצבע הוא יפה לילך על הארץ שהרגל מתיישב בטוב באותו האצבע ובודאי הכין לו הקב"ה זה האצבע לשילקוט שיבלים ועשבים ולא לדרוס שהדורס עיקרו אינה ההליכה אלא הפריחה לדרוס ועוד שהאצבע יבלבל דריסתו ויעכבנה אם כן אינו דורס. ועוד שהטבע אין לו כח לעשות שתי פעולות שלימות בבת אחת ואחר שהשליך כחו לעשות אצבע יתירה אין לו כח בצפרנים לדרוס. ולכן אמרה תורה שלש שנים יהיה לכם ערלים שאין כח בטבע לעשות שני דברים לגדל האילן ולעשות פירות משובחים ותוך שלשה צריך גידול ולכן הפירות שיעשה יהיו מחום מועט ולחות נכרי הרבה בו וכן הנער אינו מוליד עד היותו בן י"ג שנה ויום אחד לפי שהטבע משליך כחו בגידול וגם עד י"ח שנה או עשרים אינו מוליד היטב ולכן אסרה תורה פרס לפי שדורס והוא עוף גדול ואינו נמצא בישוב ועוד יש לו טבע שכל כך דורס שעושה העוף שדורס במהרה חלקים כמו הלא פרוס לרעב:	Leviticus 11:13	
Toledot Yitzchak, Shmini 13	@11עזניה @33היא עזה וחזקה לדרוס ושמה אבישטרוץ ואוכלת ברזל וזכוכית וגם לזה נקרא עזניה:	Leviticus 11:13	
Toledot Yitzchak, Shmini 14	@11דאה @33היא ראה שבמשנה תורה ויש לה שני דברים הצריכים לדרוס אחד שרואה מאוד מרחוק כאז"ל שיושבת בארץ ישראל ורואה נבילה בבבל ונקרא וולטור והוא שם העופפות. השנית שפורח' במהרה להשיג הנדרס שנאמר כאשר ידאה הנשר ולזה יש לה שתי שמות ראה דאה ואיה שוכנת באיים ודמה נשרפת והיא גארסה:	Leviticus 11:14	
Toledot Yitzchak, Shmini 15	@11עורב @33מלשון לא יאהל שם ערבי שיושבת שמה:	Leviticus 11:15	
Toledot Yitzchak, Shmini 16	@11יענה @33כמו ויען איוב שצועקת ומשמעת קול יללה:	Leviticus 11:16	
Toledot Yitzchak, Shmini 17	@11תחמס @33שכל כך דורסת שהוא כאלו חומסת לעופות הדורסים שהיא דורסת הכל ואמרו בגמרא וכי בת יש ליענה אלא זו ביצתה מכאן דביצת טהורה מותרת ואינה אסורה משום אבר מן החי:	Leviticus 11:16	
Toledot Yitzchak, Shmini 18	@11שחף @33מלשון שחפת שהיא חמה מאד ועוד שהאוכלו יוקדח:	Leviticus 11:16	
Toledot Yitzchak, Shmini 19	@11נץ @33שיש לו נוצה רבה מצד חומה והוא אצור בלע"ז:	Leviticus 11:16	
Toledot Yitzchak, Shmini 20	@11כוס @33שמתכסה מבני אדם ושוכנת בהרים ובמדברות ונקרא פאלקון:	Leviticus 11:17	
Toledot Yitzchak, Shmini 21	@11שלך @33שולה דגים מן הים או שיש עוף שמשליך בניו ואינו מגדלם והוא זה:	Leviticus 11:17	
Toledot Yitzchak, Shmini 22	@11ינשוף @33שפורח בנשף בערב יום והוא קיק:	Leviticus 11:17	
Toledot Yitzchak, Shmini 23	@11תנשמת @33ישום כל רואהו:	Leviticus 11:18	
Toledot Yitzchak, Shmini 24	@11קאת @33שמקיאה מה שאוכלת:	Leviticus 11:18	
Toledot Yitzchak, Shmini 25	@11רחם @33שמרחמת מאד על בניה:	Leviticus 11:18	
Toledot Yitzchak, Shmini 26	@11חסידה @33שעושה חסידות עם חברותיה בענין המזון סגואניה בלע"ז אבל יש לה סגולות אחרות רעות:	Leviticus 11:19	
Toledot Yitzchak, Shmini 27	@11אנפה @33שכועסת מהרה:	Leviticus 11:19	
Toledot Yitzchak, Shmini 28	@11דוכיפת @33הודו כפות קרישט"ה בלע"ז נפולה נטויה וי"א שבוקעת הסלעים במקום מהלכה. דו מלשון טן דו כיפת מלשון כיפי שהוא סלעים:	Leviticus 11:19	
Toledot Yitzchak, Shmini 29	@11וזה לכם הטמא בשרץ השורץ על הארץ@33:	Leviticus 11:29	
Toledot Yitzchak, Shmini 30	@11הצב @33הוא שרץ מתנפח מאד בעת כעסו עד שיבקע וימות ואותה האיד היוצא ממנו ימית כל מה שיפגוש מן הב"ח ולזה נקרא צב מלשון לצבות בטן:	Leviticus 11:29	
Toledot Yitzchak, Shmini 31	@11לטאה @33לגארטיש"ה בלע"ז:	Leviticus 11:30	
Toledot Yitzchak, Shmini 32	@11תנשמת @33הוא הנקרא טלפה ואין לו עינים ואוכל שרשי העשבים תחת הקרקע ובכאן ארבעה פרשיות הראשונה בבהמות וחיות טהורות וטמאות שאמר בה זאת החיה אשר תאכלו. הפרשה השנית בדגים מותרים ואסורים שאמר את זה תאכלו מכל אשר במים. הפרשה השלישית בעופות מותרות ואסורות שאמר בה את אלה תשקצו מן העוף. הפרשה הרביעית בשרצים שאמר בה וזה לכם הטמא בשרץ השורץ על הארץ. וזהו בסדור נכון בדרך ארבע יסודות עפר מים אויר אש. הפרשה הראשונה ביסוד העפר והם בהמות וחיות. הפרשה השנית ביסוד המים והם הדגים. הפרשה השלישית ביסוד האויר והם העופות. הפרשה הרביעית ביסוד האש שאמר בה והצב למינהו. והצב שני מינין אחד כמו ערוד והשני סלמנדרא והיא מתילדת באש בתנור שנתחמם שבעה שנים רצופין יום ולילה ואם תפרד רגע מהאש מיד תמות כדגים שמתים בהפרדם מן המים ועל זה ארז"ל כשהיה מגיע רבי עקיבא אצל מקרא זה והצב למינהו היה אומר בו מה רבו מעשיך ה' כולם בחכמה עשית בראת בריות גדולות בים בריות גדולות ביבשה שבים אלמלא יוצאות ליבשה מיד מתות ושביבשה אלמלא נכנסו לים מיד מתות בראת חיות גדולות באש בריות גדולות באויר שבאש אלמלא יוצאות לאויר מיד מתות ושבאויר אלמלא נכנסות באש מיד מתות הוי אומר מה רבו מעשיך ה':	Leviticus 11:30	
Toledot Yitzchak, Tazria 1	@11אשה כי תזריע וילדה זכר וטמאה שבעת ימים וגו' ואם נקבה תלד וגו'. @33יש לשאול למה לנקבה הטומאה כפל הזכר וכתב ר"א השם גזר על הזכר כמספר הימים שתשלם צורתו בבטן והנקבה כפלים וזה ברור ומנוסה ע"כ. אבל לרז"ל אחד הזכר ואחד הנקבה הצורה נגמרת למ' יום הטעם לפי שטבע הנקבה קר ולח והלחה ברחם האם רבה וקרה צריכה נקיון גדול. והיה ראוי שיאמר אשה כי תלד זכר מה צורך לומר תזריע לכן דרז"ל אשה מזרעת תחלה יולדת זכר איש מזריע תחלה יולדת נקבה. והטעם שכשהאשה מזריע תחלה זרע הזכר שהוא אחרון בא ומתגבר עליו לפי שהטיפה שלה שבאה בראשונה היא כמו השדה שזורעין בו והטיפה האחרונה שהיא שלו הוא כחטים שזורעין בשדה והוא בהפך כשהאיש מזריע תחלה אותה הטיפה היא כשדה והטיפה האחרונה שהיא שלה הוא כחטים שזורעים בשדה. ועוד שהאשה שמזרעת תחלה הוא לסבה שחמדה לבעלה וציירה אותו בלבה ולכן תתעבר כמוהו וכשהאיש מזריע תחלה הסבה הוא שחשק באשתו וצייר אותה בדמיונו ולכן ילדה כמותה. ואע"פ שזה הענין אינו מעלה ומוריד לענין דין היולדת הודיעה לנו התורה זה הדרוש לפי שבתורה כלולות כל החכמות ורצתה התורה לעשות לנו חכמים ונבונים בחכמות. ועוד שיש תועלת לנו בזה לומר לנו שכל בן ישראל ראוי להשתדל לשיהיה לו בן זכר שישאר במקומו לעבוד את ה' כמ"ש תחת אבותיך יהיו בניך ואם ירצה שיהיה לו בן זכר ישהה עצמו על הבטן לשתזריע היא תחלה כמו שאחז"ל בפירו' הפסוק שאמר שכר פרי הבטן. ויש ספק על זה ממה שאמרו בברכות פרק הרואה שלשה ימים הראשונים יבקש אדם רחמים שלא יסריח משלשה עד ארבעים שיהא זכר מארבעים עד שלשה חדשים שלא יהא סנדל משלשה עד ששה שלא יהא נפל מששה עד תשעה שיצא בשלום ואם כן נראה שזה הדבר תלוי בתפלה ולא בטבע. התשובה בטבע תלוי שאם הזריעה תחלה יולדת זכר אבל אם הזריע הוא תחלה לזה צריך תפלה ועוד תלוי בתפלה כשהזריעו שניהם בבת אחת:	Leviticus 12:2	
Toledot Yitzchak, Tazria 2	@11אשה כי תזריע וילדה זכר. @33אמר רבי שמלאי כשם שיצירתו של אדם אחר כל בהמה חיה ועוף כך תורתו נתפרשה אחר כל בהמה חיה ועוף והוצרך רבי שמלאי לומר כן לפי שהוקשה לו אחר ששלימות האדם גדול והבעלי חיים יש בהם חסרון היה ראוי שיפרש בתחלה תורת האדם ואחר כן תורת בעלי חיים ולמה פירש בתחלה תורת הבהמות והחיות והעופות מי הם טהורים ומי הם טמאים ואחר כך פירש האדם וטהרתו והשיב שתורתו נמשכה ליצירה כמו שבתחלה יצר כל הבעלי חיים ובסוף יצר את האדם כן הוליך בכאן הסדר ההוא. והטעם שביצירה ברא בתחלה כל הבעלי חיים וכל הצמחים שאם היה בורא בתחלה האדם ואח"כ הצמחים מה יאכל היה מת ברעב וכן הבעלי חיים אם לא היה בורא אותם בתחלה איך ישתמש בסוסים בחמורים וכן מה ילבש ומה ינעל אלא בצמר צאן ועורות בקר אף ע"פ שאינו אוכל מהם ועוד שהיסודות הולכים מעלת השלימות שכשמתרכבים זה עם זה ומתמזגים נתהוו מהם הצמחים וכשנתמזגו עוד לעזוב יותר מן האיכות שבהם ובאים אל השיווי יותר נתהוו מהם בעלי חיים וכשנתמזגו היסודות יותר עשה מהם הקב"ה אדם שהוא שוה המזג מכל אשר לפניו ולכן ברא הקב"ה קודם לאדם הבעלי חיים ולכן כמו שביצירה יצר את האדם אחר כל בהמה חיה ועוף כך תורתו אחר כל בהמה חיה ועוף ויש באלו הפסוקים ספקות:	Leviticus 12:2	
Toledot Yitzchak, Tazria 3	@11ובמלאת ימי טהרה תביא כבש בן שנתו לעולה והקריבו לפני ה' וכפר עליה @33יש להקשות מה חטאה שהוצרכה לקרבן התשובה רז"ל אמרו בשעה שכורעת לילד נשבעה לא אזקק עוד לבעלי. וכתב הרמב"ן עיקר הכוונה כי בעבור שהיא נשבעת ואין השבועה ראויה שתתקיים מפני היותה משועבדת לבעלה רצתה התורה לכפר לה. ואיפשר לפרש לפי שעל ג' עבירות נשים מתות בשעת לידתן מאי טעמא נפל תורא חדד סכינא ושם בשעת לידתה מזכירים עונותיה לכן צריכה כפרה לאותן עבירות שהזכירו לה:	Leviticus 12:6	
Toledot Yitzchak, Tazria 4	@11ואם פרוח תפרח הצרעת בעור וכסתה הצרעת את כל עור הנגע מראשו ועד רגליו לכל מראה עיני הכהן וראה הכהן והנה כסתה הצרעת את כל בשרו וטהר את הנגע כולו הפך לבן. @33יש להקשות איך איפשר שאם כולו מלא צרעת מראשו ועד רגליו שיהיה טהור ובנגע צרעת קטון יהיה טמא. התשובה שהצרעת תהיה באדם בחטא לשון הרע והלשון הרע נאמר לאחד משתי תכליות האחד לתכלית עשות רעה לחבירו וזה נאמר בסתר ולזה אמר הכתוב בדד ישב מחוץ למחנה מושבו בעבור שכוונתו בזה הלשון הרע להזיק לחבירו ושישנאוהו האנשים ושיבדלו ממנו ולכן מדה כנגד מדה בדד ישב והלשון הרע השני אינו לתכלית רע ולא להשניא בעיני הבריות אלא לומר צחות ודרך שחוק וכדומה וזה נאמר בפרהסיא ולכן באה לו הצרעת בפרהסיא מראשו ועד רגליו ולכן אין ראוי שיהיה טמא ובדד שלא היתה כוונתו להשניא חבירו עם הבריות אלא דרך צחות:	Leviticus 13:12	
Toledot Yitzchak, Tazria 5	@11אדם כי יהיה בעור בשרו שאת או ספחת או בהרת ובשר כי יהיה בו בעורו שחין ונרפא או בשר כי יהיה בעורו מכות אש ואיש או אשה כי יהיה בו נגע בראש או בזקן ואיש כי ימרט ראשו @33בכאן יש ו' מיני נגעים ויש לשאול מדוע ששה מיני נגעים ולא ז' או י' ולמה אלו ולא מינים אחרים. והתשובה שיש ארבעה מיני המזגות דמיי אדומיי לבניי שחוריי וכל אחד מאלו מיני המזגים מוכנה לחליים מיוחדי' הדמיי מוכן לקדחת תמידי' שנתעפשה הדם תוך העורקים והאדומיי מוכן לקדחת שלישית והלבניי לקדחת בכל יום ויום ונקראת קוטידיאנ"ה והשחוריי לקדחת רביעית ונאמר שכמו שכל א' מאלו הד' מזגים מוכנה לחליים מיוחדים וקדחת מיוחדת לכל א' כן כל א' מאלו המזגים מוכן לעבירה מיוחדת שהדמיי מוכן לניאוף והאדומיי לכעס והלבניי לעצלה וכתיב בעצלתים ימך המקרה וארז"ל בעבור עצלות תורה ומצות נעשה מך המקרה במים עליותיו שאומר הקב"ה אין לי מטר והשחוריי מוכן להיותו נוטר איבה. ונאמר שכמו שהמזגים ד' והעבירות ד' כן באים ד' מיני נגעים כנגד הלבנה בא בהרת שנאמר ואם בהרת לבנה היא ועוד שהבהרת עזה כשלג. וכנגד הדם בא שאת שג"כ כתוב בה שאת לבנה והיא דם שהלבנה היא דם בלתי מבושל ולזה נקרא שאת לפי שכמו שהצל נראה גבוה מהשמש כן השאת אינה כ"כ לבנה כבהרת לפי שמוכנת להתהפך לדם וכן אז"ל שאת כצמר לבן שאינה עזה כשלג. שחין היא מאדומה שמצד חמימות הגדולה מהאדומה יש לו שחין וחיכוך גדול מכוה כנגד שחורה שהיא שקיעת הליחות והשחורה בלתי טבעית היא שריפת הליחות. ולפי שאלו העבירות לפעמים נעשות במחשבה קדמה להם והוא יותר רע מאם נעשו בפתע לז"א כי יהיה נגע בראש או בזקן שהיא במתון ובמחשבה ולפי שכל אלו הם עבירות בפועל ויש עוד עבירה במינות שהוא מין או אפיקורוס לזה אמר איש כי ימרט ראשו. ובמדרש אדם כי יהיה בעור בשרו למה אינו אומר בזאת הפרשה דבר אל בני ישראל כשאר פרשיות כי לא אל חפץ רשע אתה לא יגורך רע ללמדך שאין הקב"ה חפץ לחייב שום בריה שנאמר חי אנכי נאם ה' אלהים אם אחפוץ במות המת ובמה חפץ להצדיק בריותיו שנאמר ה' חפץ למען צדקו יגדיל תורה ויאדיר. דבר אחר לא יגורך רע אין שמו של הקב"ה נזכר על הרעה אלא על הטובה תדע שהוא כן שבשעה שברא הקב"ה האור והחשך וקרא להם שמות הזכיר שמו על האור ולא על החשך שנאמר ויקרא אלהים לאור יום ולחשך קרא לילה וכן אתה מוצא שכשבירך לאדם ולחוה הזכיר שמו עליהם שנא' ויברך אותם אלהים וכשקללו לא הזכיר שמו עליהם אלא אל האשה אמר ולאדם אמר וא"ת על הנחש הזכיר שמו בקללתו שנאמר ויאמר ה' אלהים אל הנחש כי עשית זאת כך שנו רז"ל על שלשה דברים הזכיר שמו אע"פ שהם לרעה על המסית זה נחש שהסית את האשה ואמר לה כי יודע אלהים כי ביום אכלכם ממנו ונפקחו עיניכם והייתם כאלהים תהיו כמותו מה הוא בורא עולמות אף אתם תבראו עולמות שכל אומן שונא בני אומנותו ולפי שהסית וספר לשון הרע הזכיר שמו עליו ועל העובר על דברי חכמים שחייב מיתה שנא' כה אמר ה' אלהי ישראל ארור האיש אשר לא ישמע את דברי הברית הזאת ועל העושה בטחונו בבשר ודם שנאמר ארור הגבר אשר יבטח באדם ושם בשר זרועו ומה' יסור לבו אימתי הוא ארור בשעה שמה' יסור לבו. וכן את מוצא בנח כשבירך לשם הזכיר את השם ואמר ברוך ה' אלהי שם וכשקלל כנען לא הזכירו שנא' ארור כנען. פקח נא עיניך וראה שאין שמו של הקב"ה נזכר על הרעה ואפילו ישראל חלק להם כבוד ולא הזכירם על הרעה כיצד כשבא לחזור על הנגעים לא הזכיר אלא אדם כי יהיה וגו' שאת או ספחת או בהרת אז"ל שאת זו בבל שנא' ונשאת המשל הזה על מלך בבל ספחת זו מלכות מדי שהיה המן מסתפח עם אחשורוש להשמיד להרוג ולאבד בהרת זה יון שהיתה מבהרת על ישראל ואומר כל מי שיש לו שור יחקה על קרן השור שאין לו חלק בה' אלהי ישראל ואם לאו יהרג והיה בעור בשרו לנגע זו מלכות אדום שהשי"ת מלקה אותו בצרעת ואת השר שלה שנאמר מדוע נסחף אביריך כמו נספח ע"כ:	Leviticus 13:2	out of order
Toledot Yitzchak, Tazria 6	@11והצרוע אשר בו הנגע @33אמרו במדרש והצרוע זה בית המקדש אשר בו הנגע זו ע"ז שמטמאה כנגע בגדיו יהיו פרומים אלו בגדי כהונה וראשו יהיה פרוע זו שכינה שנסתלקה משם ועל שפם יעטה שבטלו את התורה וטמא טמא יקרא זו חרבן ראשון וחרבן שני ע"כ. והנגעים היו נס לעון שנא' ובנגעים עוונם כדי שישוב בתשובה ולא היו בחוצה לארץ אלא בארץ הקדושה אבל לא בירושלים שהיא מיוחדת לשבתו:	Leviticus 13:45	
Toledot Yitzchak, Metzora 1	@11זאת תהיה תורת המצורע ביום טהרתו והובא אל הכהן @33יש כאן ספק והוא שזה ההתעסקות אינו נאה לתורתינו הקדושה שאינה מתעסקת אלא בחליי הנפש ולא בחליי הגוף והצרעת יאות למלאכת הרפואה שכוונתה היא להודיע דרך בריאות הגוף ואולם כוונת התורה אינו אלא לתועלת הנפשיי. והתשובה אמרו חכמי הטבע שמי שהוא שוה המזג וליחותו בריאות וטובות הוא סבה שיהיו מדותיו שלימות שהליחות פועלות במדות שמי שמזגו שוה יהיה מוכן למדות חשובות ואמנם מי שאין מזגו שוה שהוא מוכן לחליי הגוף זה המזג יהיה סבה שיהיו מדותיו רעות ושכלו לא יהיה טוב שהליחות הרעות פועלות במדות ואמרו שכמו שהליחות פועלות במדות כן ג"כ המדות פועלות בליחות שאם ירגיל עצמו בכעס אפילו שהוא שוה המזג יתהפך לשחוריי וכן בשאר המדות אם ירגיל עצמו במדה רעה אף ע"פ שהוא שוה המזג יתהפך לאדומיי או לבניי כפי מה שמחייב אותה המדה. ולזה דברה התורה בצרעת לומר שחוליי האדם יש להם שתי התחלות א' מצד החומר שנית מצד הנפש שאף ע"פ שזה הגוף טוב מצד שיווי מזגו הנה מצד נפשו כשיפעול שלא כשורה יחלה הגוף ומזה הצד דברה התורה בחולי הצרעת לפי שזה החולי בא לו מצד נפשו שהיתה חולה ולא דברה התורה בצרעת מצד שהוא חולי גופני אלא מצד שהוא חולי נפשי או נמשך לו ולז"א בפרשה שעברה אדם כי יהיה בעור בשרו שאת או ספחת או בהרת והובא אל אהרן הכהן לומר שאינו צריך שילך לרופאים אלא לרופא הנפש שהוא אהרן ולפי שאין הכל מאמינים זה אמר והובא והיה ראוי שיאמר ובא אל אהרן אבל אמר והובא לומר שיביאוהו על כרחו ולכן אמר ג"כ בכאן זאת תהיה תורת המצורע ביום טהרתו והובא אל הכהן לומר שכמו שהחולי הזה לא בא לו מפאת ליחות הגוף שהיו נפסדות אלא מפאת הנפש שהיתה נפסדת כן רפואתו לא תהיה רפואה טבעית שכל הרופאים הטבעיים שיש בעולם לא ירפאו זה החולי שהרופאים אולי יוכלו לרפאות חולי הצרעת כשיהיה הסבה הפסד הליחות אבל כשאין הסבה טבעית אלא נפשית נמנע לרופאים לרפאותה אלא צריך רופא נפשיי והוא הכהן אבל בצרעת הבתים לא אמר והובא אלא ובא אשר לו הבית שבזה אין השמטה כלל לומר שהיא טבעית אלא הפך הטבע כי נגעי הבגדים יש פתחון פה למתעקשים לומר שהיא טבעית לפי שהצמר היה חלק מהב"ח וגם העורות והפשתים יש בהם צמיחה וחסרון ויש בהם נפש הצומחת אבל בצרעת הבתים אין בהם פתחון פה כלל ליחסו אל הטבע אלא מעצמו יבא אלא הכהן ולהורות שזה החולי בא מצד הנפש וכשהיה בא לקדושים אשר בארץ המה היה בא בפתע פתאום כמו שמצינו במרע"ה ובמרים שמזה יתבאר שבא מפאת הנפש שידוע שאם זאת המחלה היתה באה להם בדרך הטבע לא היתה באה בפתע פתאום אבל קודם בואה יבשר בשורה רעה אחר שסבתה עפוש הדם ושאר הליחות ושריפתם ודרך החוליים הרעים כאלה לבוא אותות רעות קודם בואם ואולי לזה אמר והנה ידו מצורעת כשלג לומר שזה הצרעת לא בא בדרך צרעת טבעית שהיא מליחה עבה שרופה שיש בה חום נכרי אבל הוא בהפך שידו מצורעת והיתה קרה כשלג ולכן נתרפא מיד בהשב ידו אל חיקו והנה שבה כבשרו שהטבעיית לא ירופא מיד ולכן ג"כ מרים נצטרעה בפתע ואמר ויפן אהרן אל מרים והנה מצורעת אמר הנה שבאה בפתע ולזה התפלל משה ואמר אל נא רפא נא לה לומר לשיכירו שהיתה דרך נס בה צריך ג"כ שהרפואה תבא במהרה שהצרעת הטבעית אף שאיפשר לרפאותה לא תהיה רפואתה אלא אחר ימים רבים ומשקים רבים והרקות ותחבושות ולזה כפל נא נא וז"ש כי כאשר משפטיך לארץ כן למדו יושבי תבל פירוש שבצרעת האנשים לא למדו יושבי תבל מוסר שחושבים שבא דרך טבע אבל כשהקב"ה עושה משפטים בארץ שנותן צרעת בבתים אז חוזרים בני אדם בתשובה שרואים שהוא דרך נס:	Leviticus 14:2	
Toledot Yitzchak, Metzora 2	@11ולקח למטהר שתי צפרים חיות טהורות ועץ ארז ושני תולעת ואזוב וצוה הכהן ושחט את הצפור האחת אל כלי חרש על מים חיים. @33יש לשאול מדוע צוה הקב"ה כל אלו העניינים ומה ענין כל אלו הדברים עם טהרת המצורע. והתשובה לפי שהצרעת בא בעון דבור רע והדבור רע נחלק לשלשה חלקים. אחד לשון הרע. שני רכילות. שלישי מוציא דבה שאומר שקר על חבירו וזה נקרא מוציא דבה שנא' ומוציא דבה הוא כסיל אבל לשון הרע הוא שמדבר רע על חבירו והוא אמת שמספר מעשיו הרעים שהלשון הרע שולח פיו במה שהוא רע כמו שעושה הזבוב שאינו משים פיו אלא במקום שיש נגע ומכה וכן הרכילות הוא אמת ששומע במקום אחד ומספר מה ששמע במקום אחר ולזה אמר שיביא שתי צפרים. האחד כנגד מוציא דבה. השני כנגד לשון הרע ושני תולעת כנגד הרכיל לפי שהרכיל אוכל בשרו של אדם כמו התולעת ולכן צוה הצפור האחת שהיא ללשון הרע שישחט אותה לומר שישחוט יצרו הרע וישחוט לשונו ויקובל תשובתו אבל מוציא דבה השדים יוליכו נפשו ולזה אמר ושלח את הצפור החיה על פני השדה ואז"ל לפורחות שבשדה פי' לשדים שפורחים בשדה ועם כל זה אם יהיה תשובתו גדולה מאד תקובל ולזה אמר שהצפור הזה יטבול אותה בדם הצפור השחוטה ושני תולעת לרכיל לומר שחטאיו אדומים ונכתמים לפני הקב"ה שנא' אם יהיו חטאיכם כשנים ולפי שכל אלו השלשה הם פחותים ושולחים לשונם בנכבדים כמו שנאמר שתו בשמים פיהם פירוש שהם פחותים לכן צוה עץ ארז שהוא גבוה ואזוב שהוא קטן ולזה אמר ולקח הכהן מדם האשם ונתן הכהן על תנוך אוזן המטהר הימנית ועל בוהן ידו הימנית ועל בוהן רגלו הימנית לפי שחטא בכל אלו המקומות שהיה קורץ בעיניו מולל ברגליו מורה באצבעותיו ועל האוזן בעבור ששמע שמע שוא וצוה שיתן הדם באלו המקומות לפי שבשביל שחטא באלו המקומות דמים לו ולשיכופ' עונו צריך שמכאן ואילך לא יחטא באלו המקומות ולזה צוה שיתן על אלו המקומות שמן על הדם כמ"ש ומיתר השמן אשר על כפו יתן הכהן על תנוך אוזן המטהר הימנית ועל בוהן ידו הימנית ועל בוהן רגלו הימנית על דם האשם וזה לומר שאחר שדמים לו על חטאתיו יחזור בתשובה ושמן על אלו האברים אל יחסר שהוא רמז לשכל שיעשה בשכל כל דבריו ואמר עוד והנותר בשמן יתן על ראש המטהר לפי שאיפשר שעשה עוד רמיזות אחרות בראשו ומכאן ואילך שמן על ראשו אל יחסר:	Leviticus 14:4	
Toledot Yitzchak, Metzora 3	@11כי תבאו אל ארץ כנען ונתתי נגע צרעת בבית ארץ אחוזתכם @33יש להקשות מה בשורות הם אלו וארז"ל לפי שהכנעניים עשו מטמוניות תחת כותלי הבית לכן אמר הקב"ה שהבית שיהיה בה מטמוניות יתן בה הקב"ה צרעת ונתץ את הבית את אבניו ואת עציו וזה דרך דרש שהרי צוה ונתץ הבית את אבניו ואת עציו ואת כל עפר הבית והוציא אל מחוץ לעיר אל מקום טמא ולמה לא יחזור לבנות הבית בעציו ואבניו. אבל הכוונה שבכל הדברים שנעשה צריך להזכיר בתחלתם שיהיה לשם ה' כדי שיחול בו רוח הקדש ויהיה מחלק הש"י והגוים מזכירים שם ע"ז שלהם על כל מה שעושים וחל בו רוח טומאה והכנעניים היו עובדין ע"ז ומתדבקים ברוח טומאה והיו בונים בתיהם לשם טינופיהם וכשמתחילין לבנות הבית היו אומרים בשם ע"ז שלהם כמו שעושים עוד היום האומות עובדי ע"ז וכשהיו מזכירין שם ע"ז בפיהם על הבית שורה עליהם רוח טומאה וכשבאו ישראל לארץ הקדושה רצה הקב"ה לזכותינו ולהקדיש ארצו לפנות הארץ לשכינה שלא יהיה בה טומאה ולפיכך צוה שיהיו נותצין הבית ועפר אחר יקח להעביר רוח הטומאה ויתקדש עתה לשרות שכינתו וכן צריך מי שמתחיל שום מלאכה להזכיר שלעבודת הש"י עושה שנא' הוי בונה ביתו בלא צדק ואז שכינה שורה עליו שהקב"ה משרה קדושתו עליו וקורא עליו שלום שנא' וידעת כי שלום אהלך ופקדת נוך ולא תחטא פי' תפקיד ביתך לשי"ת כשתבנהו ואז לא תחטא ואם אינו מפקידו לשי"ת מוכן מיד לשרות עליו רוח טומאה וכ"ש מי שכוונתו לשם ע"ז שיקבל נזק לפי שרוח טומאה שורה על אותו הבית וא"ת במה יודע אם זה הבית נעשה לשם ע"ז לכן הקב"ה מנגע הבית בצרעת וכ"ש חוצה לארץ שאדם ניזוק בבית כזה וא"ת כבר דרים עע"ז בהן ואינן ניזוקין הטעם לפי שהם דבקים בחלקם שהוא הטומאה אבל ירא שמים יקבל נזק ואפילו עע"ז אם דר הרבה באותו בית לא יצא מאותו הבית לשלום ואחר שסותר הבית היה מוצא ממון רב במטמוניות לבנות ביתו כדי שלא יצטער וז"ש ובתים מלאים כל טוב אשר לא מלאת וכתיב ובתים טובים תבנה אלו נקראים טובים ולא הראשונים ולכן נהגו בהתחלת כל כתיבה לכתוב ב"ה שנאמר בכל דרכיך דעהו ולכן הע"ז הוא טמא ושורה על הבית רוח טומאה כשהתחילו אותם לשם ע"ז ולכן נתץ את הבית את אבניו ואת עציו ואת כל עפר הבית והוציא אל מחוץ לעיר אל מקום טמא וזהו שאז"ל לפי שהכנעניים שמו מטמוניות שמה לומר שאחר שנתץ את הבית לסבה הנזכרת מוצא שמה ממון לחזור לבנותה שלא יהיה לו הפסד ממון במצוה שעושה להסיר רוח טומאה וע"ז מביתו ואולי חז"ל כללו גם זה בלשון הרע שאמרו אין הנגעים באים אלא על לשון הרע שנאמר אל תתן את פיך לחטיא את בשרך כלומר לא תוציא דבר מפיך להלקות את גופך ואל תאמר לפני המלאך הממונה עליך בשגגה הוצאתי הדיבור מפי שכל דיבור ודיבור שיוצא מפיך בספר נכתבין בין טוב בין רע בין שוגג בין מזיד למה יקצוף האלהים על קולך וחבל את מעשה ידיך אלו הידים והגוף שלוקין בצרעת. ואמרו קשה לשון הרע משפיכות דמים שההורג הורג לאחד והמספר לשון הרע הורג שלשה האומרו והמקבלו ומי שנאמר עליו האומרו מדואג האדומי שאמר לשון הרע על אחימלך ונהרג שנאמר ויאמר שאול מות תמות אחימלך ונהרג שאול דכתיב וימת שאול במעלו אשר מעל באלהים ושאול אמר שלוף חרבך ומותתני כי אחזני השבץ קטיגוריא של נוב עיר הכהנים ואין שבץ אלא בגדי כהונה שנאמר ועשית משבצות זהב ודואג נשתרש מחיי העולם הזה ומחיי העולם הבא שנאמר גם אל יתצך לנצח יחתך ויסחך מאהל ושרשך מארץ חיים סלה ע"כ ואין לשון הרע כזה שמזכירין הגוים שם ע"ז בהתחלת בנין ביתם ולזה אמרו קשה לשון הרע משפיכות דמים ומגלוי עריות ומע"ז וכו' הנה שהזכירו על לשון הרע ע"ז:	Leviticus 14:34	
Toledot Yitzchak, Metzora 4	@11ואשה כי תהיה זבה דם יהיה זובה בבשרה ז' ימים תהיה בנדתה @33יש לשאול אנה מצינו בתורה בנדה שצריכה טבילה. והגאון מר יהודאי אמר טבילת הנדה מן התורה ק"ו מנוגע במשכבה וכל שכן לנוגע בעצמה וכ"ש לנדה עצמה שהיא בטומאתה עד שתבא במים שהרי במים וטבילה תלה רחמנא ויש גאונים שלמדו זה מן הכתוב ורחצו במים זה בנין אב לכל הטמאים שיהו בטומאתם עד שיטבלו. ויש לשאול הנדות לא מצאנו בנקבות הבעלי חיים אלא באשה לבד ומה הטעם בזה. תשובה בחטא חוה שנאמר הרבה ארבה עצבונך וכמו שפירשתי בסדר בראשית ולכן יראו במראה של זכוכית שמביט בה הנדה בתחלת נדותה אם מביט בה הבטה גמורה טפות דם. ודע שאף ע"פ שהוא חולי בטבעה הוא תועלת גדולה לולד כי תתנקה האשה מן המותרות ויהיה הולד נוצר מן הדם הזך והנקי לשיהיה מוכן לקבל השפע האלהי וזהו כמו שהמראה שצריך מירוק וזיכוך לשיתרשמו בו הגוונים ולכן הונחו שדי הב"ח במקום הערוה ולא כן בנשים שהשדים שלהן במקום בינה שיינק הולד ממקו' טהור:	Leviticus 15:19	
Toledot Yitzchak, Metzora 5	@11והדוה בנדתה @33המשיל הכתוב טומאתן של ישראל לטומאת הנדה שנאמר כטומאת הנדה היתה דרכם לפני לא אמר כטומאת המת שהמת בעוד שהוא בבית אין הכהן נכנס לשם והנדה הכהן נכנס ויושב עמה כן הקב"ה משרה שכינתו על ישראל אע"פ שהם טמאים בין הגוים שנא' השוכן אתם בתוך טומאתם ועוד אלו המשילם לטומאת המת אין השכינה חוזרת עליהם לעולם אבל הנדה חוזרת ומטהרת וכן הקב"ה יגאלנו ויטהרנו שנאמר וזרקתי עליכם מים טהורים וטהרתם:	Leviticus 15:33	
Toledot Yitzchak, Achrei Mot 1	@11אחרי מות שני בני אהרן בקרבתם לפני ה' @33בזה יש ספקות:	Leviticus 16:1	
Toledot Yitzchak, Achrei Mot 2	@11כתונת בד @33ולא של צמר שהבד מורה הכנעה שהבד צומח מן העפר והצמר הוא מבעל חי:	Leviticus 16:4	
Toledot Yitzchak, Achrei Mot 3	@11וגורל אחד לעזאזל @33כתב ר"א אמר ר' שמואל אף ע"פ שכתוב בשעיר החטאת שהוא לשם גם שעיר המשתלח הוא לשם ואין צורך כי המשתלח אינו קרבן כי לא ישחט ואם יכולת להבין מלת הסוד שהוא אחר מלת עזאזל תדע סודו וסוד שמו כי יש לו חברים במקרא ואני אגלה לך קצת הסוד ברמז בהיותך בן שלשים ושלש תדענו עד כאן וכתב הרמב"ן עליו והנה ר"א נאמן רוח מכסה דבר ואני הרכיל אגלה סודו שכבר גלו אותו רז"ל במקומות רבים אמרו בב"ר ונשא השעיר עליו זה עשו שנאמר הן עשו אחי איש שעיר את כל עונותם עונות תם שנאמר ויעקב איש תם ומפורש מזה בפרקי ר"א הגדול לפיכך היו נותנים אותו לסמאל שוחד ביוה"כ שלא יעכב את קרבנם שנא' גורל אחד לה' וגורל אחד לעזאזל גורלו של הקב"ה לקרבן עולה וגורל של עזאזל שעיר חטאת וכל עונותיהם של ישראל עליו שנאמר ונשא השעיר עליו ראה סמאל שלא נמצא בהן חטא ביוה"כ אמר לפני הקב"ה רבונו של עולם יש לך עם אחד בארץ כמלאכי השרת מה מלאכי השרת יחפי רגל כך ישראל וכו' והנה הודיעונו שמו ומעשהו וסוד הענין כי היו עובדי אלהים אחרים הם המלאכים עושים להם קרבנות והתורה אסרה כל עבודה להם אבל צוה ביוה"כ שנשלח שעיר במדבר לשר המושל במקום החרבן והוא הראוי לו מפני שהוא בעליו ומאצילות כחו יביא חורב ושממון כי הוא העולה לכוכבי חרב ודם ומלחמות והכלל הוא נפש לגלגל מאדים וחלקו מן האומות עשו יורש החרב והמלחמות ומן הבהמות השעירים והעזים ובחלקו עוד השדים הנקראים בלשון רבותינו מזיקין ובלשון הכתוב שעירים כי כן יקרא הוא ואומתו שעיר ואין הכוונה בשעיר המשתלח שיהיה קרבן מאתנו אליו חלילה אבל כוונתינו לעשות רצון ה' שצונו כך המשל כמי שעשה סעודה למלך וצוהו המלך תן מנה לעבדי פלוני שאין העושה הסעודה נותן כלום לעבד ההוא ולא לכבודו עושה רק הכל נתן למלך והמלך נותן פרס לעבדו ושמר זה מצותו ואמנם המלך לחמלתו על בעל הסעודה רצה שיהיו כל עבדיו נהנין ממנו שיספרו בשבחו לא בגנותו וזהו טעם הגורלות כי אלו היה הכהן מקדיש אותן בפה לה' ולעזאזל היה כעובד אליו אבל היה מעמידם לפני ה' פתח אהל מועד כי שניהם מתנה לה' והוא נתן לעבדו החלק אשר יבוא לו מאת השם הוא הפיל להם בגורל וידו חלקתה להם שנא' בחיק יוטל את הגורל ומה' כל משפטו וגם אחרי הגורל היה מעמידו לפני ה' לומר שהוא שלו ואין כוונתינו בשלוחו אלא לעשות רצון ה' ולכך לא נשחוט אנחנו ותרגם אונקלוס לשמא דה' ולעזאזל כי האחד לשם ה' והשני לעזאזל ולא לשמו של עזאזל ולזה אמר והתודה עליו את כל עוונות בני ישראל ונתן אותם על ראש השעיר ולא נאמר כן בשעיר החטאת של שם ולא בשום סמיכה שבקרבנות לפי שהקרבנות לרצון על אשי ה' והם מרצים ומכפרים אבל זה שאינו לשם והמקבלו אינו מכפר ואינו מרצה אלא נושא עונותם ועונה אמן בעל כרחו וזהו ונשא השעיר עליו וגו' עכ"ד. ואני אפרש יותר כוונת ר"א שמה שאמר אם יכולת להבין הסוד שהוא אחר מלת עזאזל המלה שהיא אחר עזאזל היא המדברה לומר ששר המדברות והחרבות הוא מאדים ומה שאמר תדע סודו והוא שהיו עושים אותו לשר מאדים שהוא סמאל וסוד שמו של עזאזל שר"ל תקיף ושר המדבר והחרבות ואמר בהיותך בן ל"ג ר"ל בפסוק ולא יזבחו עוד את זבחיהם שהוא ל"ג פסוקים בינו ובין פסוק שנזכר בו בתחלה מלת עזאזל שנראה ממנו שהיו ישראל עושים במצרים השעירים שהם מחלק מאדים עבודה בשדות ובחרבות לפי הכח שיש לו באותם המקומות ולזה אמר למען אשר יביאו בני ישראל את זבחיהם אשר הם זובחים על פני השדה והביאום לה' ולא יזבחו עוד את זבחיהם לשעירים שהם השדים שאמרו חז"ל בעבור כוחות הכוכבים המזיקים והעיקר על כחות מאדים לפי שהוא חם ויבש ויורה על מהירות הבלבול ולפי שהשטנים שמכחם באים כל העונשים בזה העולם בכח הקב"ה שנתן להם הם מאדים ושבתאי והשעירים הם מחלק מזל גדי ובצורתו ומזל גדי הוא בי שבתאי ובית כבוד מאדים השם יתברך שלקחנו לחלקו צוה לקחת שני שעירים להיות כופר בעדינו ולכפרת עונותינו האחד לקרבן לשי"ת לשיהיה מגן בעדינו מאלה השטנים בעבור שהשעיר מחלקם וזהו ר"ל ונתן אותם על ראש השעיר שיהיה כל העונש בראשו ושתראה פעולתם בו ולזה רמזו במלת שוחד כי השוחד אינו עבודה כי העבודה באהבה ובטוב לבב כי כל מה שיתן העבד למלכו או לרבו הוא כדי לעשות רצונו ולהטיב לו והשוחד הוא שיתן אדם למי שירא ממנו שיעשה לו רעה כדי שלא יזיקנו וזהו ר"ל ליתן שוחד לסמאל והקב"ה שולח משולחנו ומשלו לכחו של מאדים בעבור שלא יזיק לישראל כמו שכתבתי זאת כוונת ר' אברהם בזה הלשון. ודע שסמאל יורה שמו על עניינו שהוא סם המות ועוד שעומד לשמאלו של אדם ועוד נגזר מלשון סומא לפי שמקבל שוחד וכתיב השוחד יעור:	Leviticus 16:8	
Toledot Yitzchak, Achrei Mot 4	@11וכל אדם לא יהיה באהל מועד בבואו לכפר בקדש עד צאתו @33ארז"ל אפילו אותם שכתוב בהן ודמות פניהם פני אדם לא יהיה באהל מועד וזו מעלה גדולה לכהן ולעבודת יוה"כ שאפילו חיות הקדש מפנין לו מקום לעבודתו כדי שיכנס לפני המלך ה' ויעבדנו ביחוד:	Leviticus 16:17	
Toledot Yitzchak, Achrei Mot 5	@11דבר אל בני ישראל ואמרת אליהם אני ה' אלהיכם כמעשה ארץ מצרים אשר ישבתם בה לא תעשו וגומר @33באלו הפסוקים יש ספקות:	Leviticus 18:2	
Toledot Yitzchak, Achrei Mot 6	@11איש איש אל כל שאר בשרו לא תקרבו לגלות ערוה @33בכאן יש ספקות:	Leviticus 18:6	
Toledot Yitzchak, Achrei Mot 7	@11ערות אשה ובתה לא תגלה שארה הנה זמה היא ואשה אל אחותה לא תקח לצרור לגלות ערותה עליה בחייה @33באלו הפסוקים יש ספקות:	Leviticus 18:17	
Toledot Yitzchak, Achrei Mot 8	@11ואל אשת עמיתך לא תתן שכבתך לזרע לטמאה בה @33לפי שלאחד מג' כוונות האדם משמש מטתו להריק המותר או למלאות תאותו או לתכלית בנים וזאת היא הטובה שבכולן לזה אמר ואל אשת עמיתך לא תתן שכבתך אפי' לזרע שהוא לבנים ונראה שמה שסמך לזה ומזרעך לא תתן להעביר למולך לומר אם נולדו לך בנים מאשת עמיתך אותו הזרע יבוא לעבוד למולך שאלו הבנים לא יהיו אלא מצד הטומאה ומצד השטן ויהיה מחלל את השם ולז"א וחללת את שם אלהיך וג"כ נאמר טומאה במולך למען טמא את מקדשי ולפי שהעובד מולך הוא לתכלית הצלחה אמר שלא יצליח ויהיה כשוכב עם זכר שלא יבוא משם הצלחה ובנים והוא כשוכב עם בהמה שאינה עושה פירות ולזה סמך לזה ואת זכר לא תשכב משכבי אשה ובכל בהמה לא תתן שכבתך לטמאה בה:	Leviticus 18:20	
Toledot Yitzchak, Achrei Mot 9	@11ולא תקיא הארץ אתכם @33פשט הפסוק הוא ולא תעשו מכל התועבות האלה ולא תקיא הארץ אתכם ואם תעשו תקיא ונוכל לפרש שהכוונה ואם תעשו התועבות האלה לא תקיא הארץ אתכם לבד אלא גם עונש אחר גדול מזה כי כל אשר יעשה מכל התועבות האלה ונכרתו הנפשות העושות מקרב עמם:	Leviticus 18:28	
Toledot Yitzchak, Achrei Mot 10	@11ונכרתו הנפשות העושות מקרב עמם. @33מצינו בכריתות ג' לשונות האחד ונכרת האיש ההוא השני ונכרתה הנפש ההיא. השלישית הכרת תכרת הנפש ההיא. והכוונה שיש כרת לגוף ולא לנפש ובזה נאמר ונכרת האיש ההוא. ויש כרת לנפש ולא לגוף ובזה נאמר ונכרתה הנפש ההיא. ויש כרת לגוף ולנפש ובזה נאמר הכרת תכרת הנפש ההיא. וביאורו שהאוכל חלב או דם והוא צדיק ורובו זכיות ויצרו הרע הלהיבו לעבור ימות בנעורים קודם שיגיע לס' שנה ואין נפשו בהכרת אבל יהיה לו חלק בעולם הנשמות וגם יהיה לו חלק לעולם שאחר התחיה ועל זה נאמר ונכרת האיש ההוא ואם עם החטא החמור ההוא יהיו עונותיו מרובין מזכיותיו נפשו נכרתת מחיי עולם הנשמות ועל זה אמר ונכרתה הנפש ההיא ואלו אין להם כרת בגופן ויחיו ימים רבים וגם עד זקנה ושיבה ועל זה אז"ל מי שעונותיו מרובין מזכיותיו יורדין לגיהנם ונדונין שם י"ב חדש לאחר י"ב חדש גופן כלה ונשמתן נשרף ורוח מפזרתן תחת כפות רגלי הצדיקים. ויש כרת חמור שנכרת גופו ונפשו והוא שנאמר בו כי דבר ה' בזה ואת מצותו הפר הכרת תכרת ודרז"ל הכרת בעולם הזה תכרת לעולם הבא לומר שימות בנוער ולא תחיה נפשו בעולם הנשמות ואין הכרת הזה נאמר בתורה אלא בענין ע"ז ומגדף:	Leviticus 18:29	
Toledot Yitzchak, Kedoshim 1	@11ואיש אשר ינאף את אשת איש אשר ינאף את אשת רעהו. @33יש להקשות מיותר הוא אשר ינאף את אשת רעהו שאשת רעהו ואשת איש הכל אחד. התשובה פרש"י פרט לאשת נכרי למדנו שאין קידושין לנכרי ונראה לי אם ראובן נואף את נשי רעיו הייתי אומר ששמעון שנאף את אשת ראובן פטור וכאשר עשה כן יעשה לו לזה אמר שגם שמעון חייב מיתה וזה הוא שאמר ואיש שהוא שמעון אשר ינאף את אשת איש והוא ראובן ואותו ראובן נאף את אשת רעהו אפילו הכי מות יומת הנואף שהוא שמעון או יהיה הכוונה לפי שאז"ל אל ירבה אדם רעים בתיך ביתו שיטו לאשתו לזנות וזהו שאמר איש רעים להתרועע ולזה אמר ואיש אשר ינאף את אשת איש ואמר על הרוב הנואף הוא עם אשת רעהו לומר שישמור עצמו מן הרעים והשותפין ולא יכניסם בתוך ביתו:	Leviticus 20:10	
Toledot Yitzchak, Kedoshim 2	@11את חוקותי תשמרו בהמתך לא תרביע כלאים @33חוקותי ר"ל חוקות הנמשכות מן השמים שנאמר הידעת חוקות השמים שכל הכחות העליונים כל אחד ממונה על פקידותו והפעולות בעולם הזה משתלשלות בסבתם וזה העולם עומד על השלימות ואז"ל אפי' העליונים צריכים שלום שנאמר עושה שלום במרומיו והשלום הוא קיומם ושיפעלו פעולתם במינויים א"כ המעמיד הולדות למטה מין במינו גורם השלום למעלה שהכחות הממונים משלימים מינויים הראוי כפי מה שצריך העולם השפל והמעמיד תולדות למטה מין בשאינו מינו גורם הפך השלום שמערב הכחות העליונים ומבטלם ועוקר אותם ממינוייהם וזהו לשון כלאים לשון מניעה שהוא בטול הכחות כמו לא תכלא רחמיך ויכלא הגשם מן השמים וזהו לשון חוקים מלשון חקיקה וציור שהם ציור עניינים שכליים של מעלה והמרביע בהמה מין בשאינו מינו או הזורע צמח מין בשאינו מינו והם יונקים זה מזה מערבב הכחות העליונים הנותנים כח ההולדה וכח הצמיחה. ואחר שכתבתי טעם איסור הכלאים נ"ל שיש כאן קושיא שאם כן למה התירה התורה לעשות ציצית מכלאים ואחשוב בזה שמי שמרכיב כלאים משדד כחות של מעלה ומי שמקיים מצות התורה משדד מערכות השמים שנאמר אם בחקותי תלכו ונתתי גשמיכם בעתם אפילו הפך מה שגוזר המערכה וכל יעודי התורה הם כן ולפי שמצות ציצית היא כללות כל מצות התורה כמ"ש למען תזכרו את כל מצות ה' לכן התירה התורה בציצית כלאים לומר לנו שהתורה ומצותיה משדדים מערכות השמים שנאמר ומאותות השמים אל תחתו כי יחתו הגוים מהמה ולפי שסגולת המצות היא סגולת הכלאים לכן התירה התורה כלאים בציצית כך נ"ל והוא ענין חשוב אצלי:	Leviticus 19:19	out of order
Toledot Yitzchak, Emor 1	@11לא יקרחה קרחה בראשם ופאת זקנם לא יגלחו ובבשרם לא ישרטו שרטת קדושים יהיו וגו' @33הכוונה לפי שהוא דרך לקרוח הראש על האב לפי שנתן תורה על ראש הבן ולימד לו תורה או שלחו לרבו לשמוע ללמוד וללמד לז"א לא יקרחה קרחה בראשם ולפי שדרך על בן ובת למרוט זקנו מתוך צער לז"א ופאת זקנם לא יגלחו ולפי שהוא דרך לשרוט שרט על אחיו כי אחינו בשרינו הוא וכשמת אחיו שהוא בשרו דרך לשרוט בשרו לז"א ובבשרם לא ישרטו שרטת והטעם לכל זה חמשה סבות הא' שמי שהוא אהוב למלך אין ראוי שיהיה בו שרט וקרחה לפי שיאמרו הרואים שאדם אחר שרט לו או קרח לו וזהו קלון למלך וזהו שאמר קדושים יהיו לאלהיהם ר"ל פרושים משאר העם וקרובים למלך ואהובים לו. השני לפי שהעושה הרגש גדול בזה קרחה ושריטה יחשבו הרואים שעשה כן לפי שעשו לו עול ובזה מחלל את השם שהשם אל אמונה ואין עול ולזה אז"ל המתקשה על המת יותר מדאי על מת אחר הוא בוכה לפי שמורה שהקב"ה עשה לו עול ולכן אומר לו הקב"ה עדיין אתה חייב יותר. הג' שנראה ממעשיו בקרחה ושריטה שהולך המת לאיבוד וזה חילול השם ולזה אמר לא תתגודדו ולא תשימו קרחה בין עיניכם למת כי עם קדוש אתה לה' אלהיך וזה דומה לאדם שאבד מרגלית והיה בוכה עליה בחושבו שהיתה שוה אלף פרחים ומנחמים אותו ואומרים לא תבכה שלא היתה שוה אלא עשר אלף פרחים אבל הכוונה אם תתגודד ותקרח על שהולך לאיבוד אינו הולך לאיבוד כי עם קדוש אתה לה' אלהיך והוא נשאר אחר המות ואלו השתי סבות כלל באומרו ולא יחללו שם אלהיהם הסבה הרביעית שהעומד על שלחן המלך ומשמש למלך ראוי שיהיה נאה ומהודר וזה הוא שאמר כי את אישי ה' לחם אלהיהם הם מקריבים. הסבה החמישית שראוי לגדול שלא יתפעל מן המקרים ולכן המלכים והשרים אינם מתפעלים במיתת קרוביהם ולזה אמר והיו קדש כלומר גדולים:	Leviticus 21:5	
Toledot Yitzchak, Emor 2	@11כי אם לשארו הקרוב אליו לאמו ולאביו @33יש בזה ספק והוא שהיה ראוי להזכיר בתחלה אב ואח"כ אם ויאמר לאביו ולאמו וכתב ר"א כי הזכר חי יותר מהנקבה ברוב ולכן הזכיר בתחלה מיתת האם לפי שהיא תמות קודם ואח"כ מיתת האב. ויש להקשות עליו אם כן למה בכהן גדול האב קודם האם שאמר ועל כל נפשות מת לא יבא לאביו ולאמו לא יטמא ונוכל להשיב לדעתו שאחר שהפסוק הודיענו חידוש אחד פעם אחת חזר אחר כן לטבעו ולמה שהוא ראוי ונראה להתיר זה הספק שכראוי עשה בהזכירו האם בתחלה לפי שאמר כי אם לשארו והיא אשתו לכן סמך לה אמו שהיא נקבה ונוכל לומר שהטעם שהזכיר האם ואח"כ האב לומר יטמא כהן הדיוט לאם ולא די לאם שהיא ודאי אמו שנולד בפני עדים אבל גם לאב שאין עדות ברור שהוא אביו ומי יודע כן אלא בחזקה עם היות שהוא בן יטמא לאב ובכהן גדול החידוש בהפך לא די לאביו שהוא ספק אם הוא אביו ולא ידענו זה אלא בחזקה שלא יטמא לו אבל גם לאם שהיא אמו בעדים ברורים שראו כן בשעה שנולד לא יטמא. וקישור אלו המצות בכהנים הוא לפי שהכהנים איפשר להשחית גדולתו באחד מהרבה פנים אחד במקרה חיצוני לו והוא אשתו אשה זונה וחללה לא יקחו או במקרה דבוק לו וזה המקרה הדבוק בו או הוא חולי או טומאה והטומאה אם היא תוך גופו נבילה וטריפה לא יאכל לטמאה בה ואם בשנגע גופו מבחוץ לדבר טמא לנפש לא יטמא בעמיו ואם מצד חולי או הוא חולי כולל כל גופו או חולי פרטי באחד מאבריו אם חולי פרטי דבר אל אהרן איש מזרעך אשר יהיה בו מום לא יקרב להקריב לחם אלהיו איש עור או פסח ואם תאמר א"כ ימות ברעב לחם אלהיו מקדשי הקדשים ומן הקדשים יאכל ואם חולי כולל איש מזרע אהרן והוא צרוע או זב בקדשים לא יאכל וכל זה מדבר במעלת הכהן המקריב הקרבנות. דבר אל אהרן וגו' לרצונכם תמים זכר כל אשר בו מום לא תקריבו. אחר שדיבר במעלת הכהן המקריב דיבר במעלת הקרבן עצמו והקרבן איפשר להפסל מפני א' משני דברים או במום שבו או מצד הזמן אם במום עורת או שבור וגו' אם מצד הזמן אמר שור או כשב או עז כי יולד והיה שבעת ימים תחת אמו וגו' ואמר כאן ושור או שה אותו ואת בנו לא תשחטו ביום אחד והטעם לזה לפי שמצוה הקב"ה למלאך שיניע הגלגל התשיעי והוא המניע התנועה יומית או הקב"ה בעצמו מניע לו כפי חילוק סברות שיש אומרים שאותה התנועה היא מיוחדת לש"י מכל התנועות והטעם שזה הגלגל שהוא ערבות שהוא התשיעי מכריח בכל יום לכל הגלגלים להניע תנועה אחת בכ"ד שעות שתנועתם הטבעית היא למזרח והוא מכריחם שיתנועעו לצד מערב ולכן אמרו שכינה במערב פירוש שהקב"ה מכריחם לכולם שיתנועעו למערב וזאת התנועה היומית מהוה כל ההויות לכן אין ראוי שביום אחד תפסיד המין לשחוט אותו ואת בנו וזהו שאמר רוכב שמים בעזרך ובגאותו שחקים כי זאת התנועה היא מתגאה על כל התנועות השמימיו' להיותה ממזרח למערב הפך תנועתם הטבעית שערבות מכריח להם ומניעם על כרחם וזהו שאמר וידעת היום והשבות אל לבבך וגומר כלומר דע והבן ענין היום שהוא סבוב אחד מניע לכל צבא השמים הפך תנועתם שמורה שיש הנה סבה מקפת וכוללת לכל שאר הסבות ולזאת הסבה והשבות אל לבבך וגו' וכיון שזאת התנועה היא פשוטה ואחדות בלתי מורכבת עד שמורה עמידה וקיום אין ראוי לשחוט אותו ואת בנו בזה היום הפשוט שמורה שחיטתן הפסד המין או אכזריות שהתנועה היומית הקב"ה מחיה בה ומקיים לכל העולם בכללו שזולתה יפסד כל העולם:	Leviticus 21:2	out of order
Toledot Yitzchak, Emor 3	@11שור או כשב או עז @33במדרש יבא שור ויכפר על שור שנאמר וימירו את כבודם בתבנית שור וכן הזכיר זהב מתחלת המשכן לכפר על זהב העגל משל למטרונא שיצא עליה שם רע באחד מגדולי המלכות בדק המלך ואין בו ממש עשה סעודה והושיבו בראש כך בדק הקב"ה ולא מצא שהתחילו אלא ערב רב ואחד מגדולי המלכות הוא אחד מטטרמולין לפרסם שלא התחילו ישראל התחיל בשור בראש הקרבנות וכן הקדים שור בפרשת ויקרא וכן הקדים פרי עץ לכפת תמרי' שהחטא היה בו לבדו וזה הוא שאמר ברעתם ישמחו מלך והכשירה התורה שלשה מינים שור לזכות אברהם שנאמר ואל הבקר רץ אברהם כשב בזכות יצחק שנאמר והנה איל אחר נאחז בסבך בקרניו עז בזכות יעקב שנאמר לך נא אל הצאן וקח לי משם שני גדיי עזים ועוד לפי שהאלהים יבקש את נרדף הבל נרדף מקין וישע ה' אל הבל נח נרדף מדורו ונח מצא חן בעיני ה' אברהם מנמרוד אשר בחרת באברם יצחק מפלשתים ראה ראינו כי היה ה' עמך יעקב מעשו כי יעקב בחר לו יה יוסף מאחיו ויהי ה' את יוסף משה מפרעה לולי משה בחירו ישראל מאומות ובך בחר ה' להיות לו לעם סגולה אף כאן שור נרדף מארי כשב מזאב עז מנמר אמר הקב"ה לא תביאו רודפים אלא נרדפים:	Leviticus 21:18	
Toledot Yitzchak, Emor 4	@11מועדי ה' אשר תקראו אותם מקראי קדש @33במדרש תלי' כה' אלהינו בכל קראנו אליו אמר רבי אושעיא אין לך אומה שמעכבת על אלוהיה כאומה זו כיצד בשעה שהזקנים יושבים לעבר השנה הקב"ה מסכים על ידיהם והוא משלים וגומר כל מה שישראל עושים ועליהם אמר דוד ע"ה אקרא אל אלהים עליון לאל גומר עלי אימתי שכשהסנהדרין יושבים לעבור ראש השנה ביום פלוני מיד הקב"ה מושיב סנהדרין של מלאכים ואומר להם לכו וגמרו מה שתחתונים גוזרין אומרים לפניו רבש"ע בניך גזרו שיהא ראש השנה ביום פלוני מיד הקב"ה יושב באותו יום לדון עולמו שנאמר עלה אלהים בתרועה והכסאות מוצעות והספרים נפתחים וסנהדרין של מלאכים עומדים לפניו שנאמר חזה הוית עד די כרסוון רמיו ועתיק יומין יתיב אלו מלמדים זכות אלו מלמדים חובה למה כי חק לישראל הוא ישראל גזרו חק ראש השנה והרי הוא משפט לאלהי יעקב שהוא המקיים גזרותם ומסכים עמהם הוי אומר אקרא לאלהים עליון לאל גומר עלי תדע לך שהוא כן שהרי כתיב יום תרועה יהיה לכם וכתיב אלה מועדי ה' אלה הם מועדי אמר הקב"ה אין לי מועדים אלא אלו שלכם ע"כ:	Leviticus 23:2	
Toledot Yitzchak, Emor 5	@11אלה הם מועדי ששת ימים תעשה מלאכה וביום השביעי שבת שבתון. @33יש להקשות למה הזכיר כאן מצות שבת עם המועדים שהשבת אינו מועד ועוד שכבר הזהיר הרבה פעמים במצות שבת. תשובה הכונה המועדים שאתם מקדשים אותם וקוראין אותם מקראי קדש לדעתכם אלה הם מועדי אבל השבת אינו לדעתכם שלא תקדשוהו אתם אלא שבת הוא לה':	Leviticus 23:2	
Toledot Yitzchak, Emor 6	@11אלה מועדי ה' @33לפי שאמרנו שהקרבן יפסד מצד הזמן ואמר שור או כשב או עז והיה שבעת ימים תחת אמו ומיום השמיני והלאה ירצה לקרבן אשה לה' לזה סמך לו המועדים לפי שיש קרבנות מיוחדים בזמנים מיוחדים ואם יעשו אותם בימים אחרים יפסדו:	Leviticus 23:4	
Toledot Yitzchak, Emor 7	@11וספרתם לכם ממחרת השבת מיום הביאכם את עומר התנופה שבע שבתות תמימות תהיינה @33הטעם שצוה הקב"ה לספור את העומר מפני שכל איש ישראל היה עסוק בקציר שלו וכל אחד בגרנו מפוזרים וישכחו עלייתם לרגל. ובמדרש טעם אחר משל לאחד שהיה חבוש בבית האסורים וצעק למלך להתירו אמר המלך להתירו ולתת לו בתו והיה מונה והולך עד בוא הזמן כך עשו ישראל בצאתם ממצרים שאמר להם שיהיו בני חורין ויתן להם התורה שנאמר תעבדון את האלהים על ההר הזה. וי"א טעם אחר מפני שהעולם בצער מפסח עד שבועות על התבואות והאילנות כדאיתא בפ"ק דר"ה מפני מה אמרה תורה הביאו עומר בפסח מפני שהפסח זמן תבואה הוא אמר הקב"ה הקריבו לפני עומר בפסח כדי שתתברך לכם תבואה שבשדות ומפני מה אמרה תורה הביאו שתי הלחם בעצרת מפני שעצרת זמן פירות הוא אמר הקב"ה הקריבו לפני שתי הלחם בעצרת כדי שיתברכו לכם פירות אילן ומפני מה אמרה תורה נסכו לפני מים בחג מפני שחג זמן גשמי שנה הוא אמר הקב"ה נסכו לפני מים בחג כדי שיתברכו לכם גשמי שנה וכו'. ולפיכך צוה הקב"ה לספור ימים אלו כדי שנזכור צער העולם ולשוב לפניו בתשובה שלימה ולהתחנן לו לרחם עלינו שיהיו התבואות כתקנן זש"ה ולא אמרו בלבבם נירא נא את ה' אלהינו הנותן גשם יורה ומלקוש בעתו שבועות חוקות קציר ישמור לנו אלו שבע שבועות שבין פסח לעצרת:	Leviticus 23:15	out of order
Toledot Yitzchak, Emor 8	@11ובקוצרכם את קציר ארצכם לא תכלה פאת שדך בקוצרך וגו'. @33יש ספקות בזה. אחד למה כפל זה שהרי אמר זה בעצמו בסדר קדושים תהיו שאמר שם ובקוצרכם את קציר ארצכם לא תכלה פאת שדך לקצור ולקט קצירך לא תלקט וכרמך לא תעולל ופרט כרמך לא תלקט לעני ולגר תעזוב אותם:	Leviticus 23:10	
Toledot Yitzchak, Emor 9	@11פרי עץ הדר @33ארז"ל אתרוג אחד לולב אחד ג' הדסים ושתי ערבות ואיפשר לומר שכל זה במשמעות הפסוק פרי עץ הדר לשון יחיד כפת תמרים כפת כתיב וא"ת מדוע לא אמר כף תמר אם כן היה במשמע עלה אחת ומ"ש תמרים לשון רבים לפי שהם זכר ונקבה ואם לא ינטעו כן לא יחיו כי גם בצמחים אחרים וגם בדומם יש זכר ונקבה:	Leviticus 23:40	
Toledot Yitzchak, Emor 10	@11ענף עץ עבות @33פי' ענף עבות ועץ עבות שעץ עבות ר"ל שלשה ענפים ענף עבות ר"ל שיהיה כל ענף מחופה בעלין:	Leviticus 23:40	
Toledot Yitzchak, Emor 11	@11וערבי נחל @33משמע שני ערבות:	Leviticus 23:40	
Toledot Yitzchak, Emor 12	@11ויצא בן אשה ישראלית והוא בן איש מצרי בתוך בני ישראל וינצו במחנה ויקוב בן האשה הישראלית את השם ויקלל ויביאו אותו אל משה ויניחוהו במשמר לפרוש להם על פי ה'. @33בזה יש ג' ספקות:	Leviticus 24:10	
Toledot Yitzchak, Emor 13	@11איש כי יקלל אלהיו ונשא חטאו @33יש להקשות זה הפסוק מיותר שהרי אמר בסמוך ונוקב שם ה' מות יומת ואחר שיסקלוהו מה חטא ישא יותר מזה. התשובה שמי שבירך שם אלהים לא יהרגוהו שיאמר לדיין ברכתי או לנשיא או למלאך שנקרא אלהים שנאמר הוא אלהי האלהים לכך הדין בינו לשי"ת ואם כיון לשי"ת ונשא חטאו אבל מה שפירש בפירוש ואמר ה' לא נקרא ה' אלא הקב"ה לכן מות יומת:	Leviticus 24:15	out of order
Toledot Yitzchak, Emor 14	@11וסמכו כל השומעים @33יש בזה ספקות:	Leviticus 24:14	
Toledot Yitzchak, Behar 1	@11שש שנים תזרע שדך ושש שנים תזמור כרמך ובשנה השביעית שבת שבתון יהיה לארץ שבת לה' שדך לא תזרע וכרמך לא תזמור @33יש בזה שאלות:	Leviticus 25:3	
Toledot Yitzchak, Behar 2	@11את שבתותי תשמורו ומקדשי תיראו אני ה' @33כל מקום שנאמר אני ה' לחומר המצוה לשכר גדול או לעונש גדול ולפי ששתי מצות אלו חמורות אמר בהם אני ה' שהמלך שמצוה לעבדו ואומר לו עשה כך אני המלך המצוה הוא לחוזק הצווי לעונש גדול או לשכר גדול וכן במדרש צא ולמד מתן שכרן של מצות כשאמר פרעה אני פרעה כמה גדלו ונתן לו שכר שנאמר ויסר פרעה את טבעתו הקב"ה שאמר על כל מצוה אני ה' ע"א כ"ו ללמדך שאין קצבה למתן שכרה פירוש שכל המצוה שאמר בה אני ה' יש בה שכר עצום ולזה הזהיר שלמה ע"ה שנשמור כל מצוה שהזכיר בה אני ה' שהוא דבור המלך זהו שאמר אני פי מלך שמור:	Leviticus 26:2	
Toledot Yitzchak, Bechukotai 1	@11אם בחקותי תלכו ואת מצותי תשמרו ועשיתם אותם ונתתי גשמיכם בעתם ונתנה הארץ יבולה והשיג לכם דיש וגו' @33בזאת הפרשה יש ספקות:	Leviticus 26:3	
Toledot Yitzchak, Bechukotai 2	@11ואם לא תשמעו לי ולא תעשו את כל המצות האלה ואם בחוקותי תמאסו ואת משפטי תגעל נפשכם לבלתי עשות את כל מצותי להפרכם את בריתי @33באלו הפסוקים יש ספקות:	Leviticus 26:14	
Toledot Yitzchak, Bechukotai 3	@11את השחפת ואת הקדחת מכלות עינים ומדיבות נפש. @33יש לשאול למה אמר בשחפת וקדחת מכלות עינים ומדיבות נפש ולא אמר כן בקללות שיזכיר אחרי כן שהם יותר קללות נמרצות מאלו. ונראה שהכוונה לפי ששחפת פירושו נפיחה כמו שפרש"י ואמרו חכמי הרפואה ששיקוי עם קדחת הוא רע מאד פירוש שאם בא השיקוי ואחר כך בא הקדחת רעה מאד לפי שלא בא אלא לסבה חזקה מאחר שבא הקדחת אחר חולי שהוא קר ולא שהוא הפך הקדחת ואם בא הקדחת ואח"כ השיקוי השיקוי הוא רע שלא בא השיקוי אלא לסבה חזקה וגם לפי שבכל ענין שיקוי עם קדחת רע מאד לפי שצריך תרופות הפכיות ומה שיועיל לזה יזיק לזה ולזה אמר בהלה שיבהלו הרופאים ברפואתו וזהו מכלות עינים ומדיבות נפש ולזה אמר בזו ונתתי פני בכם פירוש השגחתי יהיה בכם ועונש. כנגד הב' שהיא אם בחקותי תמאסו אמר ואם עד אלה לא תשמעו לי ויספתי ליסרה אתכם ושברתי את גאון עוזכם לפי שהמואס בדבר אחד הוא מצד גאותו וגאונו וחושב שהדברים מאוסים בערכו ואינו מחשיבם לכלום ולזה ושברתי את גאון עוזכם ונתתי את שמיכם שחורים כברזל ועם כל זה לא יהיה מטר ואת ארצכם כנחושה וזה לפי שמאסו בחקים יבוא להם דבר שהוא כחוק שאחר שיש אדים לעשות עננים ראוי שיתהוו ג"כ אידים להגשים ועכ"ז לא יבואו גשמים ולא תתן ארצכם יבולה שאפילו הדומם לא יחשיב לכם לכלום לתת לכם יבולה ועץ הארץ שאין לו אלא נפש הצומחת לא יחשיב לכם לכלום לתת לכם פריו. ועונש כנגד הג' שהוא ואם את משפטי תגעל נפשכם שמגעלין במשפטים ובמצות מצד ריבויים לזה אמר בזאת והשלכתי בכם את חית השדה ושכלה אתכם והמעיטה אתכם כמו שאתם אינכם חפצים בריבוי המצות גם כן איני חפץ בריבוי שלכם ותהיו מועטים. ועונש כנגד הד' שאין חפצים במצות מצד שרוצים למרוד במלכם לגמרי ולפרוק עול התורה ומצות מעליהם והוא שאמר להפרכם את בריתי אמר ואם באלה לא תוסרו לי והלכתם עמי קרי והבאתי עליכם חרב נוקמת נקם ברית ומצד החרב שבא עליכם מחוץ לעיר ונאספתם אל עריכם וכשתהיו בעיר יבוא דבר באופן שמחוץ תשכל חרב ובעיר דבר שהצלת החרב הוא ליכנס תוך העיר והצלת הדבר לצאת חוץ לעיר ולכן יבוא חרב ודבר לשלא יהיה לכם שום הצלה ועוד יבוא לכם מצד המצור שלא יבוא מחוץ לעיר לחם ואשבור לכם מטה לחם ואמר לשון שבירה לפי שהם בטלו הברית ושברו אותו ואחר שסיים כל אלו הד' אמר ואם בזאת לא תשמעו לי ואכלתם בשר בניכם ובשר בנותיכם עכשיו נתן קללות גדולות שאין בכל הארבעה הנזכרות קללות כאלו לפי שעברו כל הארבעה מיני קללות ולא לקחו מוסר לכן אמר עתה קללות נמרצות והוא ואכלתם בשר בניכם ובשר בנותיכם ונתתי את פגריכם על פגרי גלוליכם ולזה אמר גלות בזאת אחר שעברו כל ארבעה מיני קללות וכולם ג"כ התראות לאלו הקללות שהזכיר בזו ולז"א בזו ואבדתם בגוים:	Leviticus 26:16	
Toledot Yitzchak, Bechukotai 4	@11והתודו את עונם ואת עון אבותם במעלם אשר מעלו בי אף אני אלך עמם בקרי. @33יש מקשים אחר הוידוי למה ילך בקרי. והתשובה לפי שהם מתודים בפיהם והלב עקוב בפיו ובשפתיו כבדוני ולבו רחק ממני צעקו בפינו חטאנו פתלתול ועקש לבנו וזהו שאמר והתודו את עונם במעלם אשר מעלו בי הוידוי הוא עם המעל והעברות בידם לא סרו מתאוותם והוא כטובל ושרץ בידו ואחשוב שהוידוי עצמו אינו שלם שלפי שבאו עליהם קללות כל כך נמרצות עד שאומרים נמנע הוא שחטאתינו גדלו כל כך לשיבאו עלינו כל כך קללות אמת הוא שחטאנו אבל לא הספיקו לבוא עלינו כל אלו הקללות אלא שהקב"ה חבר עונותינו עם עונות אבותינו ולכן באה אלינו הצרה הזאת וזהו הוא שאמר והתודו את עונם ואת עון אבותם במעלם אשר מעלו בי המה ואבותם ולזה אף אני אלך עמם בקרי והבאתי אותם עוד בארץ אויביהם ויכנע לבבם הערל ואז ירצו את עונם פירוש שיאמרו שבעבור עוונם לבד באו להם כל הצרות:	Leviticus 26:39	
Toledot Yitzchak, Bechukotai 5	@11והשימותי את מקדשיכם @33אף בשעה שהם שוממין בקדושתן הם עומדים וכן במדרש תלים אף שחרב בהמ"ק אין השכינה זזה מתוכו שנא' ה' בהיכל קדשו ה' בשמים כסאו אף ע"פ שכסאו בשמים השכינה בבית המקדש וההיכל בקדושתו עומד שנאמר והיו עיני ולבי שם כל הימים ואמרו לעולם אין השכינה זזה מכותל מערבי שנאמר הנה זה עומד אחר כתלינו:	Leviticus 26:31	
Toledot Yitzchak, Bechukotai 6	@11וכשלו איש באחיו @33בעון אחיו מלמד שכל ישראל ערבים זה לזה וכן בעכן ואמרו רבותינו ז"ל למה נמשלו ישראל לאגוז מה אגוז אתה נוטל אחד מן הכרי כולן מתגלגלין זה אחר זה כך לקה אחד מהם כולם מרגישים:	Leviticus 26:37	
Toledot Yitzchak, Bechukotai 7	@11וזכרתי את בריתי יעקב וגו' @33נאמר זכירה באברהם וביעקב ולא ביצחק שאפרו צבור ומונח ע"ג המזבח:	Leviticus 26:42	
Toledot Yitzchak, Bechukotai 8	@11וזכרתי את בריתי יעקב ואף את בריתי יצחק ואף את בריתי אברהם @33לא הזכיר ביעקב אף לפי שמטתו שלימה. וע"ד הקבלה יש הפרש גדול בין לשון אף ללשון גם אף מדת הדין גם מדת רחמים מלשון גמילות חסדים נכתב יעקוב מלא בו' מצינו בה' מקומות שנכתב יעקב מלא ובה' מקומות נכתב אליהו חסר דרז"ל יעקב נטל אות אחת משמו של אליהו ערבון עד שיבוא ויבשר לבניו. בברכות התחיל באלף אם בחוקותי וסיים בתיו קוממיות לומר שאין הברכות לישראל אלא כשיקיימו התורה מאלף עד תי"ו. ובאלות התחיל בוא"ו ואם לא תשמעו ומסיים כל הפרשה בה"א בהר סינ ביד משה והוא חצי השם משום עמו אנכי בצרה:	Leviticus 26:42	
Toledot Yitzchak, Bechukotai 9	@11איש כי יפליא נדר בערכך נפשות לה' @33בכאן יש ארבעה עניינים עד סוף הפרשה אחד פרשת ערכין שנא' איש כי יפליא נדר בערכך נפשות לה' והיה ערכך הזכר מבן עשרים שנה ועד בן ששים שנה והיה ערכך חמשים שקל בשקל הקדש וגו'. פרשה שניה פרשת תמורה שאמר בה ואם בהמה אשר יקריבו ממנה קרבן לה' כל אשר יתן ממנו לה' יהיה קדש לא יחליפנו ולא ימיר אותו טוב ברע או רע בטוב. הענין השלישי ערכי השדה שאמר בה ואם משדה אחוזתו יקדיש איש לה' והיה ערכך לפי זרעו זרע חומר שעורים בחמשים שקל כסף. הענין הרביעי המעשר שאמר וכל מעשר בקר וצאן כל אשר יעבור תחת השבט העשירי יהיה קדש לה':	Leviticus 27:2	
Toledot Yitzchak, Bechukotai 10	@11לא יבקר בין טוב ובין רע ולא ימירנו @33באלו העניינים יש ספקות:	Leviticus 27:33	