Paaneach Raza, Vayikra 1	@ויקרא פרשת ויקרא	NULL
Paaneach Raza, Vayikra 2	ויקרא אל משה וסמיך לי' לפניו תהי' לילה בו, לומר כי פניו של משה בוערות כאש ומאירות כגלגל חמה בדברו עמו:	NULL
Paaneach Raza, Vayikra 3	ויקרא אל"ף זעירא לומר שאף שקראו הש"י ועשה לו כל הכבוד הזה ונדבר עמו תדיר אעפ"כ הקטין עצמו לפניו ית' ולפני ישראל, ואל"ף של אדם שת הבל רבתי, לומר שלא הי' אדם גדול כמותו (כי נודע שאף שאחר שמיעטו השי"ת העמידו על ק' אמה. או על רוב חכמה שהי' בו עד שקרא שמות, וגם אם כונת הכתוב על משה לומר שלא הי' אדם גדול כמשה יבא ג"כ על נכון שנכתבה א' של אדם רבתי בשביל זה לומר דעם כל חכמתו וגדלו של אדם הראשון לא הי' מגיע למדרגת משה, וזה נבין מאל"ף זעירא דהכא לפי הפירוש הזה, שהרי להבינה כמשמעה אי אפשר אלא כנזכר שהתענוו מאד מאד עם כל גדולתו א"כ ממילא נבין גם את זה לעומת זה שתרמוז גם אל"ף רבתי של אדם עליו, ועוד אני אומר מטעם אל"ף זעירא הזאת, כי האלוף האמתי ית' אלוף נעורי צמצם והקטין קול קריאתו לאזניו של משה לבד וכל ישראל לא שמעו ואף למ"ד כל ישראל שמעו הלא מ"מ כתיב ויקרא אל משה לחלוק כבוד לו לומר כאלו היתה לאזניו לבד א"כ גם בזה יתכן טעם זה לאל"ף זעירא, ד"א כי הוא ית' צמצם עצמו לתוך המשכן ולא זו אלא אף זו שקרא גם למשה שמה עד שהוצרך כביכול להקטין ולצמצם שכינתו עוד יותר לכן על נכון בא א' זעירא במלת ויקרא, ד"א מכיון שבא כאן לעורר על כל משפטי ה' אמת שבקרבנות אשר הטעם והתועלת המוסכמי בהם כדעה אחת שבספר המורה לשיכנע האדם ויקטין עצמו לפני בוראו, והנה אלו"ף הוא כנוי לו ית' כנזכר, וכן הוא כנוי לאדם חשוב קצין ומושל כדכתיב אלה אלופי וגו' וכיוצא וכן לת"ח כמו אלופי ומיודעי, וכן למספר גדול שהוא אלף ואלפי אלפים, וכן למספר קטן כי האל"ף הוא אחת במספר כדאיתא באותיות דר' עקיבא, וכן הוא כנוי לבהמה גסה באין אלפים אבוס בר, וכן לבהמה דקה ככבש אלוף, לכל זה באה כאן זעירא לומר מי שהיה אם ת"ח אם שארי שרים וחשובים אף אם יקריב כל אילי נביות וקדר ואלפי אילים אם רב ואם מעט גסות או דקות כולם כאין ואפס נחשבו לו אם לא שיכוין בזה המכוון האמתי דהיינו שיקטין עצמו או אז יכנע לבבו לפני האלוף האמתי והגמור ית' כזבחי אלהים רוח נשברה, לתפוס כ"ז כאחד ברמז על נכון נתקטנה א' של ויקרא, ובכל הדרכים הנ"ל יתיישב ג"כ מה שנתרחקה האזכרה מזה ולא כתיב ויקרא ה' אל משה וידבר אליו אלא ויקרא אל משה וידבר ה' אליו כדי שלא לחשוב ח"ו מחשבות און בהתקטנות הזה מצדו ית' חלילה כשהיתה אל"ף זעירא סמוכה אל ה' לכן סמכה לאל משה):	NULL
Paaneach Raza, Vayikra 4	ויקרא אל משה פי' לבא אליו פנימה ואלו בבלעם כתיב ויקר אלהים אל בלעם שהוא כביכול נמשך אחריו משל למלך היושב בהיכלו בא מצורע וטמא להיות נדבר עמו, המלך יוצא לקראתו החוצה עד פתח טרקלין שלו לבלתי תכנס הטומאה פנימה, הוצרך להיות נדבר עם אוהבו ואשתו הכניסן להיכלו לדבר עמם, ולדרך פשט מפני דקאי אדלעיל שלא יכול משה לבא הוצרך לקרוא לו ולהרשותו, שלזה הטעם ג"כ לא כתיב ויקרא ה' משום דקאי אדלעיל, ולעיל כבר כתיב וכבוד ה' וגו', וכן מצינו בסוף משפטים ויקרא אל משה מתוך הענן דקאי האזכרה דלעיל מיני', משום ר' נתן, ג"ן:	NULL
Paaneach Raza, Vayikra 5	אליו, פירש"י שאע"פ שכתוב אל משה ואל אהרן לא נאמרו אלא למשה שיאמר לאהרן, והקשה הר"ר בכור שור לפ"ז בכל התורה הי"ל לכתוב וידבר ה' אל משה ואל בני ישראל ונפרשנו ג"כ אל משה שיאמר לישראל, ותירץ הוא שאינו ר"ל שיאמר לאהרן כדעת רש"י רק שהקב"ה הי' דיבורו עיקר למשה כך וכך תעשה כך וכך תדבר ואהרן שמע הדיבור וקול השכינה אבל אין הדיבור מתייחד עמו כלל, וכן כל הנביאים רואים בחלום או שומעים קול שהי' אומר הש"י כך וכך או ע"י שליח, ולא גרסינן בת"כ שיאמר לאהרן אלא גרסינן אלא למשה ותו לא, ותו הקשה לגירסת ת"כ הלא כתיב ומשה ואהרן עשו וגו', ורש"י פי' בזה שבשביל שטרח עם משה בכל המופתים נחלק לו כבוד כמו למשה, וי"ל דההוא קודם למשכן אבל אחר שהוקם המשכן לא נדבר רק עם משה לבד, אם לא דברים שהיו צריכים לאהרן כמו שתויי יין וכיוצא שנאמרו לאהרן בלבד, והג"ן מתרץ דל"ק כלל וחלילה למחוק הספרים בגירסת ת"כ ובודאי כיון דכתיב וידבר ה' אל משה ואל אהרן י"ל שהושוו יחד בדיבור ולולי הני י"ג מיעוטין הו"א להשוותן לגמרי ומכח המיעוטי' נתמעט אהרן לגמרי מהדיבור רק שכונת אל משה ואל אהרן הוא שיאמר לאהרן ויהי עמו בשליחותו ובשליחות הושוו:	NULL
Paaneach Raza, Vayikra 6	מאהל מועד לאמר פירש"י צא ואמור להם דברי, וקשה א"כ למה חזר וכתב דבר אל ב"י ואמרת אליהם לכן י"ל דה"פ לאמר למשה כלומר שהי' זה הדיבור ע"י שליח, דהיינו נמי דכתיב בפ' פנחס וידבר משה אל ה' לאמר, ר' ברכיה, יש ט' תיבות בפסוק זה וכן בפסוק אנכי וכן בפסוק זאת התורה לעולה וכן בפסוק ק' ק' ק' לומר כי כל הלומד תורה כאלו הקריב כל הקרבנות ועבד עבודה, לכן מתחילין מכאן ללמוד עם הקטנים ולכן ה"א אלפי"ן בפסוק כנגד ה' חומשי תורה:	Leviticus 1:1-2
Paaneach Raza, Vayikra 7	אדם כי יקריב וגו', פירש"י מה אדם הראשון לא הקריב מן הגזל וכו' וקשה דבב"ק מפיק לי' מקרבנו ולא הגזול ובפרק לולב וערבה דריש לי' מאדם כדברי רש"י, וע"ק דאמרינן הגנב והגזלן הקדשן הקדש וי"ל דה"מ דיעבד אבל לכתחלה לא, (ועי"ל דדוקא לקדושת דמים אבל לא שיקרב לגבי מזבח, ואצטריך תרי קראי למעוטי' מהקרבה א' בנדבה וא' בחובה ובאם אין ענין תנהו לחובה:	Leviticus 1:2
Paaneach Raza, Vayikra 8	כי יקריב מכם, ואלו גבי פורעניות לא נקט מכם דכתיב אדם כי יהי' בעור בשרו וגו' וכן אצל אפס כי לא יהי' בך אביון כתיב בהפכו כי לא יחדל אביון מקרב הארץ ולא כתיב בך:	NULL
Paaneach Raza, Vayikra 9	מן הבהמה וגו' ושלא תאמר אף חיה בכלל בהמה כבכל מקום לכן אמר עוד מן הבקר, והטעם שלא הוכשרה לגבי מזבח משום שלא היתה בכלל ברכה במעשה בראשית בשביל הנחש שהיתה עתידה להתקלל כדפירש"י שם, ולכך נמי הותר חלבה בשביל שא"צ למזבח וזכו לכסות דמן מכיון שלא נזרק:	NULL
Paaneach Raza, Vayikra 10	ומן הצאן, למעוטי דגים שאינם קרבין מפני שאין להם לא דם ולא חלב:	NULL
Paaneach Raza, Vayikra 11	אל פתח אהל מועד שלא יאמר אדם לכהן לך קח בהמתי והקרב אותה דאין זה דרך כבוד כלפי מעלה רק בעצמו יביאנה ויריצנה לפני המלך ית', ג"ן:	Leviticus 1:3
Paaneach Raza, Vayikra 12	ונרצה לו לכפר עליו, פירש"י על עשה ועל לאו הניתק לעשה, ותימה היכי דמי, אי משעשה תשובה הרי אין זז משם עד שמוחלין לו וקרבן ל"ל, ואי בשלא עשה תשובה זבחי רשעים תועבה והכי אמרינן בכפרת יה"כ ומוכרח דמה"ט אינה מכפרת על עשה ועל לאו הנל"ע וי"ל דהתם שהוא קרבן קבוע וחובה אין ניתן לכפר על דבר שנמחל בנקל בלא"ה אבל כאן בנדבה שמרצונו מכפרת אף על שניתן למחול בלא"ה ובשעשה תשובה מיירי רק שלא נמחל בה מכל וכל ועולת נדבה מכפרת לגמרי:	Leviticus 1:4
Paaneach Raza, Vayikra 13	ב"ן בק"ר בגימט' שנ"ד שהוא בן שנה בן הבקר משמע הידוע ומיוחד בבחרות, למעוטי זקן וחולה משום הקריבהו נא לפחתך:	NULL
Paaneach Raza, Vayikra 14	ונתנו בני אהרן הכהן וקשה למה לא אמר הכהנים, וי"ל דצריך בקיאות גדול להבעיר האש, אבל קשה הרי המזבח הי' גבוה ה' אמות וע"כ הי' צריך לעלות עליו ואיך א"כ הי' יכול לילך עליו יחף הא ס"ל בכלי נחשת חם מקצתו חם כולו, וי"ל דשאני אש מן השמים דיש לו גבול ואע"פ שהי' עמו אש של הדיוט ג"כ:	Leviticus 1:7
Paaneach Raza, Vayikra 15	וערכו בני אהרן, כאן בבן בקר שהוא גדול אמר וערכו, ולקמן בצאן שהוא קטן כתיב ערך ובכל אלה הפרשיות מצינו שבכל עבודה ועבודה זכר בני אהרן שלא נצטוה שום אחת מהן לאהרן לפי שחטא בעגל עד שהפציר בתפלה לומר כי הם טובים ממנו ונתאמץ עד שמחל לו לכך כתיב אח"כ צו את אהרן ואת בניו וגו':	Leviticus 1:8
Paaneach Raza, Vayikra 16	והקרב והכרעים ירחץ במים מפני שזה הוא לשלחן של מלך, משא"כ בשעירים ופרים הנשרפים שכולם כליל הי' הכל נשרף:	Leviticus 1:13
Paaneach Raza, Vayikra 17	ונמצה דמו על קיר המזבח מפני שהדם מועט ואם הי' מקבלו תחלה במזרק לא הי"ל כדי ליקח ממנו אח"כ להזאה, לכן ונמצה מתחלה על המזבח עצמו:	NULL
Paaneach Raza, Vayikra 18	ומלק, וסמיך לי' והקטיר איתקש מליקה להקטרה מה הקטרה בראש המזבח אף מליקה בראש המזבח וכו':	Leviticus 1:15
Paaneach Raza, Vayikra 19	והסיר את מראתו בשביל מאכל גזל שבו, משא"כ בבני מעים שכבר נתעכל הגזל בהם:	NULL
Paaneach Raza, Vayikra 20	סלת יהי' קרבנו פירש"י שהאומר סתם הרי עלי מנחה מביא מנחת סלת שהיא ראשונה שבמנחות וכו', ותימה דקם לי' בשיטת ר"י דפרק בתרא דמנחות דאלו ת"ק דידי' סבר התם דמביא איזה שירצה, וא"כ למה נקט רש"י טעמא דהיא ראשונה שבמנחות ואין זה טעם ר"י שם רק משום שמנחת סלת אין לו שם לווי דהכי מפורש התם, והא דתנן התם הואיל ופתח בה הכתוב תחלה אינו אלא לסימנא בעלמא, וי"ל דשמא ראה רש"י כן בספרי וסתם ספרי ר"י הוא, מהר"י אורליינ"ש:	Leviticus 2:1
Paaneach Raza, Vayikra 21	ולא תשבית מלח וגו' וקשה מה זכה מלח להיות עם הקרבנות, דלקמן בתזריע יהיב טעמא ליונה שזכתה בימי נח וא"כ הכא מאי טעמא, וי"ל דכשעברו ישראל את ים המלח אמר הים לפני הקב"ה הלא אינך מקפח שכר כל ברי' ומה שכרי ואמר הקב"ה שלא יהא שום קרבן נקרב בלתך, מר' יוזבל:	NULL
Paaneach Raza, Vayikra 22	והג"ן פי' משום שהוא דבר מקיים לעולם להורות כי גם כפרה קיימת לעולם, והוא דכתיב ברית מלח עולם והוא התעוררות גדולה לחוטא שלא יתייאש מלשוב ולהתכפר ויחטא תמיד, כי בלא"ה צוה השי"ת מטעם זה בקרבנות וכל הנלוה להם לזכות בהם את ישראל לכפר על חטאתיהם ולולא זאת היו מלוכלכים בחטא תמיד בהתייאשם שלא יתכפר להם עוד כמי שי"ל בגדים נאים ונשמר מלכלוכם, ואם כבר נתלכלכו אינו נזהר בהם עוד, ועל כזה אמר שלמה ע"ה בכל עת יהיו בגדיך לבנים:	NULL
Paaneach Raza, Vayikra 23	(במלח תמלח כנגד הקב"ה שהוא קיומו של עולם כך קיומו של עולם ע"י מלח, במל"ח, ר"ת "ברית "מילה "ליום "ח':	Leviticus 2:13
Paaneach Raza, Vayikra 24	זבח שלמים, למה קראו שלמים שעושין שלום בין ישראל לאביהם שבשמים:	Leviticus 3:1
Paaneach Raza, Vayikra 25	אם כשב הוא, פירש"י לפי שיש באימורי הכשב מה שאין באימורי העז שהכשב אליתו קריבה לכך נחלקו לב' פרשיות, וקשה א"כ הו"ל לכלול של עז עם פרשת הבקר שאין הפרש בהם, מהר"ר משה, ונראה לי דאין שייכות לכלול בקר ועז יחד, אבל כבש ועז היו ראויים ושייכים יחד לולא ההפרש בהקרבתם זאת, ותדע דלעיל אמר קרא מן הבקר ומן הצאן הרי שאלו הפריד, ואלו אח"כ בצאן כלל שה כשבים ושה עזים, לוי:	Leviticus 3:1
Paaneach Raza, Vayikra 26	אם כשב כל היכא דקדם שי"ן לבי"ת דהיינו כשבים, ר"ל גדולים, והיכא דכתיב ב' קודם דהיינו כבשים הם קטנים עגל הוא קטן בן בקר הוא שצריך לאמו, פר בן בקר הוא בשנה שני', בן כבש לא כתיב מפני שבתוך שנתה אינה מתעברה בבן בקר כתיב הדם ובצאן כתיב דמו מפני שדומה דמו כשל אדם דכתיב וישחטו שעיר עזים לכך מעלה הכתוב עליו כאלו הקריב דם עצמו, בצאן כתיב הקרב והכרעים ובבקר כתיב קרבו וכרעיו, לפי שבהמה דקה כשהולכת מגבהת רגלה כפוף לצד הפשוט ונראה כשתי וערב, וכן קרבה נקרע שתי וערב, ולכך מאכלה משתנה בקרבה מכל בהמה ולכן צואתה משונה, וזהו הקרב והכרעים כלומר המיוחד לעצמו משונה מזולתם, בצאן כתיב זכר או נקבה ובבקר אם זכר וגו' מפני שבדקה או לרבות אם הפלגס, כשב בא"ת ב"ש הוא אותיות לב"ש על שם לבשו כרים הצאן, בפר ואיל כתיב הקטירו לשון רבים שבהם צורך לרוב ב"א, זכר ונקבה לא כתיב בעז מפני שמנהגה להוליד שנים ביחד ומסתמא שוחט הזכר והנקבה מניח לצרכי ביתו, כדכתיב ודי חלב עזים ללחמך:	NULL
Paaneach Raza, Vayikra 27	ועשה מאחת מהנה פירש"י כגון כתב שם משמעון בשבת, ולא קשה הלא בזה מ"ם סתומה ובזה פתוחה וכן בדן מדניאל דקי"ל סתום ועשאו פתוח כשר:	NULL
Paaneach Raza, Vayikra 28	על קרנות מזבח קטרת הסמים זה דוקא בכהן משוח מפני שנתעשר בקטרת שהוא מעשיר כדכתיב ישימו קטורה וגו' ברך ה' חילו וגו', ד"א לפי שהנשיאים הביאו הכלי כסף וזהב והקטרת הביאו בכף של זהב:	NULL
Paaneach Raza, Vayikra 29	לפני ה', זה נכתב י' פעמים עד כהן משוח לומר כי יקרה היא מפנינים, שאע"פ שהכהן מזכיר ה' ביה"כ לפנים י' פעמים ת"ח מומחה עדיף מיני', בכל הכפרות כתיבי כפרה וסליחה חוץ מבכהן משוח דכתיב כפרה בלא סליחה לומר ששגגת תלמוד עולה זדון, ד"א כי יש חילול ה' בגדול שחוטא:	NULL
Paaneach Raza, Vayikra 30	אשר נשיא יחטא הוא כמו נשיא אשר יחטא (מה שהכתוב הופכו משום שהוא כמחליט הדבר שבודאי נשיא יחטא מכח ורם לבבו כי לשון אשר הוא כמו גזירה והחלט), וכן אשר ניתן כתר מלכות בראשו הוא כמו וכתר אשר ניתן בראשו (ושם הטעם במה שהפכו כי המן דיבר כן דלשתמע לתרי אפי שאם ירע עין המלך ע"ז שיוכל לתרץ דיבורו שר"ל וסוס אשר רכב עליו המלך ביום שניתן כתר מלכות בראשו, וכאלו לא ביקש להלום הכתר, ואשר כמו כאשר, וכן באמת ראה שעין המלך היתה רעה על כך כי לטעם זה לא זכר הכתר אח"כ במאמר ונתון את הלבוש ואת הסוס כדפירש"י שם לכן ג"כ מתחלה רצה ליזהר מזה למצא אמתלא והתנצלות על דבריו, ופשוט הוא):	NULL
Paaneach Raza, Vayikra 31	חטאת הקהל הוא וסמיך לי' אשר נשיא יחטא, לומר שכיון שיש בידו למחות ואינו מוחה כאלו הוא חוטא (ובזה יש ג"כ טעם נכון במה שהפכו הכתוב ולא כתב נשיא אשר יחטא, דאז הוי משמע כמשמעו על חטא שלו ממש ולא הי' נשמע רמז זה, אבל עתה שפיר משמע נמי הכי, חטאת הקהל הוא הוא אשר נשיא יחטא, כלומר שהקולר תולה בצוארו מפני שלא מיחה) נשיא הוא מלך כדאמרינן מי שאין עליו אלא אלהיו, ביחיד ובנשיא כתיב או הודע אליו חטאתו מפני שהם מביאין אשם תלוי על הספק ושייך לומר או הודע כלומר דבספק שלא נודע יש לו דין אחר דהיינו אשם דכתיב לפניו וזהו או הודע כלומר ליתן הפרש בין ב' דברים ולומר דוקא בהודע אינו חייב אלא חטאת, וכן ביחיד כתיב ג"כ תחלה ונפש אחת וגו' ואשם:	NULL
Paaneach Raza, Vayikra 32	או הודע וגו', אבל צבור וכהן המשוח שאינן מביאין אשם תלוי על הספק לא כתיב כן, וגבי משוח כתיב לאשמת העם לומר שמשוח הוא כצבור:	NULL
Paaneach Raza, Vayikra 33	ואם לא תשיג ידו וגו', הקשה מהר"ר משה הרי זה הוא קרבן דלות שנקרא עולה ויורד בשביל שבעני יורד מבהמה לעוף ומעוף לעשירית האיפה, וא"כ למה בתר עניא עניותא אזלא להביא שתי תורים או שני בני יונה, ואלו העשיר לא יביא רק קרבן אחד, והא התורה להקל עליו באה, וכ"ת דעדיין קולא הוא זו שזה מביא בהמה גדולה ודמיה מרובין הלא אמרו נאמר ריח ניחוח בעוף ונאמר ריח ניחוח בבהמה וכו' לומר א' המרבה וכו', ותירץ דא"א באופן אחר, דבקרבן עשיר די באחת כי יש בה חלק לגבוה דהיינו אימורים וחלק להדיוט דהיינו הבשר והעור, אבל בקרבן עני שאין אימורים ואלו יביא חטאת לבד אין כאן חלב גבוה, ואם יביא של עולה לבד הרי כולה כליל ואין חלק לכהנים לכך צריך שניהם, מה שהיונה זכתה להיות בין הקרבנות יותר מכל עוף כבר אמרו שזכתה בימי נח. ועי"ל כי ישראל נמשלו ליונה כדאי היא לכפר עליהם, מרבי:	NULL
Paaneach Raza, Vayikra 34	תורים או בני יונה, הזכיר תורים תחלה בעבור שלהיותם גדולים יקדמנו לרצון וקשה למה לא הוכשרו הזקנים גם ביונים, וי"ל כי הגדולים מתחברים בזוג אחר, אבל התורים אחר שתמות זוגה אין נזקקין לזוג אחר לעולם:	NULL
Paaneach Raza, Vayikra 35	והביא את קרבנו וגו' עשירית האיפה ואין ממתינין עד שיעשיר ויביא כשבה או שעירה דחביבה מצוה בשעתה:	NULL
Paaneach Raza, Vayikra 36	ולא ידע ואשם ונשא עונו ע"ז ידוו לבות בני אדם כולם:	NULL
Paaneach Raza, Vayikra 37	אשר שגג והוא לא ידע, פירש"י הא ידע לאח"ז לא נתכפרו לו עד שיביא חטאת הא למה זה דומה לעגלה ערופה וכו' וקשה אמאי צריכי לזה תרי קראי, וע"ק דבפרק בתרא דכריתות אמר ר' אליעזר מתנדב אדם אשם תלוי בכ"י, ופירש התם דאס"ד חובה כי אתיידע לי' אמאי מייתי חטאת וקשה דעגלה ערופה תוכיח דחובה הוא ואעפ"כ לא מיפטר כי אתיידע לי', מהר"ר יעקב (וי"ל דצריכי, דאי מהכא לא הי' גמרינן עגלה ערופה מינה להרוג את הנפש אפי' כי אתיידע, דה"א חטאת שאני, ואי מעגלה ערופה ה"א משום דלא נתן כבר כלום למזבח, ולכך ג"כ אין לומר תוכיח מעגלה אדהכא):	NULL
Paaneach Raza, Vayikra 38	סליקא לה פרשת ויקרא, ברוך אשר חטאי בדרך הורה:	Leviticus 3:16-17
Paaneach Raza, Tzav 1	@ויקרא פרשת צו	NULL
Paaneach Raza, Tzav 2	ובעזר אשר מכבודו האציל וחצב, נתחיל סדר צו:	NULL
Paaneach Raza, Tzav 3	צו את אהרן וסמיך לפניו לאשמה בה לומר ששגגת תלמוד עולה זדון שלכן יהיו זריזים בתורה ומצות:	NULL
Paaneach Raza, Tzav 4	משה" לאמר" צו" את" ס"ת תורה, לומר שיהיו זריזים בתורה כי יורו משפטיך ליעקב ובעבודה דאיירי בי' קרא (ובא הרמז בס"ת ומהופך לרמוז עליהם יתוקן לבסוף בעבודה להקריב קרבן, א"נ לרמוז הפו"ך בה והפו"ך בה וסו"ף הכבוד לבא:	Leviticus 6:1-2
Paaneach Raza, Tzav 5	צו את אהרן, פירש"י ביותר צריך הכתוב לזרז במקום שיש חסרון כיס, וקשה מה חסרון כיס יש כאן והלא משל צבור הן מביאין וי"ל מפני שהיו צריכין להקיץ כל הלילה, (ואולי לפי שהיו צריכין לקצוץ שכר לאותן המקיצן):	NULL
Paaneach Raza, Tzav 6	צו" את" אהרן" ואת" בניו" לאמר" זאת" ס"ת תנ"ו תור"ת ואח"כ כתיב נמי תורת הרי רמז לב' תורות שבכתב ושבע"פ, אשר יורו הם ליעקב ואתי למדרש דברים שבע"פ אי אתה רשאי לכותבן, שזה תנו כמו שנו מלשון משנה, שיהיו שונין אותן בע"פ כמו ושננתם מתרגמינן ותתנונין, לוי:	NULL
Paaneach Raza, Tzav 7	(ומה שהרמז בס"ת ובערבוב האותיות הוא לומר כי האדם לבסוף בעמדו ע"ד שכבר שימש כל צרכו ליערבינהו ולתנינהו שליש במקרא שליש במשנה שליש בתלמוד, ולא שיקבע כל עתיו בכתב לבד או שבע"פ לבד, ועוד דסופן מקושרין ומעורבין הן דצריכי להדדי, כי שבע"פ צריכה לפרש את שבכתב ולדורשה:	NULL
Paaneach Raza, Tzav 8	זאת תורת העולה, פירש"י בא ללמד על הקטר חלבים שיהא כשר כל הלילה, ותימה והא אמרינן בפ"ק דמגילה כל היום כשר לתקיעת שופר ולהקטרה, ביום אין בלילה לא, וי"ל דלכתחלה קאמר התם, אבל אם התחילו מבעוד יום כל הלילה כשרה, ואם לא התחילו ביום אסור להקטיר בלילה:	Leviticus 6:2
Paaneach Raza, Tzav 9	זאת תורת העולה היא העולה, פי' עד כסא הכבוד, ועוד לומר שכל הלומד בתורת עולה, היא העולה עצמה, שהוא כאלו הקריבה, ב"ד ילב"ש ע"ל בשר"ו, בגימט' של"א יה"א דב"ר ב"א קוד"ם למכנסי"ם:	Leviticus 6:2
Paaneach Raza, Tzav 10	(וערך עליה העולה, דרשינן בפסחים עליה השלם כל הקרבנות כולם, שתהא עולה ראשונה, תימה תיפוק מושחטו אותו פתח אהל מועד דדרשינן בפתיחה, שיפתח בו, וי"ל דתרווייהו צריכי, דאי מהכא הו"א בודאי לא ישחוט דבר לפני התמיד, אבל אם ישחט אח"כ יוכל לשחוט בשערים נעולים וא"צ לפתיחה ת"ל ושחטו אותו פתח וגו' שהשערים צריכים להיות פתוחים בשעת שחיטת כל הקדשים, ואי מושחטו הו"א אף קודם התמיד שאר קרבנות נשחטים קמ"ל עליה לומר עליה השלם כל הקרבנות כולם שתהא היא ראשונה:	Leviticus 6:5
Paaneach Raza, Tzav 11	לא תאפה חמץ חלקם פירש"י אף השירים אסורין בחימוץ, וקשה ל"ל, נילף מלחם הפנים דכתיב כל המנחה אשר תקריבו וגו' ואמרינן לרבות לחם הפנים לחימוץ ה"ה הכא וי"ל דצריכי דאי לאו האי קרא הו"א בלחם הפנים דאינו נאסר אלא עד הקטרת בזיכין אבל אח"כ מותר לאכול בדבש ואינו נאסר בחימוץ אף כאן כן קמ"ל דבמנחה נאסר אף לאחר הקטרה, ועוד תרווייהו צריכי דאי מהתם הו"א שאני התם דמשום הקטרת בזיכין נפסלת בחימוץ משא"כ כאן, ואי לא קרא דהתם לרבות לחם הפנים ה"א שאני מנחות דנפסלת בלינה אבל לחם הפנים דאינו נפסל בלינה אף בחימוץ לא ליפסל קמ"ל:	Leviticus 6:10
Paaneach Raza, Tzav 12	וכל מנחת כהן כליל תהי' מה שאינה נקמצת ושיאכלו הכהנים הנותר כבשאר מנחות היינו משום דבשלמא שאר מנחות של ישראלים הרי הוא דורן חשובה לה' ית' אע"פ שאין מקטירין ממנו אלא דבר מועט דהיינו הקומץ שהוא מה שיוכל הכהן לאחוז בג' אצבעות על כף היד והשאר אוכלין הכהנים, מ"מ כהנים משלחן גבוה הוא דזכו שהם משרתי המזבח, אבל מנחת כהן עצמו אם יאכל השאר הרי נראה דרך גנאי כלפי מעלה כביכול, להביא דורן מועטת ואינה חשובה כזה, שכיון שהוא עצמו אוכל השאר לא הי' נראה הנותר ההוא כשייך לדורן וכאלו הי' הוא חוזר וזוכה בו משלחן גבוה לכן כליל תהי' לשלחן המלך (כלי"ל תהי"ה בגימט' דזהו דורן הראוי, ועי"ל דהי' נראה כמתנדב לשם יוהרא וצבועיות. דכיון שהוא יודע שהוא עצמו יחזור ויאכל הכל חוץ מדבר מועט עושה עצמו מתנדב שלא לש"ש ולא איכפת לי' בזה ושוב לא רצה הכתוב לחלק אף בשל חובה) ול"ד לחטאת ואשם של כהן דהתם החלב והאמורים נקטרים והעור ג"כ לאנשי המשמר:	Leviticus 6:15-16
Paaneach Raza, Tzav 13	זאת תורת החטאת ו' תורות כתיבי בקרבנות נגד שית סדרי משנה, והקרבנות נקראו לחם, לחמי לאשי, והתורה נקראת לחם, לכו לחמו בלחמי, התלמוד נקרא אש הלא כה דברי כאש והקרבנות נקראים אשה, וכ"ז לומר כשם שא"א לעולם בלא לחם ואש כך א"א לעולם בלא תורה, שנאמר אם לא בריתי וגו' וכתי' מימינו אש ד"ת למ"ו, אותיות תלמו"ד:	Leviticus 6:18
Paaneach Raza, Tzav 14	תכבס במקום קדוש לפי שהחטאת נאכלת לפנים מן הקלעים אם הוזה מדמה על הבגד היוצא אח"כ הרי הדם נפסל ביוצא, לכן צריך לכבסו במקום קדוש:	Leviticus 6:19
Paaneach Raza, Tzav 15	וכל כלי חרס אשר תבושל בו ישבר וקשה מה בכך שהבליעה נעשית נותר מכיון שהוא נותר הוי נותן טעם לפגם ואמאי ישבר, וי"ל דבקדשים כתיב למשחה לשון גדולה לכן בעינן כדרך המלכים והגדולים שאוכלין אכילתם דוקא בלי שום נתינת טעם אחר אפי' לפגם (ויש בו משום הקריבהו נא לפחתיך):	Leviticus 6:20
Paaneach Raza, Tzav 17	ד"א לאו משום נתינת טעם כאשר יבושל בו אח"כ הוא נשבר אלא משום אותה הבליעה בעצמה שחוזרת ונאכלת אח"כ כשתפלוט וחטאת אינה נאכלת אלא ליום ולילה עד חצות וא"כ אז יאכלנה נותר:	Leviticus 6:20
Paaneach Raza, Tzav 17	אשה לה' אשם הוא פירש"י עד שינתק שמו ממנו לימד על אשם שמתו בעלי' וכו' שאינו כשר לעולה עד שניתק לרעייה, משמע דרעייה עד שיסתאב היא מה"ת, ואלו בפ"ק דשבועות מוכח דגזירה דרבנן הוא לפני כפרה אטו לאחר כפרה:	Leviticus 7:5
Paaneach Raza, Tzav 18	איש כאחיו חולק בו ואפי' בעל מום ואין קטן חולק בו ואפי' תם:	NULL
Paaneach Raza, Tzav 19	איש כאחיו וסמיך לי' אם על תודה יקריבנו דריש מינה בפ' בתרא דקדושין ובאלו מנחות דאין חולקין זבחים כנגד זבחים וקאמר בה התם סתם ספרי ר' יודא, משמע דר"י דריש סמוכין אף בעלמא שלא במשנה תורה, ותימה דבפרק מי שמתו א"ר יודא דלא דרשינן סמוכין אלא במשנה תורה, וי"ל דהכא שאני דמופנה ומוכח א"ו דלא מידרש מכח סמוכין רק כיון דכתיב בנתיים וזאת תורת זבח וגו' הוי כאלו כתיב ואם על תודה בוי"ו והוי מוסיף על ענין ראשון, הר"י:	NULL
Paaneach Raza, Tzav 20	איש כאחיו וסמיך לי' וזאת תורת וגו', לומר שכל הנלחמים בתורה לסוף חוזרין ונעשין איש כאחיו, ע"ד את והב בסופה (והוא שנאמר וזאת תורת זבח השלמים, שבדברי תורה אף אם מתלחמים ומתנגדים זל"ז כלזבח נעשה מיד שלום ביניהם, שהשלמים באמת נקרא כן ע"ש השלום כידוע):	Leviticus 7:10-11
Paaneach Raza, Tzav 21	זבח השלמים, שלמים נאמרו בסוף כל הזבחים וקרבנות, ושלום נאמר בסוף התפלה, מלמד שהשלום הוא הכלי המחזיק את הכל ומשלים את הכל (וזהו השלמים אשר יקריב לה' שבכולם לא כתיב כן לומר זאת תורת העולה אשר יקריב לה', זאת תורת החטאת אשר יקריב לה' וכן באשם בשום א' מהם לא כתיב הכי כי אם לעיל על מנחת חובה של אהרן ובניו ביום המשח אותו דכתיב נמי בי' זה קרבן אהרן ובניו אשר יקריבו לה', והטעם כי השלום אשר עליו השלמים באים כדאיתא במדרש הוא הוא המקריב את האדם תיכף ומיד לה', על דרך חבור עצבים אפרים הנח לו וכיוצא, כי הוא ית' נקרא ה' שלום אם כן באחוז בני אדם בשלום משימין אותו ית' בזה תיכף לכן לא יזיק להם אף עצבים שהרי כבר כפרו בעצביהם, ובמדת השלום באו לקרות כולם בשם ה', לכן אין כלי מחזיק ברכה אלא השלום, ולעיל בקרבן אהרן ובניו שכל ענינו שיהיו משוחים אליו ית' וקרובים לו בזה לכן כתיב שם ג"כ אשר יקריבו לה', שהוא הוא המקרבן תיכף לה' ית':	Leviticus 7:11
Paaneach Raza, Tzav 22	הנותר מבשר הזבח ביום השלישי באש ישרף, דרש מיני' בזבחים ביום אתה שורפו ואי אתה שורפו בלילה, ותימה ל"ל קרא תיפוק לי' מדאצטריך בפ' קדושים והנותר עד יום השלישי וגו' לומר שאינו נאכל בליל שלישי שהוא אחר כלות יום שני, א"כ פשיטא דאינו נשרף דאם נשרף בלילה ההוא מהיכי תיתי שיהא נאכל, או תקשי איפכא, ל"ל קרא דהתם דאינו נאכל בליל ג' פשיטא מדאצטריך קרא למילף שאינו נשרף פשיטא שאינו נאכל. דאי נאכל בליל ג' ח"ו לשורפו, מרבי:	Leviticus 7:17
Paaneach Raza, Tzav 23	(וי"ל דהך דרשא דאינו נשרף בלילה לאו אליל שלישי אצטריך אלא דלא נשרף בשום לילה כלל, דהיינו אף בליל רביעי כי צריך לשורפו ביום של שלישי מיד:	NULL
Paaneach Raza, Tzav 24	וטומאתו עליו ונכרתה וגו', פירש"י ג' כריתות אמורים באוכלי קדשים בטומאת הגוף, ודרשום רבותינו בשבועות אחד לכלל וא' לפרט וכו' ודייני להו התם בדבר שהי' בכלל ויצא מן הכלל, וקשה נידונם בכלל ופרט ואין בכלל אלא מה שבפרט שלמים אין חטאת לא, וי"ל כיון שרחוקים זמ"ז אין לדונם הכי:	Leviticus 7:20
Paaneach Raza, Tzav 25	שוק התרומה לקחתי מאת בני ישראל פירוש כשחטאו בעגל לקחתי מהם ואתן אותם לכהנים, ושמא תאמר כשיזכו יחזרו להם ת"ל לחק עולם מאת ב"י שיהיו נוטלים מהם לעולם:	Leviticus 7:34
Paaneach Raza, Tzav 26	קח את אהרן ואת בניו אתו וגו' הרבה קיחות כאלה נאמרו למשה על בני אדם ופירוש כולם קיחה בדברים:	Leviticus 8:2
Paaneach Raza, Tzav 27	הקהל פתח אהל מועד אע"פ שלא הוקם המשכן עד יום שמיני למלואים שהוא ר"ח ניסן הלא אמרו בת"כ שכל ז' ימי המלואים הי' משה מעמיד את המשכן שחרית ומפרקו ערבית, ובשמיני העמידו ולא פרקו, לכן נאמר הוקם המשכן, ג"ן:	NULL
Paaneach Raza, Tzav 28	ואת כל העדה הקהל שיקדשו במעמד העדה כדי שינהגו קדושה בכהונתם:	Leviticus 8:3
Paaneach Raza, Tzav 29	ועל בהן ידו הימנית וגו' מפני שלא יוכלו שדים ומזיקין ומלאכי חבלה להזיקן:	Leviticus 8:27
Paaneach Raza, Tzav 30	ימי מלאיכם חסר ו' כתיב כי נהפכו לתוגה ולא היתה השמחה מלאה רק חסרה, שהרי שמיני למלואים נקרא יום שמחת לבו ונחסרה השמחה במיתת שני בני אהרן:	Leviticus 8:33
Paaneach Raza, Tzav 31	צוה ה' לעשות לכפר עליכם, לעשת חסר ו' בעבור שכהן השורף את הפרה מפרישין אותו ז' ימים ומזין עליו ו' הזאות בו' ימים דבשבת לא הזו עליו משום שבות:	Leviticus 8:34
Paaneach Raza, Shmini 1	@ויקרא פרשת שמיני	NULL
Paaneach Raza, Shmini 2	ובעזר שויתיו לנגדי תמיד מימיני, נתחיל סדר ויהי ביום השמיני:	NULL
Paaneach Raza, Shmini 3	ביום השמיני וגו' הוא שמיני למלואים פירש"י הוא ר"ח ניסן. ונטל עשר עטרות וכו', וקשה למה לי א"כ גזרה שוה דמועדו דילפינן מינה דפסח דוחה שבת תיפוק לי' מהכא שהרי זה הי' ר"ח ניסן והי' ביום א' וא"כ בא לו י"ד בניסן יום שחיטת הפסח בשבת וכתיב ויעשו ב"י את הפסח וגו', וי"ל דזה גופא מה שהי' ר"ח ביום א' לא ידענו כ"א מגזרה שוה דבמועדו:	Leviticus 9:1
Paaneach Raza, Shmini 4	קח לך עגל פירש"י לכפר על עון העגל וקשה דא"כ הו"ל לאתויי נמי שעיר כדין יחיד לע"ז כדאיתא בהוריות וי"ל דהכא לא עבד אלא הודה לכן הביא עגל שהוא במקום פר:	Leviticus 9:2
Paaneach Raza, Shmini 5	קחו שעיר עיזים לחטאת ועגל שהם השתחוו ועבדו והוצרכו להביא גם שעיר לחטאת ופר לעולה כדכתיב בפ' שלח לך והי' אם מעיני העדה וגו' לכן גם הם הביאו עגל שהוא במקום פר רק שהם עדיין היו צריכים גם פרה אדומה לכך מטעם תבא אמו ותקנח וכו':	Leviticus 9:3
Paaneach Raza, Shmini 6	שעיר עזים על שם וישחטו שעיר עזים, לחטאת על שחטאו בשפתותיהם לומר אלה אלהיך, שלזה יתכן חטאת כענין לא חטא איוב בשפתיו, ועולה על שהרהרו וחשבו בלבם כדכתיב העולה על רוחכם, מהר"ר יעקב:	Leviticus 9:3
Paaneach Raza, Shmini 7	ועגל וכבש בני שנה, פרש"י כל מקום שנאמר עגל הוא בן שנה, וקשה דנימא ליהוי בן שתי שנים עד שיפרט לך הכתוב שנה כמו שפרט לך כאן כדאמרינן לענין עדות שכ"מ שנאמר עד משמע שנים עד שיפרוט הכתוב אחד, וי"ל דמשמעות עגל בעצמו אינו כ"א רך בן שנה לאפוקי עד משמע שפיר שנים כיון שאין עדות פחות משנים, מהר"ר יעקב:	Leviticus 9:3
Paaneach Raza, Shmini 8	קרב אל המזבח באו תגין על הקו"ף של קרב מפני שנדמו לו קרני מזבח כקרני שור ונתיירא לגשת (ובמחילה מכבוד בעל שמועה זו דמה ענין התגין לזה ובפרט למלת קרב, ויותר מזה למה על הקו"ף בפרטיות, ויותר היו ראויין למלת מזבח ולכל ד' אותיותיו, אלא שבאו התגין האלה לשניתן בזה כבוד כתר כהונה וקדושתה שהרי נאמר לו קרב מפני שהי' בוש לגשת וליטול הכבוד ונסוג אחור וא"ל משה קרב לכך נבחרת, ונתקרב ובא אח"כ ליטול כתר כהונה בקריבה זו לכן במלת קר"ב ובאות היותר ראשון לקריבה יתכן לעשות תגין וכתרים, ועוד שהקו"ף, הוא נוטריקון קדושה שנקרב לקדושה לכן ראויים התגין על הקו"ף):	Leviticus 9:7
Paaneach Raza, Shmini 9	ואת הבשר ואת העור שרף באש, פירש"י אין לך חטאת חיצונה נשרפת אלא זו ושל מלואים וקשה הרי פר כהן משוח שהוא חטאת חיצונה ונשרפת, וי"ל דשאני כהן משוח מטעם שכתבנו לעיל אצל מנחת כהן כליל תהי', וכשם שמטעם ההוא אין מנחתו נאכלת כך ראוי בחטאתו ומשם אין ראי' ואותה לא בא רש"י לשלול, מהר"ר משה, אבל קשה שהקב"ה צוה לו מתחלה לשחוט שור ואיל לשלמים ואח"כ צוה לו את המנחה כדכתיב לעיל בזאת הפרשה בדברי משה אל אהרן וכאן במעשה אהרן נמצא בהפך שהקריב תחלה את המנחה ואח"כ שור ואיל של זבח השלמים, וי"ל ודאי הי' הציווי כאשר עשה אהרן דהיינו המנחה תחלה קודם השלמים (כי המנחה שייכה אל העולה בכ"מ בכל הקרבנות בפ' פנחס וזולתה וכדכתיב תמיד והקרבתם אשה עולה וגו' ומנחתו וגו' וכן עולת שבת וגו' ומנחתו וגו' וכן כולם) רק שמשה הזכיר קיחת הבהמות יחד זו אח"ז שעיר עגל וכבש שור ואיל ואח"כ המנחה, לוי:	NULL
Paaneach Raza, Shmini 10	(ולכך הפסיק שור ואיל לפסוק מיוחד לעצמו ולא כללן עם חטאת ועולה שבפסוק הקודם, לומר שכאן צריך הפסק בנתיים דהיינו המנחה שיזכור אחר כך ולא יכול אהרן לטעות משני הטעמים):	NULL
Paaneach Raza, Shmini 11	ויעשה כמשפט, פירש"י כמשפט עולת נדבה בויקרא, ותימה אימור כמשפט עולתו הנזכר בסמוך שהוא חובה, וי"ל דכיון דאותה המיוחדת לו אינה מסויימת וידועה לסמוך על הידיעה ולומר סתם כמשפט ולאפוקי עולת נדבה היא לכל הדורות לכן שפיר מסויימת וידועה היא, אבל קשה היאך מצינו לאוקמה כמשפט עולת נדבה ולמימר דטעון סמיכה כמוה הא האי קרא איירי בקרבן העם וקי"ל דאין סומכין בקרבן צבור, ונוכל לומר דהוראת שעה היתה (ועי"ל דכמשפט על כל משפטה חוץ מסמיכה קאי דלשון ויעשה משמע איך ומה שהיא נעשית בעצמה כגון לענין הפשט ונתוח וזריקה וכל כיוצא מה שעושין אותה ואין הלשון נופל על הסמיכה שאין זה מה שעושין אותה אלא מה שעושין לה ולא יפול בזה לשון ויעשה בכינוי הה"א והדבר פשוט לכל מי שי"ל חיך לטעום טעם הלשון:	Leviticus 9:16-17
Paaneach Raza, Shmini 12	וישא אהרן את ידו אל העם ויברכם וירד מעשות וגו' דעל אלו ג' קרבנות שייכה ברכת כהנים, יברכך ה' וישמרך, נגד החטאת שישמרם מחטוא לו כדכתיב ואת רגלי חסידיו ישמור, יאר ה' פניו אליך, נגד העולה, שיאיר לו לעשות לפני ה', וישם לך שלום, על השלמים:	Leviticus 9:22
Paaneach Raza, Shmini 13	הניף אהרן תנופה וסמיך לי' וישא אהרן וגו' לומר על נשיאת כפים שתהא בנענוע לכל ו' קצוות כתנופה:	NULL
Paaneach Raza, Shmini 14	את ידיו ידו כתיב להורות על ידו של הקב"ה שנשיאתו גם הוא עמם, שמסכים לברכה על ידם (ולי נראה דכתיב ידו לשון יד יחידה ללמד על איכות נשיאת כפים שיהא באופן שיהיו שתי הידים כאלו הם יד אחת דהיינו שיחבר האצבעות שתים שתים כאלו היו רק ה' אצבעות שביד אחת, ובאופן שיהי' חמשה חרכים כדכתיב מציץ מן החרכים, ולזה יתכן ביותר שיהי' מלת ידיו חסר יו"ד בפרטיות לרמז שיחסר מהיות נראין יו"ד אצבעות, והנה יד"ו חסר הוא אותיות יו"ד, וממלת ידיו דמשמע שתי ידים חסר יו"ד הרי לך רמז שהחצי מידיו יהא נחסר, דהיינו שישא אותם באופן שיעמידם על חציין דהיינו להיות נראין כחמשה כנזכר):	NULL
Paaneach Raza, Shmini 15	ויבא משה ואהרן וגו' פירש"י ללמד על מעשה הקטורת, וקשה וכי כל ז' הימים ששימש משה לא הי' מקטיר קטורת של שחרית עד שלא יכול אהרן ללמוד עד עתה כשאר עבודות, ועוד קשה הא תנן בפ' הממונה הקטורת של שחרית קריבה בין זריקת דם לאברים ולמה איחרו עתה כ"כ לא לבד אחר כל עבודת התמיד אלא אף אחר כל הקרבנות כולם כדכתיב וירד מעשות וגו' והדר ויבא משה וגו', וי"ל דודאי כל ז' הימים לא הקטיר משה קטרת שהרי גם השכינה לא שרתה בהם כדכתיב כאן וירא כבוד ה' וגו' שהוא הוא מה שאמר להם משה מתחלה כי היום ה' נראה אליכם, פירוש היום ישרה שכינתו ביניכם מה שלא נעשה עד כה (אבל סוף פ' פקודי משמע שגם משה הקטיר בז' הימים וכן פי' שם הרמב"ן על ויקטר עליו קטרת וגו' דקאי אז' ימים, וצ"ל דעדיין הי' צריך ללמדו כי דבר קשה הוא זה) ומה שאחרו הקטרת הזה כ"כ מפני שהיו מצפים לאש מן השמים, מצאתי:	Leviticus 9:23
Paaneach Raza, Shmini 16	(ואין אני רואה בזה האיחור שום קושי כלל, כי לא אחרו בודאי, וכי האי ויבא משה ואהרן מתחלת ביאתו שלפני הקרבת הקרבנות הנזכרים קאי והרי גם ויברכם וירד מעשות וגו' דלעיל בסמוך ג"כ מהופך הוא שפירושו ויברכם לאחר שוירד וגו' כדמוקי לי' בגמ' לתרץ את שמעון הפיקולי שהסדיר ברכת כהנים אחר העבודה בתפלת י"ח וה"נ האי ויבא משה וגו' וכל כונת הכתוב הוא לומר ויצאו ויברכו וגו' וירא כבוד וגו' ותצא אש וגו', וכל המשך הכתוב אח"כ שהי' באמת אחרי כן, ולכן אגב יציאתם שבא להזכיר מתחיל בכניסת ותחלת ביאתם שחוזר לראש הענין להמשיך סדר הסיפור והודיעני שגם משה נכנס מתחלה כשנכנס אהרן לעשות החטאת העולה והשלמים, וכי תימא א"כ מה הקשו למה נכנסו כמובא ברש"י הרי מיירי בכניסה ראשונה שנכנסו מתחלה להקריב כל הנזכר לפני זה כנזכר, לא הוקשה להם אלא על ביאת משה למה ולא על אהרן כי אהרן ודאי להקריב הנ"ל נכנס, והכי איתא בהדיא לשון הברייתא ע' ברש"י ויונעם לך, והנה א"כ בודאי בזמנו הקטיר הקטורת ומתחלה כשנכנס אהרן נכנס משה עמו בשביל כך כדי ללמדו מעשה הקטורת, ורש"י שכתב למה נכנסו וכו' בלשון רבים דמשמע דאתרווייהו קא מתמה היינו לפי שהמובן הפשוט מתחלה מכל מעיין הוא דהאי ויבא וגו' בלאחר וירד מעשות וגו' מיירי וא"כ אז בודאי תפול התמי' למה נכנסו אשניהם, אכן כדי להוציאך מטעות זה ולהעמידך על בוריין של הדברים להבינך דהאי ויבא ר"ל מתחלה כנזכר, לזה כתב רש"י מצאתי וכו' ללמד דעת שלפי הברייתא אין הקושיא אלא למה נכנס משה שזה לבד יתרץ בברייתא שתבין שבביאתם שמתחלה מיירי לפי הברייתא, ודוקא לפי הד"א שברש"י הוא שמפרש האי ויבא משה וגו' לביאה חדשה, אבל מתחלה דעתו לפרשו אביאה ראשונה שבשחרית כנזכר. אמנם רש"י שפי' לעיל ס"פ פקודי על ויקטר עליו קטרת הסמים דקאי איום השמיני עצמו, ובא לשלול ז' הימים לומר שלא הקטיר בהם משה קטרת כלל ופי' האי ויקטר על משה ששימש גם ביום ח' והקריב כל קרבנות צבור ולא עשה אהרן בו ביום אלא מה שנצטוו בו ביום, לפ"ז לא קשה כלל אף אם יפרש האי ויבא משה וגו' שלא אביאתם שחרית ותהי' התמי' באמת אכניסת שניהם מפני דא"כ הקטרת של תמיד השחר הקריב כבר משה והקטירו בודאי בזמנו וכתיקונו רק שאח"כ אחר כל עבודת התמיד וכל הקרבנות של בו ביום האלה בא עוד עמו ללמדו איך עושין את הקטרת כי לא נקל הוא ללמוד וממילא מיושבת גם הקושיא הראשונה, דאף אם נאמר כדעת הרמב"ן שם שהקטיר משה קטרת בכל ז' הימים וראה אהרן בהם מלאכתו ועשייתו, מ"מ נוכל לומר דעדיין עם כ"ז הי' צריך בו לימוד לרוב קישויו ואומנתו, אמנם תימה גדולה למה א"כ לא נכתב ויצאו ויברכו וגו' ותצא אש וגו' הכל קודם ויבא משה ואהרן וגו' כיון דאינו ר"ל ביאת שחרית שמתחלה וצ"ע):	NULL
Paaneach Raza, Shmini 17	הוא אשר דבר ה' לאמר בקרובי אקדש פירש"י והיכן דיבר ונועדתי שמה וגו' ומהר"ר משה אומר דהתם ודאי פירושו ונקדש הבית במה שתשרה בו כבודו, אלא האי אשר דיבר וגו' הוא מה שנאמר וגם הכהנים הנגשים אל ה' יתקדשו:	Leviticus 10:3
Paaneach Raza, Shmini 18	ראשיכם אל תפרעו פי' רבינו בכור שור אע"פ שאין כהן הדיוט מוזהר על פריעה ופרימה, מ"מ ביום משיחתן שאני ונאסרו דאז היו ככהנים גדולים לכ"ד וזה דקאמר בת"כ על ויקרא משה אל מישאל וגו' מכאן שהכהנים מוזהרים על הטומאה, דקשה ע"ז הלא כבר באה אזהרתן בהדיא בפ' אמור, ועוד הלא הדיוט אינו מוזהר על אחיו אלא שפי' מכאן שההדיוטים ביום משיחתן מוזהרין ואין מטמאין:	Leviticus 10:6
Paaneach Raza, Shmini 19	ובגדיכם לא תפרומו וקשה נילף מכאן דין קריעה מדאצטריך למימר להני ואמאי יליף לה מדברי קבלה מויקרע דוד בגדיו, וי"ל דודאי פרימה לחוד וקריעה לחוד, שהרי איתא בסוטה אם נפרמו נפרמו אם נקרעו נקרעו, ופרימה הוא לקרוע תפירה וקריעה הוא שקורעין במקום שלם:	Leviticus 10:6
Paaneach Raza, Shmini 20	ועל כל העדה יקצוף לפי שאלו היו שלוחי צבור מכאן לשליח צבור שטעה סימן רע לשולחיו:	Leviticus 10:6
Paaneach Raza, Shmini 21	ואחיכם כל בית ישראל יבכו מכאן לת"ח שמת שהכל כקרוביו, וא"ת למה נענשו והלא מצוה להביא אש מן ההדיוט, וי"ל דהיינו דוקא לאחר שירד אש מן השמים לפיכך כשהביאו אותו האש פגעה בם האש מן השמים ונשרפו בו, ג"ן:	Leviticus 10:6
Paaneach Raza, Shmini 22	יין ושכר אל תשת, שהרי אינכם אבלים דנימא תנו שכר לאובד ויין וגו', וזהו ג"כ בבאכם וגו' כי אבל אסור לילך לבית הכנסת, יין וגו' ולהבדיל מכאן להבדיל על היין, להבדיל בין קודש לחול פי' שבהבדלה דוקא יהי' חלוקה שחולקים בין קודש לחול, הוא שאמרו אסור לעשות צרכיו קודם שיבדיל, ולכך תקנו בחונן הדעת שהוא ברכה ראשונה של אמצעיות שהם שאלת צרכים דכשם שאסור לעשות צרכיו קודם הבדלה כך אין ראוי לשאול עליהם:	Leviticus 10:9
Paaneach Raza, Shmini 23	ממעלי הגרה כתיב ביו"ד כי עשרה מעלי גרה הם, שור כשב ועז וז' חיות אקו ודישון וגו' ובמשנה תורה כתיב מעלה גרה בה"י כנגד ה' חטאות מתות וסימנן ותמנ"ע דהיינו ול"ד חטא"ת תמור"ת חטא"ת מת"ו בעליה נתכפר"ו בעליה באחר עבר"ה שנתה:	Leviticus 11:4
Paaneach Raza, Shmini 24	את הארנבת חודש א' זכר וחודש א' נקבה (ולכך כתיב הוא וקרינן היא לשון זכר ונקבה:	Leviticus 11:16
Paaneach Raza, Shmini 25	ובנבלתם לא תגעו, הקשה הג"ן אם הזהיר על הנגיעה למה הוצרך להזהיר על האכילה דאם לא יגע איך יאכל (ואין זה קושיא דמשכחת לה בתחב לו חבירו בפיו) ועוד הקשה הא כתיב לגר אשר בשעריך תתננה דמשמע מיד ליד והרי יש מגע, ונ"ל דההוא בנבלת בהמה טהורה כתיב דאין מגעה נאסר, והוי דבר הלמד מענינו, דלעיל מיני' כתיב כל עוף טהור תאכלו, לוי:	NULL
Paaneach Raza, Shmini 26	כל אשר לו סנפיר וקשקשת, תימה למה לא הזכיר שמות דגים טהורי' או טמאים איזה שיהי' בהם המיעוט כדאמרינן בחיות בהמות ועופות גלוי וידוע וכו' וי"ל דאין שמות לדגים וראי' דבקריאת שמות דאה"ר לא נזכרו דגים:	Leviticus 11:33
Paaneach Raza, Shmini 27	את הנשר וגו', נשר תחלה לעופות, מפני שהוא מלך להם, אם" על" פיך" יגבה נשר דאיוב ס"ת מלך (ובא הענין בס"ת דייקא להורות כי בסוף מלכותו יגבה דהיינו שמחדש נעוריו כשיזקין בהגביהו עד גלגל חמה) ונקרא נשר ע"ש שנוצתו נושרין:	Leviticus 11:33
Paaneach Raza, Shmini 28	כל עורב למינו ואת בת היענה סמכן להדדי שהעורב גם הוא אכזרי כדכתיב מי יכין לעורב צידו:	Leviticus 11:33
Paaneach Raza, Shmini 29	התחמס, שחומס ואוכל:	Leviticus 11:33
Paaneach Raza, Shmini 30	הנץ, שי"ל נוצה הרבה לעופף ולצוד שאר העופות ויציץ ויריב עמם:	Leviticus 11:33
Paaneach Raza, Shmini 31	הכוס ע"ש בכוס חרבות ושנכסה מן העין, הינשוף ע"ש מיעוף בנשף ואינו נראה ביום מפני אור השמש:	Leviticus 11:33
Paaneach Raza, Shmini 32	תנשמת שכל רואהו ישום וישומם מקלקול צורתו, במשנה תורה סומך שלך לחסידה ואח"כ סמוך לה פרשת עשר תעשר בעבור שהחסידה משלכת מעשר מבניה והוא חסידותה, תרגום של חסידה חוריתא, מפני שדרך בני החסידים להתחוור באזיל סומקא ואתי חיורא מפני המתלוצצים על חסידותם ואעפ"כ לא נמנעים, מהר"ר יקיתואל:	Leviticus 11:33
Paaneach Raza, Shmini 33	דוכיפת, הוא נגר טורא (חורא) כתרגומו והוא שנקב את האבן עד שנכנס בצוארו של עוג, ואם יתלה איש את לשונו על לבו מימינו יזכה וינצח בעל דינו, אפי' את המלך, ואשה שתתלה עינה השמאלית על צוארה יאהבנה בעלה אפי' היא כעורה מאד, ולא יאהב אחרת לעולם, וחכמי יון ניסו את הדבר הרבה וגם אני והוא אמת, פרחו"ץ:	Leviticus 11:33
Paaneach Raza, Shmini 34	וזה לכם הטמא בשרץ תימה למה לא התיר אפי' א' בכל השרצים, וי"ל שנאררו ע"י נחש מהר"ר אליעזר:	Leviticus 11:33
Paaneach Raza, Shmini 35	ואותו תשבורו כלי חרס טמא שנשבר טהור וכן האדם הנחש (ב) ככלי חרס מיתת ב"ד מכפרת לו ומטהרתו, פי' רי"ח:	Leviticus 11:33-34
Paaneach Raza, Shmini 36	ובין החי' הנאכלת ובין החי' אשר לא תאכל, ובין אשר לא תאכל מבע"ל, החי' מיותר לרמז י"ח טריפות הנוהגות בעשר מיני חי' ובהמה דקחשיב במשנה תורה, זהו החי"ה, ב' ההי"ן רמז לעשר מינין ונשארו אותיות ח"י על רמז מספר הטריפות (ובא הרמז באותיות ח"י להורות כי טריפה חיה או שאינה חיה למר כדאית לי' ולמר כדאי"ל):	NULL
Paaneach Raza, Shmini 37	להבדיל בין הטמא וגו' זה הפסוק מתחיל בלמ"ד ומסיים בלמ"ד להורות על ביטול איסור בששים (ולכך הפסוק אשר כל איסור והיתר כלול בו הוא בנתיים ובתוך הלמדי"ן הללו לומר כי בתוך ס' של היתר האיסור בטל) וכן כלי עולה מספר ס' לומר שמשערין בכלי אם יש בו ס':	Leviticus 11:47
Paaneach Raza, Tazria 1	@ויקרא פרשת תזריע	NULL
Paaneach Raza, Tazria 2	ובעזר אל נקמות הופיע, נתחיל סדר אשה כי תזריע:	NULL
Paaneach Raza, Tazria 3	אשה כי תזריע וסמיך לי' לעיל והתקדשתם וגו' לומר שיקדש עצמו בשעת תשמיש, והכי איתא במס' נדה, ורמז שהעושה כן יהיו לו בנים מורי הוראות, שזהו שסמוך לפניו להבדיל וגו' שיהיו ראוים להבדיל ולהורות וכן סמוך לפניו אל תשקצו את נפשותיכם והדר אשה כי תזריע שאל ישמש מטתו בבואו מבית הכסא:	NULL
Paaneach Raza, Tazria 4	להבדיל וסמיך לי' אשה כי תזריע לומר שיפרוש מאשתו ויבדילנה עונה אחת סמוך לוסתה, ועוד רמז שתמתין אחר שתזריע וילדה ג' חדשים כדי להבחין בין זרע לזרע וזהו להבדיל וגו':	NULL
Paaneach Raza, Tazria 5	ובין החי' אשר לא תאכל וסמיך לי' אשה כי תזריע, זהו שאמר המלאך לאשת מנוח אל תאכלי כל טומאה:	Leviticus 12:2
Paaneach Raza, Tazria 6	בפרקי דר"א יש דקיבת ארנבת טוב להריון (כ"י תזרי"ע וילד"ה בגימט' בקיב"ה ארנב"ת) כי תזריע, דרשו רז"ל אשה מזרעת תחלה וכו', כתב הג"ן בשם אבן עזרא שבהיות שברחם אשה ז' חדרים ג' מימין וג' משמאל וא' באמצע, וכשהזרע נקלט בשל ימין תלד זכר, ואם בשל שמאל תלד נקבה, לכן כשתשכוב על ימינה אחר הביאה או בשעת ביאה יקלוט הזרע שם ויהי' זכר וממהרת הטומאה לצאת מאותן שבשמאל כי שם מקום הטומאה שלכך מוכן שם ליצירת נקבה, ולכך אין לה אלא טומאת שבעה, ובשכבה על צדה השמאלית יקלוט הזרע שם ויהי' נקבה והטומאה אינה ממהרת לצאת, גם הזרע מעכבת לצאת לכן טמאה שבועים כנדתה, והוא שכתוב במליצת ומשל החכם שמאלו תחת לראשי וימינו תחבקני, בדמיון שכיבתה על ימינה להוליד זכר וברכה, תשובה למינים שפוקרים במינות באשה כי תזריע וילדה זכר שירמוז לאשה שהזריע וילדה בלי שכיבת בעל, א"כ למה נשתנו ויתרבו ימי טומאתה בכפל בנקבה מבזכר הלא טומאת קרי אינו אלא יום א' ובזב וטמא מת רק ז' ימים, ועוד הרי יודו שהיתה רוחצתו כל ימי לידתה ונהגה עמו כמנהגו של עולם וא"כ הרי טימאתו במגעה ולא הי' קדש כדבריהם שהרי כתיב בכל קודש לא תגע וגו' עד מלאת וגו':	Leviticus 12:2
Paaneach Raza, Tazria 7	אשה כי תזריע פירש"י כשם שיצירתו וכו' כך תורתו וכו', וקשה א"כ הי"ל לשמור סדר הבריאה לגמרי ולכתוב טומאת האיש תחלה כי הוא נברא קודם לאשה, וי"ל דתדיר קודם שטומאת אשה תדירה, בנדה ולידה וזיבה וכולם נוהגת בהם משא"כ באנשים שאין בהם אלא צרעת וזיבה, ועי"ל דזו היא טומאה ראשונה של איש ולכן פי' תחלה תורת וילדה זכר קודם ואם נקבה תלד שטומאת לידה הוא מפני הולד שהוא מטמא את אמו שהרי אפי' נפתח הקבר בלא דם היא טמאה לידה, הרי מצד הולד הטומאה באה אלא שמפני שהולד קטן אין תורת ודין טומאה שייך בי' הוא דלא הוקבע לו טהרה לולד רק לאם שהיא גדולה ונטמאה ממנו וא"כ זו היא טומאה ראשונה האפשרות בזכר אשר לכן הוקדמה תחלה אחר תורת בהמה חי' ועוף) ואח"כ אגב לידתו פירש לידת נקבה ג"כ:	Leviticus 12:2
Paaneach Raza, Tazria 8	וטמאה שבעת ימים וכנגדן ז' ימי אבילות כי לעומת שבא כן ילך:	Leviticus 12:2
Paaneach Raza, Tazria 9	תשב בדמי טהרה כלומר תשב בטלה ואינה עושה לבעלה כלום, ואף מהמלאכות שהאשה עושה לבעלה:	Leviticus 12:4
Paaneach Raza, Tazria 10	ואל המקדש לא תבא זה בית הכנסת, לכן ממתינין חודש ימים או יותר מללכת לבהכ"נ:	Leviticus 12:4
Paaneach Raza, Tazria 11	וביום השמיני ימול וגו' הרי רע"ז ימים משעה שנקלט עד יום המילה כמנין זרע, והוא שאמר דוד זרע יעבדנו, שהולד עמוס מבטן ויעבוד עבודתו להמול לו בזרע ימים משנזרע:	NULL
Paaneach Raza, Tazria 12	נקבה תל"ד אותיות דל"ת כמו שאמרו בבכורות כשם שיש דלת לבית כך יש דלת לאשה (ולכך באו כאן אותיות דלת מהופך כמו שדרשו בפסוק ופקודתו שמרה רוחי חמת ופיה למטה וכו' שדלתה הפוכה שלא כדלתות הבית שבצדי הבית):	Leviticus 12:5
Paaneach Raza, Tazria 13	וטמאה שבועים ז' של אם וז' עבור הבת ובזכר שכבר יוצאת רוב טומאה כנזכר א"צ אלא ז' של אם, מהר"ר משה:	Leviticus 12:5
Paaneach Raza, Tazria 14	וטהרה ממקור דמיה, ממקר חסר כתיב לדורשו מלשון קר שכל גופה מתקרר בעת לידתה, ותימה איך יאמר וטהרה ממקור דמיה הלא עד עתה לא הי"ל דמי מקור טמאים כל ימי דמי טוהר, ואדרבא דמה שתראה מעתה יהי' דם טמא והלשון תמוה מאד, (ולי נראה ליישב שאמר כן מפני כי עד עתה מקורה הוא הוא דמיה כלומר שאף בלידה יבישתה יש לה כל דין יולדת מפני שמקורה ורחמה נפתח לגמרי ומצדו הטומאה בא אף בלא דם לאפוקי מכאן ולהבא לא תטמא כי אם בדם, ובו יהיו תלויות כל הטומאות, זהו ממקור דמיה, שתטהר מהיום המקור עצמו, הדמים, והוא ג"כ טעם נמרץ על שכתוב ממקר חסר, כי חסרון גדול זה לה בחקה שהמקור בעצמו יהי' כמו דמים, ועוד להורות שאף שהמקור חסר, כלומר בלי דם, היתה כבר טמאה ומכ"ז תטהר עתה:	Leviticus 12:7
Paaneach Raza, Tazria 15	אדם כי יהי' בעור בשרו וגו' סמיך לי' לדיני יולדת שכל שאינו נזהר בנדות נגעים באים עליו (וזהו ייתור והי' בעור בשרו לנגע צרעת, דוהי' לנגע צרעת מבע"ל דהלא כבר כתיב כי יהי' בעור בשרו, אלא לרמוז שיהי' לנגע צרעת בשביל עור בשרו, כלומר שנכשל בבעילת נדה כי עור בשרו ידוע לכנוי כלי המשגל, וכן לשון בשרו יפול על אשתו שהיא שאר בשר לו:	NULL
Paaneach Raza, Tazria 16	צרע"ת בגימט' ע"ל לשו"ן הר"ע, מהר"ר אליעזר:	NULL
Paaneach Raza, Tazria 17	ועמוק אין מראה, פירש"י לא ידעתי פירושו, וקשה הרי יפה פי' לפני זה עמוק מעור בשרו, כל מראה לבן עמוק הוא וכו' והרי זה הפכו שאינו לבן הרבה ולא נראה עמוק הרבה, ואמר מהר"ר משה דהדין עם רש"י, כי כבר אמרו בשבועות בהרת עזה כשלג כלומר לבנה הרבה ועמוקה ביותר וא"כ איך יאמר כאן ואם בהרת לבנה היא דמשמע שהיא לבינה ועמוקה הרבה ואח"כ תיכף יאמר עליה ועמוק אין מראה זהו שאמר לא ידעתי פירושו, אבל שמעתי מפי הר"ר יצחק בשם מהר"ר מאיר דל"ק דה"פ ואם בהרת לבנה היא בעור ועמוק, שמלת ועמוק מוסב אדלעיל, ואח"כ אמר אין מראה מן העור, כלומר שאין מראה כמראה העור:	Leviticus 13:32-33
Paaneach Raza, Tazria 18	ושער בנגע הפך לבן טמא הוא כי השער שנתלבן הוא סימן שנחלש הבשר וניקב כמנהג הזקנים שמחולשתן שערותיהם מתלבנים, לכן אמרו שער לבן קודם לבהרת טהור שלא נתלבן מחמת הנגע, ג"ן:	Leviticus 13:46
Paaneach Raza, Tazria 19	עז"ה, בגימט' לב"ן בהרת בחילוף א"ת ב"ש הוא שצג"א בגימט' א"ם כשל"ג ושניה לה כסיד ההיכל ספחת בגימט' לבנ"ה הי"א ז"ו כצמ"ר לב"ן ושניה לה כקרום ביצה, והיא" הפכה" שער" לבן" ס"ת אהר"ן לומר שגם אהרן נצטרע כמרים (והרמז בא דוקא בס"ת לומר שסופן לבא על אהרן, ועוד לומר שלבסוף אחר מרים יהיו על אהרן, וזה שאמר אז אהרן למשה בי אדוני כלומר עתה הוא בי, ואלי הדבר נוגע לשיעבור עתה הכוס גם עלי כיון שכבר היא מצורעת הנה א"כ אחריה יהי' בי לכן אל נא תשת עלינו וגו' עלי ועליה):	NULL
Paaneach Raza, Tazria 20	נגע צרעת כי תהי' וגו', הפסוק מתחיל ומסיים בנוני"ן לרמז שמספרי לשון הרע עוברים על כל התורה שנתנה ליום חמשים, וכן המן שספר על ישראל נתנגע ונתלה על חמשים:	Leviticus 13:47
Paaneach Raza, Tazria 21	מראשו ועד רגליו וגו' ויטהר וגו' כמשל הנהר במקום שמתרחב אינו עמוק, וכן בהפך, לכן כשיתפשט וירחיב הנגע לא ירד לחלחל הבשר בעומק, מצאתי:	NULL
Paaneach Raza, Tazria 22	והתגלח, ג' רבתי כי ג' צריכים תגלחת, נזיר ומצורע ולוים, (וקשה הרי מצינו גילוח רביעי נצטוה בתורה דהיינו ביפת תואר דכתיב וגלחה את ראשה, לכן אני אומר שלזה באה כאן ג' רבתי לומר כי הגלחת דהכא מתרברב ומשתרבב עוד בזולת זה המקום דהיינו בגילוח יפ"ת וירמוז כי הטעם שם הוא הוא הענין של כאן, דהיינו שלכן צריכה יפ"ת גילוח לשידמה בנפשו כאלו הוא מתגלחת גילוח נגעים ויתרחק מלבא עליה ולחשוק בה עוד כי התשמיש קשה לזה, ולכן ג"כ ועשתה את צפרניה כאלו צריכה להתגרד בהם, וכן למ"ד תתקנם כאלו תשמר מלהשחית נגעה בגרידה רבה, וכן כל הפרטים הבאים שם בפ' יפת תאר כולם כא' כתובים אצלנו לטעמים וענינים כאלה כגון ובכתה וגו', כי אבל אסור בתשמיש המטה):	NULL
Paaneach Raza, Tazria 23	צרעת ממארת שנשלחה מארה בבגד זה וסופו שיפשוט בכולו, לכן שורפו וכן פחתת הוא שפוחת והולך ונשלח בכולו, ולא יועיל קריעת מקום הנגע לכן שורפו:	Leviticus 13:51
Paaneach Raza, Metzora 1	@ויקרא פרשת מצורע	NULL
Paaneach Raza, Metzora 2	ובעזר נאמן לשלם שכר טוב ולהפרע, נתחיל סדר זאת תהי' תורת המצורע:	NULL
Paaneach Raza, Metzora 3	המצורע והובא מלמד אף שא"י לילך ומוכרח להיות מובא על ידי זולתו:	NULL
Paaneach Raza, Metzora 4	שתי צפרים על שם ישיבתו בדד, כלומר כצפור בודד מקינה:	NULL
Paaneach Raza, Metzora 5	אל כלי חרס שיחשוב עצמו כחרס הנשבר אחר שבאו עליו הנגעים על שנתגאה:	NULL
Paaneach Raza, Metzora 6	על מים חיים שגם זה רפואה לו כדאשכחן בצרעת נעמן (והטעם שישפיל דעתו כמים שיורדין מן הגבוה אל הנמוך, ולכן אל כלי חרס ועל מים חיים, כי שניהם טעם א' להם ולהוראה אחת באים:	Leviticus 14:5-6
Paaneach Raza, Metzora 7	חיות פירש"י פרט לטריפות וקשה אימא פרט לבעלי מומין כדאמרינן בנח מן החיה שחיין ראשי אברים שלה, וי"ל דהתם נפקא לן גם טריפות מלחיות זרע כי טריפה לא ילדה א"כ אייתר לי' החי' למעט בעלי מומין אבל הכא דליכא אלא חד מיעוטא מוקמינן לי' אטריפה דמסתבר:	NULL
Paaneach Raza, Metzora 8	טהורות למעט צפרים של עיר הנדחת ודלא כרש"י דעוף טמא אימעוט מדכתיב צפרים כדאמרינן גבי שילוח הקן:	NULL
Paaneach Raza, Metzora 9	וישב מחוץ לאהלו פירש"י שאסור בתשמיש המטה, וקשה הלא אף מצורע מוחלט מותר כדאמרינן דיותם לא הולידו עוזיהו אלא בימי חלוטו, וי"ל דהורתו היתה קודם שנתנגע אביו, ולעולם אסור אפי' המוסגר:	Leviticus 14:8
Paaneach Raza, Metzora 10	כי תבאו אל הארץ לפי הפשט יאמר כיון דעד הכא דיבר בנגעי אדם ובגדים שהיו שייך אף במדבר משא"כ בנגעי בתים אמר כי תבאו וגו' כלומר שם תקיימו את אלה, ד"א לדעת רש"י שנגעי בתים הי"ל לבשורה טובה לכן בנגעי אדם ובגדים שאין בהם בשורה לא תלאן בארץ, ועוד דאולי היו קצים ומואסים בה כשהי' אומר כי תבאו אל הארץ והי' לכם כל זאת, לוי:	Leviticus 14:34
Paaneach Raza, Metzora 11	וקשה מפני מה נתנו נגעים בבגדים, דבשלמא באדם על גסות הרוח והנלווה אליו. ובבתים כדעת רש"י אבל בבגדים למה, וי"ל כי ע"ז ומשמשיה מחויבים לנתוץ ולשרוף ובבגדים שמביזת מצרים וביזת הים לא היו יודעים איזה הם ממשמשיהם והרי לא בלו שמלותיהם כל מ' שנה שהיו במדבר לכן שלחו בהם נגעי' שיהיו נשרפים, מפי מהר"ם, (ולא רחוק לומר בם כי נגעי אדם על גסות הרוח ועל הגזל וכיוצא כי יש מתגאה בבגדיו או גזל הם בידו, וכן הרבה דברים לאפוקי בבתים הוכרח רש"י למצא טעם אחר מדכתיב בהו כי תבאו אל הארץ וגו' דמשמע מיד בבואם בעוד שלא הספיקו להתיהר בם או לגזלם וכיוצא:	NULL
Paaneach Raza, Metzora 12	איש איש כי יהי' זב וגו', למה נסמכה פ' זוב למצורע לפי שע"י נחש נתקללה האשה בזיבה והנחש בצרעת וכן כתיב וישלחו מן המחנה כל צרוע וכל זב, והקדים מצורע כי הנחש נתקלל תחלה, וגבי דוד בקללו את יואב לא יכרת מבית יואב זב ומצורע, הקדים זיבה מפני שהוא דם ממש בעין ובעצם, לפי שכל מגמת הקללה היתה על ששפך דם אבנר וכן נתקיים בבניו זיבה תחלה ברחבעם ואח"כ צרעת בעוזיה, מהר"ר אליעזר:	Leviticus 15:2
Paaneach Raza, Metzora 13	ואשה אשר ישכב איש אותה וגו', וקשה למה לא כתיב בהם כבוס בגדים, וי"ל דמסתמא לא נטמאו בגדים משכבת זרע כדאמרינן בפרק נערה האומר א"א אלא אני בבגדי והיא בבגדה יוציא ויתן כתובה, פי' רי"ח בשם זקנו החסיד:	Leviticus 15:18
Paaneach Raza, Metzora 14	תהי"ה בנדת"ה בגימט' וע"ד שתב"א במי"ם, מכאן טבילה לנדה מדאורייתא א"נ מק"ו ממגעה דכתיב בי' ורחץ וא"ת והלא אין עונשין מן הדין, וי"ל דאין עונשין למלקות אבל לאיסורא ילפינן א"נ מקרא דבמי נדה יתחטא דרשינן לי' בע"ז במים שהנדה טובלת בהם, דהיינו מ' סאה, א"נ וי"ו דואשה כי יזוב וגו' מוסיף על נדה דלעיל דתיהוי גם היא שייכה בטבילה:	Leviticus 15:19
Paaneach Raza, Achrei Mot 1	@ויקרא פרשת אחרי מות	NULL
Paaneach Raza, Achrei Mot 2	ובעזר נצח בימינו נעימות, נתחיל סדר אחרי מות:	NULL
Paaneach Raza, Achrei Mot 3	אחרי מות וסמוך לפניו אשר ישכב עם טמאה לומר שאם בא לה וסת בתוך התשמיש ימתין עד אחרי מות האבר ואל יפרוש מיד כדאמרינן דיציאה הנאה כביאה, ד"א והזרתם וגו' וסמוך לי' אחרי מות שני בני אהרן לומר מנשה הכניס ע"ז הנקראת דוה לפנים ויצא בשלום ואלו הכניסו קטרת לפנים ומתו כדאיתא בפרק רע"ק, ד"א מלמד כענין פ"ק דשבת בימי ליבונך מה הי' אצלך וכו', עד ברוך שהרגו, זה סמיכות אחרי מות אל והדוה וגו', ד"א דכשם שנדה תשב ז' ימים אחר תטהר כך כה"ג מפרישין אותו ז' ימים:	Leviticus 16:1
Paaneach Raza, Achrei Mot 4	וידבר ה' אל משה אחרי מות וגו', וקשה מה נאמר לו בזה הדבור הלא נאמר אח"כ ויאמר ה' אל משה וגו', וי"ל דשריפת הפרה נאמרה לו בנתים כדי שיטהרו אותם שנטמאו, ותדע שהרי באחד בניסן הוקם המשכן ובו ביום מתו ושני לו נשרפה הפרה:	Leviticus 16:1
Paaneach Raza, Achrei Mot 5	"אחרי "מות "שני, ר"ת אמ"ש, כלומר שבשעת זה הדיבור מתו אמש דהיינו ביום שלפניו, ואמ"ש בגימט' פר"ה אדומ"ה, מלמד שביום אתמול מתו ובו ביום נשרפה הפרה:	Leviticus 16:1
Paaneach Raza, Achrei Mot 6	דבר אל אהרן אחיך וגו', ולא כתיב ואל בניו מפני שכתוב בקרבתם לפני ה' דהיינו בכניסה לפני ולפנים וזה לא הי' שייך כי אם בכ"ג פ"א בשנה:	Leviticus 16:2
Paaneach Raza, Achrei Mot 7	בזאת יבא, פירש"י בגימט' ת"י רמז לבית ראשון וקשה למה רמז דוקא לבית ראשון הלא גם בבית שני היו כהנים גדולים שנכנסו לפנים, וי"ל מפני שלא נמשחו בשמן המשחה באהרן כי בימי יאשיה נגנז ועוד כי בבית שני לא הי' שכינה אורים ותומים וארון וכיוצא כדאיתא ביומא בזא"ת בגימט' ת"י וכן קדו"ש וכן שמ"ע לומר שבזכות קדושה תפלה וק"ש יחזור ויבנה במהרה בימינו:	Leviticus 16:3
Paaneach Raza, Achrei Mot 8	כתונת בד, ד' פעמים כתיב בד בפסוק למעט ד' בגדי זהב כשיכנס לפנים דהיינו חשן ואפוד ומעיל וציץ:	NULL
Paaneach Raza, Achrei Mot 9	ולבש"ם, אותיות בל"ו ש"ם שהיו טעונין גניזה שם:	NULL
Paaneach Raza, Achrei Mot 10	ולקח את שני השעירים חסר כתיב כאלו הי' מדבר בשעיר א', ללמד שהיו שוין במראה וקומה:	Leviticus 16:7
Paaneach Raza, Achrei Mot 11	יעמד חי לפני ה', פי' שיתודה בעזרה שהרי האי לכפר עליו הוא הוידוי כפירש"י ולאפוקי להתוודות אצל ההר במקום שילוחו שיסמוך שילוח לוידוי כמו תכף לסמיכה שחיטה קמ"ל דלא:	Leviticus 16:7
Paaneach Raza, Achrei Mot 12	לעזאזל המדברה לפי הפשט שישלחנו לשאר עזים שבמדבר כענין שעושין למשולחת שבמצורע, ג"פ כתיב לעזאזל כנגד נושא עון ופשע וחטאה, בזכות ג' אבות, וכן אומר בוידוי חטאתי עויתי פשעתי, שכן הי' חטאו בג' דברים פרקו וגו' באזני נשיכם בניכם ובנותיכם, ולכן מזכיר את ה' ג"פ בכל וידוי:	Leviticus 16:10-11
Paaneach Raza, Achrei Mot 13	והקריב אהרן את פר החטאת זו סמיכה, שהרי תיכף נאמר אח"כ ושחט וגו' וקי"ל תיכף לסמיכה שחיטה:	Leviticus 16:11
Paaneach Raza, Achrei Mot 14	סמי"ם דק"ה בגימט' דק"ה מדק"ה שבערב יום הכפורים מחזירה למכתשת כפירש"י, דקה לכפר על לשון הרע שבחשאי, שמטעם זה היתה גם הקטרתו בחשאי, כדכתיב וכל אדם לא יהי' באהל מועד בבאו וגו', מן הדקה, לכפר על הנשמה שהיא דקה רוחניות וטהורה:	Leviticus 16:12
Paaneach Raza, Achrei Mot 15	ולפני הכפורת יזה שבע פעמים, פי' הרי למעלה אחת ולמטה שבע, לרמז כי די לאדם שיהא א' משבעה במלאכי מעלה כדאית' בספרי שלא הזכיר משה שמו של הקב"ה עד לאחר כ"א תיבות, כי שם ה' אקרא, והמלאכים אחר ג', ק' ק' ק' ה' צבאות, ואמר דייני שאהא א' מז' וכו', וכן ישעי' לא הזכירו אלא לאחר כ"א, ודוד בתהלים אמר ז' הללויות למעלה וא' למטה, הללו את ה' מן הארץ, ג"כ לטעם זה (ואיכות ומהות היותו א' מז' במלאך, והטעם בזה, הכל ביארנו במק"א בכמה פנים, והנה כאן בהזאות אל תתמה על ההפך שהוזה רום מעלה א' ומטה שבע, שזהו מפני דהזאה אטהרת השמץ ולכלוך הוא, ואף בעבדיו לא יאמין ובמלאכיו ישים תהלה מפני שבערכו ית' אף בהם יש תיעוב, והאדם צריך טהרה על חד ז' מהם בערך זה, כיון שמדרגת האדם וגדרו א' מז' במלאך, וק"ל, ועוד הזה רום מעלה אחת נגד ג' עליונות שהם אחת, ומטה ז' נגד שבע תחתונות, וע"ד שביארו בחכמה בסוד מלת א"ז שהאלוף היא ג' עליונות הי' זה כדי לייחד את הכל בהזאה הזאת בייחוד הגמור, וכנגד מה שהי' מפרידן בשכבר ע"י החטא כנרגן מפריד אלו"ף, שזהו הפי' האמתי אצלי בפסוק ההוא, שהוא מפריד א' מן הז' ובזה יפרד האלו"ף ית' ומסתלק, וצריך תיקון המעוות כמכוון ממש, והבן הדברים הנכונים האלה, ועוד הזה רום מעלה אחת ומטה ז' נגד מה שחטאו כלפי מעלה ביחודו של עולם בז' גופי עבירות, ונגד ז' ענינים שבתוכחה ואם לא תשמעו לי, ואם בחקתי תמאסו וגו', אשר כל א' הוא בחינה וסוג לעצמו, אשר עליהם אומרים ז"פ ה' אלהי ישראל וכו' שישיב ית' מחרון אפו, מלייסרם שבע על חטאתיהם אלה, ולכן גם כאן הוצרכו טהרה מכולן ועת לקצר, וגם זה נכון בדברים עתיקין):	NULL
Paaneach Raza, Achrei Mot 16	ובאו י"ו הזאות על הכפורת ולפני הכפורת, שהרי עשה כן משעיר החטאת ומפר החטאת, נגד י"ו בריתות שנכרתו בסיני אשר עברו עליהם בחטאם וכן עשה לפרוכת כפירש"י, נגד בריתות שבאהל מועד, וכן י"ו הזאות על מזבח הזהב הפנימי בשירי הדם נגד כריתות שבערבות מואב, כי בג' מקומות כרת הקב"ה עם ישראל כדאית' במדרש:	Leviticus 16:13
Paaneach Raza, Achrei Mot 17	את משפטי תעשו ואת חקותי תשמרו כאן הקדים משפטים לחקים ועשיה לשמירה, מפני כי המשפטים אלו הדיינין תעשו זה שיהא בידך מקל ורצועה לרדות:	Leviticus 16:27
Paaneach Raza, Achrei Mot 18	ולא תקיא אתכם בתמי' כלומר וכי לא תקיא בטמאכם וגו' כשתעשו כל אלה, ד"א ולא תקיא וגו' כאשר קאה וגו' שאל תדמו בנפשכם שתקיא אתכם כאשר קאה את הגוי אשר לפניכם דהיינו שלא יהי' לכם רק עונש זה שתגלו, זה אינו כי כל אשר יעשה וגו' שמעותדים אתם עוד לעונשים רבים וגדולים אחרים זולת הקיאה:	Leviticus 17:14
Paaneach Raza, Achrei Mot 19	תבל הוא תבלין יש בה כלומר בתמי', וכי מה טעם תבלין יש לך בעבירה המגונה הזאת, וכן זימה הוא זו מה הוא לך יותר מאחרות שנפשו של אדם מחמדתה והתאוה לה יותר:	Leviticus 18:23-24
Paaneach Raza, Achrei Mot 20	תועבה תועה אתה בה שאינך פונה למאמר שתה מים מבורך:	Leviticus 18:26
Paaneach Raza, Achrei Mot 21	הנפשות העושות וגו' מכאן דרשו בפ"ק דיבמות לחייב את האשה כאיש וקשה תיפוק לי' מדכתיב בעלמא איש או אשה וגו' הוקשה אשה לאיש לכל עונשין וכו', וי"ל דסד"א הכא שאני שהיא קרקע עולם, מרבי:	Leviticus 18:29
Paaneach Raza, Kedoshim 1	@ויקרא פרשת קדושים	NULL
Paaneach Raza, Kedoshim 2	ובעזרת גולה אוזן אנשים, נתחיל סדר קדושים:	NULL
Paaneach Raza, Kedoshim 3	קדושים תהיו וסמיך לי' לעיל ושמרתם את משמרתי לומר אם אדם משמר עצמו מן החטא שוב אין חטא ועון בא לידו ומקדשין אותו וזהו ושמרתם את משמרתי לבלתי עשות, שכשנשמר ב' פעמים שוב אינו חוטא ומקדשין אותו למעלה כי הבא לטהר מסייעין לו:	Leviticus 19:2
Paaneach Raza, Kedoshim 4	קדושים תהיו כי קדוש אני, אם אדם מקדש עצמו בעוה"ז הקב"ה מקדשו לעוה"ב:	Leviticus 19:2
Paaneach Raza, Kedoshim 5	אני ה' אלהיכם, וסמוך לי' איש אמו ואביו תיראו וגו' לומר שהוקש מוראם למוראו:	Leviticus 19:2-3
Paaneach Raza, Kedoshim 6	אל תפנו אל האלילים וגו' שאפי' אם תאמרו לשם שמים אנו עושים כדי שנזכור חסדי הש"י ע"י כן אל תפנו כלל:	NULL
Paaneach Raza, Kedoshim 7	ואלהי מסכה לא תעשו אפי' לאחרים, לכם, אפי' משל אחרים:	Leviticus 19:4
Paaneach Raza, Kedoshim 8	לא תכלה פאת שדך, אמרו במס' פאה אפי' קרקע כ"ש, וקשה איך ד"ז אפשר, הלא כל שהוא נאמר אפי' בכדי קנה אחד, וי"ל כגון שבע שבלין עולין בקנה א', שמעתי:	Leviticus 19:9
Paaneach Raza, Kedoshim 9	לא תלין פעולת שכיר, וסמיך לי' לא תקלל, לומר שאף אם ילין שכרך לא תקללנו, וכן שבעה"ב לא יקלל שכירו במלאכתו:	Leviticus 19:13
Paaneach Raza, Kedoshim 10	ויראת מאלהיך, וסמיך לי' לא תעשו עול במשפט, לומר כי לא לאדם תשפוטו כי אם לה':	Leviticus 19:14
Paaneach Raza, Kedoshim 11	לא תלך רכיל, נקט לשון הלוך, כי הנחש הי' הולך רכיל ונקצצו רגליו לכן לא תלך רכיל שלא יארע לך כמוהו:	Leviticus 19:16
Paaneach Raza, Kedoshim 12	לא תלך רכיל וגו' לא תעמוד על דם וגו', כללינהו בחד קרא לומר דהאי לא תעמוד גם לענין לא תלך רכיל נאמר לעשותן מצוה א', דסיפא דקרא מפרש רישא לא תלך רכיל כדי שלא תשפך דם רעיך כאמרם ז"ל לשון תליתאי קטיל וכן אמר יחזקאל אנשי רכיל היו בך למען שפוך דם:	Leviticus 19:16
Paaneach Raza, Kedoshim 13	לא תעמוד על דם רעיך ולהלן הוא אומר לא תאכלו על הדם, שכן דרך ניחוש ההורגין את הנפש אוכלין עליו פת במלח שלא ינקמו נקמתו ממנו:	NULL
Paaneach Raza, Kedoshim 14	לא תשנא את אחיך בלבבך פי' אם אתה רואהו עושה איסור לא תהי' כמחריש מלהוכיחו אל פניו לומר בלבבך הלואי ויעשה עוד כהנה וכהנה למען ילעט רשע וימות, אלא הוכח תוכיח אפי' מאה פעמים:	NULL
Paaneach Raza, Kedoshim 15	לא תקום וגו' ואהבת לרעך וגו' שאם עשה לך רעה לא תנקום ממנו, מצאתי:	Leviticus 19:18
Paaneach Raza, Kedoshim 16	לא תקום, פירש"י שאם אמר לו השאילני מגלך וא"ל לאו למחר אומר הוא לו השאילני קרדומך וכו' וקשה טפי הו"ל ליתן לאו על הממאן להשאיל תחלה שאין לו אמתלא כלל, וזה הרי יש לו אמתלא וטענה, וי"ל דזה שאינו משאיל תחלה מחמת שעינו רעה הוא עושה שמקפיד על כליו ואין הקב"ה מכריחו להשאיל חוץ מרצונו, אבל זה הי' משאילו רק שדרך שנאה ונקימה הוא עושה כן לכן אסור:	Leviticus 19:18
Paaneach Raza, Kedoshim 17	ואהבת לרעך כמוך וקשה איך אפשר שיאהב את רעהו כגופו, וי"ל רעך לא כתיב כאן אלא לרעך כלומר השייך לרעך דהיינו שיהא ממונו חביב עליך ולהצילו כשלך, מהר"ר משה:	Leviticus 19:18
Paaneach Raza, Kedoshim 18	נחרפת לאיש, י"מ מוכנת לשון חריף להוצאה, וי"מ לשון זבולון עם חרף נפשו למות, וי"מ לשון מוקדמת כלשון חרפי ואפלי כמו בימי חורפי:	Leviticus 19:20
Paaneach Raza, Kedoshim 19	בקורת תהי' פירשו דונש לשון לא יבקר:	Leviticus 19:20
Paaneach Raza, Kedoshim 20	ונטעתם כל עץ מאכל וגו' סמך לבן חמש למקרא, כי הבנים נמשלו לעץ ופרי בכ"מ, והנה ג' שנים יהי' לכם ערלים שאין בו שום לימוד כבערלים, והרביעי יהי' כל פריו קודש הלולים, שמלמדין אותו ברכות ושבחות, תורה צוה ושמע ישראל וכיוצא, ובשנה החמישית תאכלו את פריו להוסיף לכם וגו', כלומר להוסיף עליו וללמדו תורה:	Leviticus 19:23
Paaneach Raza, Kedoshim 21	ונסלח לו מחטאתו וסמיך לי' וכי תבאו אל הארץ לומר כל הדר בארץ ישראל שרוי בלא עון:	NULL
Paaneach Raza, Kedoshim 22	אני ה' אלהיכם וסמיך לי' לא תאכל לומר קבלו מלכותי תחלה והדר תאכלו:	Leviticus 19:25-26
Paaneach Raza, Kedoshim 23	על הדם ולא תנחשו, שעל ההקזה עושין ניחושין:	NULL
Paaneach Raza, Kedoshim 24	לא תעוננו וסמיך לי' לא תקיפו מלמד שכל המספר קומי והמגדל בלורית ה"ז מדרכי האמורי המעוננים והמנחשים:	Leviticus 19:26
Paaneach Raza, Kedoshim 25	לא תקיפו וגו' וסמיך לי' ושרט לנפש לומר כמו שיש חמש פאות שחייבין עליהם כך חייב על שריטת ה' אצבעות:	Leviticus 19:27
Paaneach Raza, Kedoshim 26	את שבתותי תשמורו וסמיך לי' אל תפנו אל האובות, זהו עדות שאין בעלת אוב יכולה להעלות אוב בשבת:	Leviticus 19:30
Paaneach Raza, Kedoshim 27	אל האובות וסמיך לי' והדרת פני זקן, רמז שבעלת אוב העלתה שמואל הנביא דכתיב בי' הנה איש זקן עולה:	NULL
Paaneach Raza, Kedoshim 28	מפני שיבה תקום, שיב"ה בגימט' אברה"ם אבינ"ו לומר שבפני זקן בעל תורה ומעשים יש קימה והידור לא לזקן אשמאי:	Leviticus 19:32
Paaneach Raza, Kedoshim 29	ושמרתם את כל חקותי וגו' כי יתן מזרעו למולך וגו', סמך אלה המקראות לאזהרת מדות ומשקולות, לומר שקשה עונשן של מדות כעובר על כל החקים ומעביר זרעו למולך:	NULL
Paaneach Raza, Kedoshim 30	מזרעו נתן למולך למען טמא את מקדשי מה ענין זה לזה, אלא העובד ע"ז הוא כאלו המקדש אינו טהור (כי האדם ראוי להיות הוא המקדש ומשכן כבודו ית' כענין ושכנתי בתוכם והוא הוא שמצאו חז"ל לדרוש ממקדשי ממקודשי:	NULL
Paaneach Raza, Kedoshim 31	אשר ישכב את כלתו וגו' כתיב בה תבל ולעיל באחרי מות כתיב ג"כ תבל בבהמה, מפני שבא להרהר ולעבור מכח תבל ושיקוץ, שבהיות תשמישן בביתו הוא מסתכל או מהרהר, וא"כ מתבל ותיעוב אחר הוא בא לידי עבירה זו:	NULL
Paaneach Raza, Kedoshim 32	ולא תשקצו את נפשותיכם וגו' ובכל אשר תרמוש וגו', אצל אכל צרעה לוקה ו' פירש"י דאינו לוקה משום לא תשקצו דהכא, מפני דכאן כתיב ובכל אשר תרמוש וגו' וכל לשון שרץ ורמש מיירי בקטנים שרוחשין על הארץ ואינן נראין מפני קוטנם אבל לא מיירי בגדולים, וקשה דבפ' ד' מיתות אמרינן ובכל החי' הרומשת זו נחש הרי לך שיפול לשון רמישה אף בגדולים כנחש רק שהן נמוכין ושורצין כהולך על גחון הזה, ותירץ הר"י מאורליינ"ש דהאי קרא דהכא מיירי דוקא בח' שרצים שהרי כתיב בסיפיה אשר הבדלתי לכם לטמא דמיירי דוקא במובדלין מאחרים שבאלו מטמאין במותם לכן לא לקי עליה בצרעה:	Leviticus 19:33-34
Paaneach Raza, Emor 1	@ויקרא פרשת אמור	NULL
Paaneach Raza, Emor 2	ובעזר נפשות חסידיו ישמור, נתחיל סדר אמור:	NULL
Paaneach Raza, Emor 3	אמור אל הכהנים וגו', סמוך לי' לעיל כי יהי' בהם אוב וידעוני לומר שלא יטמאו הכהנים למת כבעלי אוב וידעוני, פן יבאו גם הם לידי כך, ד"א דמיהם בם אמור אל הכהנים וגו' לומר שכהן ששימש בטומאה אחיו הכהנים מוציאין אותו ופוצעין את מוחו בגזרין:	Leviticus 21:1
Paaneach Raza, Emor 4	אמור וגו' ואמרת וגו' אמירה אחת שלא לטמא למת, והשניה שיטמא למת מצוה, פי' ר"י מאורליינ"ש, דמה שפירש"י להזהיר גדולים על הקטנים היינו שלא להכניס קטן לבית הקברות אבל אם נכנס מאליו לא שהרי קטן אוכל נבילות אין ב"ד מצווין להפרישו:	Leviticus 21:1
Paaneach Raza, Emor 5	בני אהרן, פירש"י מתוך הספרי אף בעלי מומין במשמע, והתם בת"כ בעי למילף אף חללים מק"ו מבעלי מומין, והקשה הר"י מאורליינ"ש הא בת"כ גופי' בפ' ויקרא אמרו בני אהרן ולא בעלי מומין מה אהרן כשר אף בניו כשרים (וי"ל דשאני התם דכתיב בכ"מ בני אהרן הכהנים, דכיון דכתיב הכהנים לבסוף מלמד שהיו כהנים גמורים שהכל הולך אחר החיתום שיחתום ויסיים הדבר במלת הכהנים, כלומר שמכל פנים יהיו כהנים, ועוד כתיב שם במקום אחד אהרן ובניו, ופשיטא שירצה הכתוב בניו בשוה לו, אבל הכא דכתיב הכהנים תחלה והדר כתיב בני אהרן משמע שמצד מה יהיו כהנים, דהיינו ולא חללים, ומצד מה אף בני אהרן בעלמא דהיינו אף בעלי מומין, ואין שייך להקשות מה ראית דהנח לי' לקרא ומוקים אנפשי', דמוקמינן לי' במה דמסתבר ומזה תבין ותעמוד על דברי רש"י איך ילמוד מזה ג' דברים, דהיינו למעט חללים ולרבות בעלי מומין ולחזור ולמעט בנות אהרן, אלא דמהכהנים עכ"פ אימעוט חללים שאינם כהנים כלל, ומדהפך לומר הכהנים תחלה ובני אהרן לבסוף בא לחתום בבני אהרן בעלמא וכל דהו דהיינו לרבות בעלי מומין, ומדכתיב בני דוקא ולא זרע וכיוצא, אימעוט בנות אהרן):	Leviticus 21:1
Paaneach Raza, Emor 6	אמור אל הכהנים, במדרש אמור וכן יסד הפייט בדבור אמור שינה עוז פניו, פי' שכשאמר הקב"ה למשה לא יטמא תמה ונחרד למאוד לומר אם יטמא במאי יטהר עד שאמר לו פרשת פרה, והקשה מהר"ר חיים הלא במרה נאמרה לו פרה אדומה כדכתיב שם שם לו חוק ומשפט ואמרינן חוק זה פרה אדומה, וא"כ אח"כ כשנאמר לו האי אמור וגו' איך תמה ושינה עוז פניו, ואף למדרש תנחומא דאמר כ"מ שנאמר אמור ואמרת במרה נאמר, והמופת כי אמור הוא בגימ' במרה, מ"מ שניהם נאמרו לו שם, ומסתמא היתה פרשת פרה תחלה כמו שנזכר חוק תחלה בפסוק וי"ל דכל פרטיה והיאך מזין לא נאמר לו שם, מרבי:	NULL
Paaneach Raza, Emor 7	לנפש לא יטמא למי שי"ל השארת נפש אחר מיתה לא יטמא, בעמיו, פי' הג"ן לפי הפשט אפי' בעמיו אחר מיתתו כ"ש לעכו"ם, ובעמיו דהיינו לקרוביו וכ"ש לאחרים:	Leviticus 21:4
Paaneach Raza, Emor 8	לא יטמא בעל בעמיו, זה כהן גדול שלקדושתו וגדולתו קורהו בעל, הר"ר בכור שור:	Leviticus 21:4
Paaneach Raza, Emor 9	והוא אשה בבתוליה וגו' רמז לו לבן י"ח לחופה כמנין והו"א, וזהו והו"א כחתן יוצא מחופתו:	Leviticus 21:13
Paaneach Raza, Emor 10	בבתולי"ה, אותיות ב"י הם יתרים דהי' יכול לכתוב אשה בתולה, אלא להורות שעד י"ב שנים היא בתולה אח"כ נקראת בוגרת שנושרין קצי בתוליה (ואולי כתב כן לומר בבתוליה שישאנה דוקא בהיותה בתולה שיהי' רושם בבתולים ויהי' לה כל בתולים, לאפוקי תוך י"ג שנים ויום א' או לאחר שבגרה דלא):	NULL
Paaneach Raza, Emor 11	אלמנה וגו', תימה למה נאסרה לו הרי אין בה פסול כהנך דחשיב בהדה, ולא דמיא (וי"ל שהטעם פשוט כיון שנתלכלכה בבעילת הדיוט וסריחת זרע הבלתי קדוש וטהור והוי נמי כפסול לו כאלו הי' מחלל זרעו זרע קודש לערבבו בזרע חול):	Leviticus 22:13
Paaneach Raza, Emor 12	נבילה וטריפה לא יאכל לטמאה בנבילת עוף טהור ובבשר קדשים שיצא חוץ למחיצתו קא מזהר, דסד"א הואיל והותרה מליקה ה"נ הותרה לו גם נבילה וטריפה שהוא בשר שיצא חוץ למחיצתו כדדרשינן מובשר בשדה טריפה וכו', מהר"ר חיים:	NULL
Paaneach Raza, Emor 13	ולא יחללו את קדשי בני ישראל וגו' והשיאו אותם עון אשמה וגו' פי' כי בחלל הכהנים את קדשי ב"י לאכלן בטומאה ישיאו את ב"י עון אשמה, וישאו לא נאמר אלא והשיאו לאחרים (ודוק באונקלוס שגם דעתו כן הוא):	Leviticus 22:15
Paaneach Raza, Emor 14	ומיום השמיני והלאה וגו' פירוש לילה לקדושה להקדישו ויום להרצאה, ואל יקשה לך הא אמרינן בזבחים כל הקרב ביום קדוש ביום וכו', דההוא דוקא לענין כלי שרת נאמר, מרבי:	Leviticus 22:27
Paaneach Raza, Emor 15	אני ה' מקדשכם וגו' סמוך לי' פרשת המועדות לומר שחייב אדם לקדש עצמו ברגל:	Leviticus 22:32-33
Paaneach Raza, Emor 16	אלה הם מועדי ששת ימים וגו' ללמד שכל המחלל את המועדות כאלו מחלל שבת:	Leviticus 23:2-3
Paaneach Raza, Emor 17	מועדי מלא בוי"ו, לרמז על ו' חדשים שלוחים יוצאים כדאיתא בר"ה לצורך ידיעת קביעת המועדות:	Leviticus 23:21
Paaneach Raza, Emor 18	עד ממחרת השבת תספרו חמשים יום וקשה הלא אין סופרים כי אם מ"ט יום כדכתיב וספרתם וגו' שבע שבתות תמימות וגו', וי"ל דה"פ עד ממחרת השבת השביעית שהוא שבועות שהוא יום החמשים תספרו אבל לא עד בכלל ורבינו שמואל אביו של ר"י פי' עד ממחרת וגו' תספרו וכאן הענין נפסק, ואח"כ למלתא באפי נפשי' קאמר חמשים יום והקרבתם וגו', שביום החמשים יקריבו מנחה חדשה (ול"נ דה"ק תספרו חמשים יום, כלומר תכלית ומכוון הספירה של מ"ט יום שציויתי לכם הוא ליום חמשים, שתהיו מצפים ומקוים ליום הקדוש וקניית המדרגה העליונה לכן תספרו אליו ולא שיספרו גם היום ההוא רק שיכונו המספר של מ"ט עד הנ' הקדוש לה' ולתכליתו), ולפי שבימים ההם רגילין להיות בשדה בטרדת הקציר וכיוצא ואולי לא ידעו קביעות ר"ח אייר וסיון אשר מתוכם ידעו יום חג השבועות לכן ציוה כאן לספור יותר מכל המועדים, ולכך קורין אז רות שענינו בהכי, אבל עיקר הטעם שקורין אותו הוא שיש בו ענין החסד והתורה שנתנה ביום זה היא כולה גמילות חסדים:	NULL
Paaneach Raza, Emor 19	אך בעשור לחודש וגו' אך מיעוטא הוא למעט י"כ מענין שאר כל המועדות שכולם לאכול ולשתות ולשמוח בתענוגים וזה הוא לעינוי:	Leviticus 23:27
Paaneach Raza, Emor 20	אך בחמשה עשר יום באספכם וגו', אייתר זה לומר שחג הזה אמעוט בדין שאר המועדים כי בזה יש לשמוח הרבה ביותר כי כבר נמחלו לו העונות ונאספה ג"כ כל התבואות, זהו באספכם וגו' לא כפסח שעדיין התבואה על השדה לכן כתיב בי' ופנית בבוקר והלכת וגו' שא"י להתמהמה ולעכב שם, ועצרת אינו אלא יום א', גם צריך ללקט אז פירות אילן, אבל בזה כבר הכל נעשה ופנויים אתם לשמוח, וז"ש ג"כ והיית אך שמח (ועי"ל אך בלשון גניחה וצער כענין שדרשו וישאר אך נח שהי' גונח ממה שהכישו הארי כך כאן מפני שהכל פונים מן השדה וכו' כלומר שאע"פ שאתה גנוח ומצטער בדבר שקשה עליך לצאת מהבית לסוכה בזמן גשמים מ"מ צא בגיני, ועוד למעט שאין רגל זה כי אם עד א"ך יום לחודש הוא הושענה רבה וכמאמרם במדרש שאמר הקב"ה לאברהם אבינו וכו', ולומר דשמיני הוא רגל לעצמו, וזהו אך וגו' תחוגו ז' ימים. שאם תחוגו עוד יום א' כאשר מבאר קרא והולך מ"מ היום ההוא בפני עצמו הוא):	Leviticus 23:34
Paaneach Raza, Emor 21	פר"י ע"ץ הד"ר בגימט' אתרוגי"ם:	Leviticus 23:40
Paaneach Raza, Emor 22	כפת תמרים, כפת חסר כתיב, לומר שיהי' לולב א' שבזה הכל מודים שיש אם למסורת (והטעם כי ידוע שמה שנקרא כפות לדרוש כפיפת הלב, וא"כ מזה עצמו יוודע שיהי' אחד, כדאמרינן כפוף לב אחד כענין מאמר בני יעקב שמע ישראל ה' אלהינו ה' אחד כשם שבלבך וכו'), ראש וסוף התורה הם ב' ל', ושל נביאים הם ו' ל', הרי אותיות לול"ב, לומר שהמקיים מצות לולב כאלו קיים כל התורה ונביאים (ובאו האותיות בהפך למפרע לומר שבזה יהפך לבו להיות א' לשמים, כי במנהגו וטבעו אינו כן כי יצר לב האדם רע וגו' וצריך ג"כ להפכו ליקח לב בשר תחת לב האבן):	Leviticus 23:40
Paaneach Raza, Emor 23	כל האזרח, אלו בעלי בית שנקראים כן דאלו לגר א"צ להזהיר לישב בסוכה דכל יומא נמי אין לו בית האזרח בה"י להוציא את הנשים:	NULL
Paaneach Raza, Emor 24	כי בסוכות הושבתי וגו' בדרך פשוט היכן מצינו שהושיבם הקב"ה בסוכות הוא שנאמר ויסעו ב"י מרעמסס סכותה שבנס נשאם על כנפי נשרים ביום א' מהלך ג' ימים עד סוכות, זהו למען ידעו דורותיכם שצריך לזכור הנס, הר"ר יוסף בן קמחי, מצאתי:	Leviticus 23:43
Paaneach Raza, Emor 25	ויקחו אליך שמן וגו', סמך זה למועדות וגו' שמצוה מן המובחר להדלקת שבתות וי"ט בשמן זית:	Leviticus 24:2
Paaneach Raza, Emor 26	יערך את הנרות רמז לב' נרות ערוכים על השלחן לחובה חוץ משבחדר משכבו שנאמר ביום השבת ביום השבת יערכנו לשון יחיד, וכן כתיב מתחלה להעלות נר תמיד לשון יחיד על הנר שבבית משום שלום בית, ואלו יערך את הנרות לשון רבים על שתי נרות שעל שלחנו, לכן כתיב בזה לפני ה' שאם נזהר בהם ובקדוש היום ועונג הרי כאלו יושב לפני הש"י כדכתיב אז תתענג על ה':	Leviticus 24:3
Paaneach Raza, Emor 27	בתוך ב"י מלמד שנתגייר וקשה מאי אצטריך הלא הי' בן אשה ישראלית וקי"ל בן בתך קרוי בנך וי"ל דהרי נולד קודם מתן תורה והי' א"כ עדיין בן נח שהולכין הבנים אחר האב לכן צ"ל שנתגייר:	Leviticus 24:10
Paaneach Raza, Emor 28	ויצא, לשון מריבה ע"ד אל תצא לריב מהר:	Leviticus 24:10
Paaneach Raza, Emor 29	בן איש מצרי, פירש"י המצרי שהרג משה, וזה גרם לו לברך השם, שכשהי' מניץ ומריב עם איש ישראלי הי' הישראל אומר לו ממזר ובן מצרי היאך אתה מעיז פנים, והשיב לו ואבא היכן הוא, א"ל משה הרגו, וא"ל במה הרגו א"ל בשם, מיד בירך את השם, מרבי:	Leviticus 24:10-11
Paaneach Raza, Emor 30	בת דברי דברנית עם כל אדם:	NULL
Paaneach Raza, Emor 31	למטה דן, נכתב זה לומר שמתוך כך בא למריבה וכדאיתא בפסחים ההוא דאמר להו דונו וכו' בדקו אחריו ומצאו שמדן הי':	NULL
Paaneach Raza, Emor 32	וסמכו כל השומעים וגו' הקשה הג"ן בשם אביו מה נשתנית מיתה זו לסמיכה, ותירץ לפי שהעדים הוצרכו לשאול בשעת גמר דין אמור בפירוש מה שאמרת כדאיתא בסנהדרין והי' מפרש ואומר כו"כ בירכתי את השם:	NULL
Paaneach Raza, Emor 33	וסמכו השומעים ידיהם לומר כל מה שאנו חוטאי' בשמועה זו הרי בראשך הדבר תלוי שאתה גרמת:	NULL
Paaneach Raza, Emor 34	נסמכה פ' מקלל לבהר סיני, כי שם שמע את השם עד שידע לברכו:	NULL
Paaneach Raza, Emor 35	וירגמו אותו, סמיך לי' בהר סיני לומר שסקילה בדחייה, דילפינן מהר סיני דכתיב ירה יירה וגו':	Leviticus 24:23
Paaneach Raza, Behar 1	@ויקרא פרשת בהר	NULL
Paaneach Raza, Behar 2	ובעזר תחת רגליו כעצם השמים לטוהר, נתחיל סדר בהר:	NULL
Paaneach Raza, Behar 3	בהר סיני נסמכו גם אלו סדרות לתורת כהנים אע"פ שלא נאמרו באהל מועד, מפני שעד כאן איירי בקרבנות וטומאה וטהרה וכל דברים הנהוגים ושייכים בכהנים, והנה גם שמיטין ויובלות ושנים הכהנים מקדשין אותם, וכן חרמין וערכין והקדשות כולם שייכים בכהנים:	Leviticus 25:1-2
Paaneach Raza, Behar 4	פירש"י לפי שהשמטת קרקע לא נשנית בערבות מואב וכו', הקשה מהר"ר אברהם הרי נשנית דכתיב שמוט כל בעל משה ידו ואמרינן בשתי שמטות הכתוב מדבר קרקעות וכספים (וי"ל דלא אתא אלא מדרשא רחוקה וכ"ש שדקדוקיה ופרטיה עכ"פ לא נשנו):	NULL
Paaneach Raza, Behar 5	ואספת את תבואתה, וקשה איך יאמר על ענין הכרם ואספת את תבואתה שהרי כתיב שש שנים תזמור כרמך, וי"ל דמצינו כרם אקרי תבואה כדכתי' ותבואת כרם, מרבי:	Leviticus 25:3-4
Paaneach Raza, Behar 6	שש שנים תזרע שדך וגו' לשבח א"י ידבר שיכולים השדות להזרע ו' שנים רצופים:	NULL
Paaneach Raza, Behar 7	וספרת לך וגו' בב"ד הכתוב מדבר שראש ב"ד בעי לממני שני שמיטין ויובלות כדרך שסופרין הכל את העומר כך סופר הוא לבדו את זה לכן כתיב לשון יחיד ולא וספרתם לכם כהתם, ולכך אין אנו מברכים ע"ז על ספירתו כעל ספירת עומר דלא שייך וצונו כיון דעל ראש ב"ד מוטל, והקשה הג"ן לימני בלא ברכה (וי"ל דהתם כתיב וספרת לך וגו' והיו לך וגו', לך לך תרי זימני מיעט בהדיא את הצבור):	Leviticus 25:8
Paaneach Raza, Behar 8	שבע שנים שבע פעמים לאפוקי דלימני להו במספר א' מ"ט שנים:	Leviticus 25:8
Paaneach Raza, Behar 9	ואיש אל משפחתו תשובו פירש"י לרבות את הנרצע וקשה דמוקראתם דרור נפקא בין נרצע בין לא כלו לו שש כפירש"י עצמו בסמוך (וי"ל דהתם לענין קריאת דרור מלשעבד בו עוד, וכאן לשישוב למשפחתו לגמרי ואל ישעבד בו גם אחר, א"נ קריאת דרור הוא לאדוניו שישחררנו, וכאן [לומר] שאף אם יסרב הוא עוד מלצאת שאסור לו להחזיקו):	Leviticus 25:10-11
Paaneach Raza, Behar 10	וכי תמכרו ממכר וגו' אל תונו פי' לפי שאתם רואים שהשדה חוזרת ביובל פן יעלה על לבבכם להונות המוכר ביותר אפ"ה אל תונו, ואף שאפי' אם לא היתה חוזרת לא הייתם צריכים להחזיר אונאה שאין אונאה לקרקעות:	NULL
Paaneach Raza, Behar 11	ולא תונו איש" את" עמיתו" ויראת" ס"ת שתו"ת, מכאן אמרו פחות משתות נקנה מקח, שתות מחזיר אונאה יתר משתות בטל מקח, (ושתהי' אונאה שתות חוזרת זה הרגישו מדנסמך ליובל שהכל חוזר בו אף כאן השתות שרמזה תורה לענין חוזר רמזה וממילא דפחות משתות לא החזיר כלל דא"כ יודיענו רבותא טפי, ומכיון שבאו האותיות בס"ת דוקא מזה ידענו דיתר משתות בטל המקח לגמרי דרמזה תורה דאונאת שתות הרמוזה כאן להחזיר הוא סוף וקצה האחרון של דין זה שאין עוד אונאה אחרת חוזרת וממילא ביתר המקח בטל לגמרי לאפוקי דנימא ה"ה ביותר משתות סגי בחזרה והמקח קיים רק שהתורה הודיעה לנו רבותא טפי שאף בשתות עצמו יצטרך חזרה לכן באו אותיות שתות בס"ת):	Leviticus 25:17
Paaneach Raza, Behar 12	מה נאכל בשנה השביעית פי' בשנה השביעית קאי אלמטה ממנו, בשנה השביעית הן לא נזרע וגו' כלומר א"כ מה נאכל בשמינית כיון שלא נזרע בשביעית:	Leviticus 25:20
Paaneach Raza, Behar 13	ואכלתם מן התבואה ישן פי' של ששית, ולא מתוקמי קראי בשמיטה הסמוכה ליובל דא"כ איך יאמר וזרעתם את השנה השמינית הלא שמינית יובל הוא:	Leviticus 25:22
Paaneach Raza, Behar 14	ובכל ארץ אחוזתכם גאולה וגו' שאל תאמרו כיון שביובל חוזרת לא יהי' לו גאולה אחרת לכן הזהיר שבזולת זה יוכל לגואלה כמבאר והולך:	Leviticus 25:24
Paaneach Raza, Behar 15	ואשר יגאל מן הלוים, קרי לי' גאולה אף שבקנין ידבר מפני שללוים אין נחלה חלוטה מחלוקת הארץ כ"א מה שניתן להן מישראל, לכן הקונה מהם הוי כאלו גאלה, שהרי כבר היתה שלו:	Leviticus 25:33
Paaneach Raza, Behar 16	לעקר, שנעקר מארצכם להיות באחוזת עיר עכו"ם:	NULL
Paaneach Raza, Behar 17	ואבן משכית, יש מפרשים לשון סוכה ברוח הקודש דהיינו אבנים שיש בהם צורות באופן שסוכין ומסתכלין בהם ומכאן שאין עושין רצפה לפני ארון הקודש שנופלים שם לתחנון, מרבי:	Leviticus 26:1
Paaneach Raza, Bechukotai 1	@ויקרא פרשת בחקותי	NULL
Paaneach Raza, Bechukotai 2	אם בחקותי תלכו שתקיימו שמיטין ויובלות שחקקתי לכם ולא תפחדו ממה שלא תזרעו אזי ונתתי גשמיכם בעתם שלא ירדו רוב גשמים כשפירות הגן מבושלת ועומדת ליקצר כדי שלא ירקבו וילכו לאבוד, ושמיטין ויובלות הן הן הנקראים חקות כי הם נתנו חוק לארץ:	Leviticus 26:3
Paaneach Raza, Bechukotai 3	וישבתם לבטח בארצכם, פי' אחר שהבטיח על רוב תבואות אמר שאל תאמרו הלא כ"ז ללא יועיל דפן יאכלוהו זרים, כדכתיב והי' אם זרע ישראל ועלה מדין ועמלק וגו', לכן שייכה הבטחה זו עתה שהבטיח וישבתם לבטח בארצכם ואל תפחדו גם מזה:	Leviticus 26:5-6
Paaneach Raza, Bechukotai 4	ורדפו מכם חמשה מאה וגו', וקשה הרי אין החשבון מכוון, דלפירש"י קשה איך יצומצם ויכוון דוקא זכות רבים לחמשה פעמים בזכות מועטים, ועוד הרי מדה טובה מרובה ממדת פורעניות על חד ת"ק, והכא אף בשיעור האחרון הגדול דהיינו ומאה מכם וגו' צריך מ"מ מאה רודפים לרבבה ואלו בהאזינו במדת הפורענות כתיב ושנים ינוסו רבבה, ואף אם לא תרבה מדה טובה היאך יכוון חשבון האזינו עם האי דהכא, וי"ל דהתם כתיב ינוסו שיפילו אימה לברוח על רבבה שיברחו מעצמם מאימתם, אבל לא שיוכלו בעצם כחם לרדפם ולהרגם והכא לענין רדיפה והרג קאמר, ככתוב ונפלו אויביכם לפניכם לחרב, ומ"מ קשיא השוואת החשבונות כולם, וי"ל דהכא החשבון מכוון כי ומאה מכם קאי אחמשה שלפניו, שר"ל חמשה ירדפו מאה, מאה פעמים חמשה, כלומר ומאה חמשיות כאלה הנזכרים לפניו דהיינו חמש מאות, ירדפו רבבה, שיהי' א"כ לכ"א עשרים, ולענין חשבון דהאזינו לכוונו לכאן מבלי שיכוון האי דהכא, י"מ דגם התם ג"כ מיירי בישראל שירדפו לאומות, ומיירי הכל לענין ממונים ושרי החיל, דהיינו ורדפו מכם חמשה מאה, ר"ל חמשה שרי עשרות דהיינו שר חמשים א', הוא וחמשיו ירדפו מאה שרי עשרות מהאומות, דהיינו אלף מהם, והוא עצמו כמו בהאזינו איכה ירדוף א' אלף, שר"ל ג"כ בשר חמשים א', שהוא וחמשיו ירדפו אלף, שוב אומר כאן ומאה פרטיים מכם דהיינו שני שרי חמשים רבבה ירדופו, דהיינו כמו התם ושנים ינוסו רבבה, שר"ל ג"כ ושנים שרי חמשים שהם בין הכל מאה עם חייליהם, מצאתי:	Leviticus 26:8
Paaneach Raza, Bechukotai 5	(הנה גלוי ומפורסם שכתב זה בדרכים רחוקים, ואני פירשתי בימי חורפי לכוין האי דהכא בעצמו מהכרח הכתוב על נכון, אחר שנעורר עוד על דקדוקים אחרים שבפסוק ואפיל תחינתי לפני כל קורא דברי אלה ישים עיניו בפרטות על הפסוק בפנים ויתן לבו עליהם לעיין ולדקדק היטב בהם, והנה ראוי לדקדק בפסוק, דלא רישיה סיפיה ולא סיפיה רישיה, דברודפים הראשונים סמכן לנרדפים באמור חמשה מאה מוסמך בלי הפסק תיבה לומר ורדפו ה' מכם מאה, שהרי ה' הם גופי הרודפים, ומאה הם גופי הנרדפים וכתב מלת מכם תחלה כדי לסמכן, ובמנין הב' הפך לראש משפט הזה שהפסיק ביניהם במלת מכם לומר ומאה מכם רבבה וגו' והי"ל לתפוס סדר א' שוה לשניהם, או שיאמר ורדפו מכם חמשה מאה ומאה רבבה, או ומכם מאה רבבה ירדופו, שיהי' גם בחשבון הב' גופי רודפים ונרדפים סמוכים להדדי, או שיאמר ורדפו חמשה מכם ומאה מכם רבבה ירדופו להפריד גם בראשון. ועוד נשים לב אל כל מלת הרדיפה שחזר לומר ירדופו באחרונה שלא לצורך, ועוד שמתחיל בה תחלה, ומסיים בה באחרונה, שהי"ל גם בחשבון הב' להקדימה לומר ורדפו מאה מכם רבבה, או לפחות יאמר ומאה מכם ירדפו רבבה. אלא שבראשון לא רצה להפסיק במלת מכם, כדי להסב מספר חמשה אילך ואילך כאלו היתה כתובה כפולה, פעם על הרודפים ופעם על הנרדפי', והוא כאלו אמר ורדפו מכם חמשה חמשה מאה, דהיינו שירדף ג"כ כ"א מאה מהאומות, כבמנין הב' שאמר ומאה מכם רבבה ירדפו, שיבא לחלק כל רודף מאה נרדפים, ובחר הכתוב בקיצור המספיק להבין שמועתו, כי מובן הוא מטעמים הנזכרים, שלכן סמכן בראשון ובשני הפרידם כי שם לא יסוב מלת מאה על רבבה, לומר ומאה מכם מאה רבבה ירדופו רק רבוא א' ירדופו דהיינו מאה פעמים מאה, מאה לכל רודף, וטעמי הקריאה מסייעים לי אם תדקדק בהם, כי נגינתם ממשכת מלת חמשה ומלת מאה להדדי בדחיפה ומהירות שכמוה, והי' ראוי לחלק בנגינה שזה ידבר ברודפים וזה בנרדפים אלא כדי להמשיך מלת חמשה על הנרדפים ג"כ שגם בהם ידבר מספר חמשה כלומר חמש מאות, שעל הרודפים מובן פשוט הוא לגמרי מעצמו, ואל תקשה למה א"כ כפל דבר א' בשני מספרים, דאתא לאשמעינן ע"ד רש"י ז"ל בהפך, כלומר שעם היות הנרדפים כ"כ סך ומספר מופלג מאד ויותר גדול, דהיינו שהם יהיו רבבה, ואינו דומה כח רבים העוזרים ועומדים יחד בקשר א' אמיץ וחזק, אעפ"כ תנהוג בהם ברכה זו שכל רודף ירדוף כלפי ערך וחשבון נרדפים מועטים, ולכן באה שם מלת ירדופו לבסוף לעצמה, להפלגה, כאלו אמר תמיהה ונפלאה היא רדיפה זו, ועוד להורות שעם כל רבבה הנרדפים עומדים עליכם גם יחד ואיש את אחיו יעזורו בכל כח ואומץ לשלוט בכם. שזהו שצריך לסמוך רבבה למכם כלומר שכל הרבבה הם בכח א' וקישור אמיץ עליכם, לכן לא יתכן לכתוב כאן הרדיפה לא בתחלה ולא באמצע, לא באמצע כדי להחליט קשר וכח הנרדפים כולם יחד עליכם, ולא בתחלה, כדי להורות הפלגת ותמיהת הרדיפה, שלכן הפליגה והרחיקה לעצמה לבסוף כנזכר, ולכן ג"כ נכתבה כלל שנית מיותרה, ומה דנקט ברודפים דוקא אלו המספרים דהיינו בראשון חמשה ובשני מאה, הוא לטעמים נמרצים כתובים אצלנו בגליון הפסוקים האלה ולא נעמיס בהם הקורא במקום הזה, והא דפ' האזינו בודאי אין ראוי לכוין להאי דהכא דהתם באומות הרודפים מיירי בדרך צרה ותוכחה כפשטי' דקרא, ואין להקשות כנזכר דכ"ש, הלא מדה טובה מרובה וכו', דזה שייך דוקא מהקב"ה לישראל בינו לבינם בדבר העומד בעצמם, שלא מן האומות, כענין נוצר חסד לאלפים וכו', אבל מהאומות לישראל בודאי מפעולות התוכחה היא זו ועונינו הטו אלה שיוכלו לשלוט בנו יותר ויותר בהיות ידם תקיפה עלינו מאשר אנחנו בהם בתקיפת ידינו עליהם, והגע בעצמך כאשר עינינו רואות בכמה מעלות כפולות ומכופלות מצירים לנו ומתאכזרים ומתפעלים עלינו לכלותינו ח"ו בכל דור ודור ממה שנהגנו אנחנו בהם ביושבינו על אדמתניו בידינו תקיפה, שאין זה מצד כחם ויכולתם רק הקב"ה מכרנו, כמו קול נדף וכיוצא שלא נעשה בהם מעולם, והוא הדבר והוא הענין שהכתוב ההוא יפליג שם בעצמו התימה הזאת ויתרץ אותו באומרו איכה ירדוף וגו' כמתמי' וכאלו אמר וכי כך היא המדה, או וכי יתכן חשבון זה, שזהו עצמו אומרו לו חכמו ישכילו זאת, כלומר הלא זה חוץ להשגה כמי שירצה להשוות המדה, אלא שד"ז אינו לפי החשבון והמדה וזהו אם לא כי צורם מכרם וגו' כלומר שזאת הוא גזירה מלפניו ית' נמנעת מהשכלתינו וא"צ להיות כפי המדה כי אותנו מוכר ומסגיר לאומות בהפלא ופלא יורד פלאים ביום חרון אפו שיעשו המה בנו כרצונם ולא חמל וגו', ולא כן באומות להסגירם לנו כולי האי אף בשעת רחימותא עזיזא ועשותינו רצונו, ואין להרהר וכו'):	NULL
Paaneach Raza, Bechukotai 6	ואשבור מוטות עולכם ואולך אתכם קוממיות, שמכח העול ראשו כפוף א"כ אם נשבר העול נזקף הראש בקומה:	Leviticus 26:13
Paaneach Raza, Bechukotai 7	ואם לא תשמעו לי להיות עמלים בחקי ותורותי, לי, מה ת"ל לי אלא ר"ל במרד ובמעל, כמי שמכיר את רבו ומתכוין למרוד בו, מצאתי:	Leviticus 26:18
Paaneach Raza, Bechukotai 8	ואם" עד" אלה" וגו' ס"ת מדה לומר שמדה כנגד מדה לא בטלה (ולכן הוא רמוז בס"ת לומר דלא בטלה עד סוף האחרון וזיבולא בתרייתא):	Leviticus 26:18
Paaneach Raza, Bechukotai 9	שבע על חטאתיכם על שחטאתם בשביעיות של שמיטין ויובלות, והר"ר יו"ט פי' על שעבדתם ז' עבודה זרות כדכתיב ויעבדו את הבעלים ואת העשתרות וגו' ועל שלא השגחתם בז' גאולות הכתובים בשופטים הלא ממצרים ומן האמורי וגו' ואושיע אתכם מידם, וזהו ג"כ שבע כחטאתיכם הכתוב אח"כ (ועוד יש לפרש על שעברתם על ז' גופי עבירות אשר ז' מיני פורעניות באין עליהם ושהייתם נסתים ליצה"ר אשר לו ז' שמות ע"פ ז' סוגים שמתעה את האדם בהם אשר עי"כ אתם עושים לתהו ולריק יגיעתי בשבעת הימים של בריאה שבראתי בשבילכם:	Leviticus 26:18-19
Paaneach Raza, Bechukotai 10	ושברתי גאון עוזכם, היא טובת הארץ, ע"ד הכתוב הלא עון סדום אחותך גאון שבעת לחם, והוא שכתוב בצדו מיד ונתתי את שמיכם כברזל וגו', שמיכם כברזל וארצכם כנחושה, ובתוכחה דמשנה תורה כתיב איפכא, ליתן את של זה בזה:	Leviticus 26:19
Paaneach Raza, Bechukotai 11	והשיבו את לחמכם במשקל, דרך בעה"ב בשני שובע נותן לב"ב לשובע ובעין יפה, ובשני בצורת הופך מדותיו ונותן לחם במשקל ובעין רעה:	Leviticus 26:26
Paaneach Raza, Bechukotai 12	והשימותי את מקדשיכם, כאן לא אמר אני כבסמוך והשימותי אני את הארץ, מפני שבמקדש ליתרון קדושתו הקב"ה לא יסייע לשוממו רק שמשיב אחור ימינו, וכן הנה זה עומד אחר כתלנו בשב ואל תעשה ולמזיקין ניתן רשות:	Leviticus 26:31
Paaneach Raza, Bechukotai 13	וזכרתי את בריתי יעקוב וגו', ג' תיבות לפני כל אחד וכן באחרונה, וכן בפסוק ויאמר ה' אל השטן יגער ה' בך השטן ויגער ה' בך, לומר כי זכות האבות יעמוד לפני עצת השטן:	Leviticus 26:42
Paaneach Raza, Bechukotai 14	את בריתי יעקוב, מלא בוי"ו, ה' פעמים בא בתורה כך, וכנגדן ה' פעמים אלי' חסר וי"ו, מלמד שיעקב אבינו לקח הימנו אות ו' למשכון שיבשר את בניו, כדכתיב הנה אנכי שולח לכם את אליהו, ושם הוא מלא שאז יוחזר לו משכונו (ועוד נראה לומר כי בהיות יעקב בריח התיכון המבריח המרכבה מקצה אל קצה והי' המשכן אחד, הנה על ידו מתאחד הכל כל הבריחים שהם חמשה בין הכל, לכן ניתנה לו אות ו' שהוא בדמות קו ישר, ובריח ה' פעמים וכן הוא"ו הוא אות החיבור לחבר דבר אל דבר והי' אח"ד, ולכן במילוי זה הוא בגימט' אח"ד ומובנה במבטא שלה ג"כ על החבור והקשר כי וי"ו מלשון ווי העמודים כמו ווין המחוברים בחוברת ובלולאות וניתנה לו בפרט מאליהו שהוא מלאך הברית שמחבר כל המשכן שעלה במרכבת אש מדת יעקב איש תם שנולד מהול ונאמן בברית במטה שלימה, והדברים ברורים למבין, ועוד בדרך יותר נגלה, כי יעקב מסר נפשו על התורה שבכתב המחומשה, ועל שבעל פה המשושה בסדרים הממלאים בין שניהם את השם הנכבד בה"י ו"ו, ושהם הם הברית כדכתיב כי על פי הדברים האלה כרתי אתך וגו', והדבר ידוע, והנה יעקב מילא כריסו מהם בבית שם ועבר לכן באה לו ו' ה"פ למלאות שמו במילוי והשלמת השם להיותו מלא ו' ה', ונלקחה מאליה המקנא, כי קנאת ה' צבאות תעשה זאת למלאות שמו ולמען שמו במהרה בימינו יבא ויגאלנו, אמן):	NULL
Paaneach Raza, Bechukotai 15	אשר לא יקריבו ממנה פי' שנפל בה מום קבוע הרי זו נפדית, משא"כ בבעלת מום עובר שאם לא קריבה עתה תקריב לאחר זמן, לא נפדית, מהר"י אורליינש:	Leviticus 27:9
Paaneach Raza, Bechukotai 16	ואיש אשר יקדיש את ביתו פירש"י מה ביתו וכו' מכאן שאין אדם אוסר דבר שאינו שלו, וקשה אם יתן אדם חלב או שאר איסור בקדרה של חבירו ה"נ דלא ליתסר, וי"ל דדוקא גבי מחשבה הוא דאמרינן הכי, כגון שעושה בית חבירו ע"ז, אכן תימה היאך יכול לפגל בשל חבירו וי"ל דכיון שניתן ביד כהן הרי הוא כשלו, מרבי:	Leviticus 27:14
Paaneach Raza, Bechukotai 17	אשר ציוה ה' את משה אל בני ישראל וגו':	Leviticus 27:34
